<?xml version="1.0" encoding="UTF-8"?>

<!--© The Office of the High Commisioner for Human Rights-->

<udhr iso639-3="roh" xml:lang="rm-vallader" key="roh_vallader" n="Romansch (Vallader)" xmlns="http://www.unhchr.ch/udhr">
   <title>Decleraziun universala dals drets umans</title>
   <preamble>
      <title>Preambul da la decleraziun</title>
      <para>Considerond cha la recugnuschentscha da la dignità da tuot ils commembers da la famiglia umana e da lur drets eguals ed inalienabels fuorma il fundamaint da la libertà, da la güstia e da la pasch i’l muond;</para>
      <para>considerond cha la scugnuschentscha ed il spredsch dals drets umans han manà ad acts da barbaria chi offendan la conscienza da l’umanità e cha la creaziun d’ün muond, i’l qual ils umans han la libertà da discuorrer e da crajer, libers da terrur e miseria, es gnüda proclamada sco l’aspiraziun suprema da l’uman;</para>
      <para>considerond chi’d es essenzial da proteger ils drets umans cun ledschas, per cha l’uman nu saja sforzà d’applichar sco ultim mez la revolta cunter la tirannia e l’oppressiun;</para>
      <para>considerond chi’d es essenzial da promouver las relaziuns amicablas tanter las naziuns;</para>
      <para>considerond cha’ls pövels da las Naziuns Unidas han proclamà danouvmaing i’l statut lur cretta i’ls drets fundamentals da l’uman, illa dignità ed illa valur da la persuna umana, ill’egualità dals drets dad hom e duonna, e ch’els s’han declerats decis da promouver il progress social e d’instituir megldras cundiziuns da viver in üna libertà plü vasta;</para>
      <para>considerond cha’ls stadis commembers s’han obliats d’asgürar, in cooperaziun cull’Organisaziun da las Naziuns Unidas, il respet universal ed effectiv dals drets umans e da las libertads fundamentalas;</para>
      <para>considerond ch’üna concepziun cumünaivla da quists drets e da quistas libertads es d’importanza suprema per ademplir plainamaing quist ingaschamaint,</para>
      <para>proclamescha l’Assemblea generala la preschainta decleraziun universala dals drets umans sco ideal ch’id es da ragiundscher cumünaivelmaing da tuot ils pövels e da tuot las naziuns, per cha tuot ils umans e tuot ils organs da la società tegnan adüna preschainta quista decleraziun, ed as staintan da promouver ill’instrucziun ed ill’educaziun il respet da quists drets e da quistas libertads e da garantir a quels, cun masüras progressivas sün plan naziunal ed internaziunal, recugnuschentscha ed applicaziun universala ed effectiva, tant tanter las populaziuns dals stadis commembers svess sco tanter ils territoris suottamiss a lur giurisdicziun.</para>
   </preamble>
   <!--Libertà, egualità e fraternità-->
   <article number="1">
      <title>Art. 1:</title>
      <para>Tuot ils umans naschan libers ed eguals in dignità ed in drets. Els sun dotats cun radschun e conscienza e dessan agir ün invers l’oter in ün spiert da fraternità.</para>
   </article>
   <article number="2">
      <title>Art. 2:</title>
      <para>Mincha persuna po far valair tuot ils drets e tuot las libertads proclamats illa Decleraziun preschainta sainza distincziun, particularmaing da razza, da culur, da gener, da religiun, d’opiniun politica o otra, d’origin naziunal o social, da possess, da naschentscha o d’otras circunstanzas.</para>
      <para>Plünavant nu vain fatta ingüna disctincziun fundada sül status politic, giuridic o internaziunal dals pajais o dal territori, dal qual deriva üna persuna, cha quist pajais o territori saja independent, suot tutela, na-autonom opür suottamiss ad ün’otra limitaziun da la suveranità.</para>
      <para></para>
  </article>
   <article number="3">
      <title>Art. 3:</title>
      <para>Mincha uman ha il dret da vita, da libertà e da sgürezza da la persuna.</para>
   </article>
   <article number="4">
      <title>Art. 4:</title>
      <para>Ingün nu das-cha gnir tgnü in sclavaria o in servitüd, la sclavaria ed il commerzi da sclavs sun scumandats in tuot lur fuormas.</para>
   </article>
   <article number="5">
      <title>Art. 5:</title>
      <para>Ingün nu das-cha gnir suottamiss a la tortura, ne a painas, ne a trattamaints crudels, inumans o degradants.</para>
   </article>
   <article number="6">
      <title>Art. 6:</title>
      <para>Mincha uman ha il dret da gnir recugnuschü dapertuot sco persunalità giuridica.</para>
   </article>
   <article number="7">
      <title>Art. 7:</title>
      <para>Tuot ils umans sun eguals davant la ledscha ed han sainza distincziun il dret da protecziun eguala cunter tuotta discriminaziun chi violess la Decleraziun preschainta e cunter tuotta provocaziun e d’üna tala discriminaziun.</para>
   </article>
   <article number="8">
      <title>Art. 8:</title>
      <para>Mincha persuna ha il dret da protecziun legala davant las giurisdicziuns naziunalas cumpetentas cunter acts chi violeschan ils drets fundamentals garantits illa constituziun o illa ledscha.</para>
   </article>
   <article number="9">
      <title>Art. 9:</title>
      <para>Ingün nu da-scha gnir arrestà, detegnü o exilià arbitrariamaing.</para>
   </article>
   <article number="10">
      <title>Art. 10:</title>
      <para>Mincha persuna ha il dret, in cumplaina egualità, cha seis cas gnia trattà güstamaing e publicamaing d’ün tribunal independent ed imparzial chi decida davart seis drets e seis obligs o davart la validità da tuotta achüsa penala drizzada cunter ella.</para>
   </article>
   <article number="11">
      <title>Art 11:</title>
      <orderedlist>
         <listitem>
            <para>Mincha persuna achüsada d’ün act punibel es innozainta fin al mumaint cha sia cuolpa es cumprovada legalmaing in ün process public, ingio cha tuot las garanzias necessarias per sia defaisa tilla sun gnüdas asgüradas.</para>
         </listitem>
         <listitem>
            <para>Ingün nu vain cundannà per acziuns o omissiuns chi nu valaivan al mumaint cha l’act punibel es gnü commiss.</para>
         </listitem>
      </orderedlist>
   </article>
   <article number="12">
      <title>Art. 12:</title>
      <para>Ingün nu das-cha dvantar l’object d’intervenziuns arbitrarias in sia vita privata, sia famiglia, seis domicil o sia correspondenza, ne d’attachas cunter sia onur e sia reputaziun. Mincha uman ha il dret da protecziun legala cunter talas intervernziuns o talas attachas.</para>
   </article>
   <!--Mobilità, naziunalità, famiglia, possess-->
   <article number="13">
      <title>Art. 13:</title>
      <orderedlist>
         <listitem>
            <para>Mincha persuna ha il dret da circular libramaing e da tscherner seis domicil a l’intern d’ün stadi.</para>
         </listitem>
         <listitem>
            <para>Mincha persuna ha il dret da bandunar mincha pajais, eir seis agen, e da tuornar in seis pajaias.</para>
         </listitem>
      </orderedlist>
   </article>
   <article number="14">
      <title>Art. 14:</title>
      <orderedlist>
         <listitem>
            <para>In cas da persecuziun ha mincha persuna il dret da tscherchar asil e da surgnir asil in oters pajais.</para>
         </listitem>
         <listitem>
            <para>Quist dret nu po gnir invochà in cas da persecuziun pervi da delicts na-politics o pervi d’acziuns chi cuntrafan a las miras ed als principis da las Naziuns Unidas.</para>
         </listitem>
      </orderedlist>
   </article>
   <article number="15">
      <title>Art. 15:</title>
      <orderedlist>
         <listitem>
            <para>Mincha uman ha il dret d’üna naziunalità.</para>
         </listitem>
         <listitem>
            <para>Ingün nu das-cha gnir privà arbitrariamaing da sia naziunalità o dal dret da müdar naziunalità.</para>
         </listitem>
      </orderedlist>
   </article>
   <article number="16">
      <title>Art 16:</title>
      <orderedlist>
         <listitem>
            <para>Hom e duonna cun età adequata han il dret da maridar e da fundar üna famiglia sainza restricziuns a reguard la razza, la naziunalità o la religiun. Els han ils medems drets a reguard il matrimoni, dürant il matrimoni e pro sia dissoluziun.</para>
         </listitem>
         <listitem>
            <para>Il matrimoni po gnir conclus unicamaing cun l’acconsientimaint liber e cumplain dals conjugals futurs.</para>
         </listitem>
         <listitem>
            <para>La famiglia es l’elemaint natüral e fundamental da la società e sto gnir protetta da la società e dal stadi.</para>
         </listitem>
      </orderedlist>
   </article>
   <article number="17">
      <title>Art. 17:</title>
      <orderedlist>
         <listitem>
            <para>Mincha persuna ha il dret d’avair üna proprietà aigna o cumünaivla cun oters.</para>
         </listitem>
         <listitem>
            <para>Ingün nu das-cha gnir privà arbitrariamaing da sia proprietà.</para>
         </listitem>
      </orderedlist>
   </article>
   <!--Libertà d‘impissamaints e d’opiniun-->
   <article number="18">
      <title>Art. 18:</title>
      <para>Mincha persuna ha, sco commembra da la società, il dret da sgürezza sociala; ella po prentender d’obtgnair ils drets economics, socials e culturals indispensabels per sia dignità e per il svilup liber da sia persunalità, quai tras sforzs interns dal stadi sco eir illa cooperaziun internaziunala, resguardolnd l’organisaziun e las resursas da mincha pajais.</para>
   </article>
   <article number="19">
      <title>Art. 19:</title>
      <para>Mincha persuna ha il dret e la libertà d’opiniun e d’expressiun, quai chi cumpiglia il dret da nu gnir molestà pervi da l’aigna oopiniun sco eir il dret da tscherchar, retschaiver, derasar, sainza resguardar cunfins, las infuormaziuns e las ideas cun tuot ils mezs d’expressiun.</para>
   </article>
   <article number="20">
      <title>Art. 20:</title>
      <orderedlist>
          <listitem>
            <para>Mincha persuna ha il dret da la libertà da reuniun e d’associaziun paschaivla.</para>
         </listitem>
         <listitem>
            <para>Ingün nu das-cha gnir oblià da far part d’ün’associaziun.</para>
         </listitem>
     </orderedlist>
   </article>
   <article number="21">
      <title>Art. 21:</title>
      <orderedlist>
         <listitem>
            <para>Mincha persuna ha il dret da partecipar al guvern da l’agen pajais, directamaing o cun l’intermediaziun da rapreschantants elets libramaing.</para>
         </listitem>
         <listitem>
            <para>Mincha persuna ha, a cundiziuns egualas, il dret d’access a las funcziuns publicas da seis agen pajais.</para>
         </listitem>
         <listitem>
            <para>La voluntà dal pövel es il fundamaint da l’autorità da las pussanzas publicas, quista vountà dess s’exprimer in elecziuns periodicas ed onestas cun dret d’elecziun general ed egual in votaziun secreta o tenor üna procedura equivalenta chi garantischa la libertà da vuschar.</para>
         </listitem>
      </orderedlist>
   </article>
   <!--Lavur, repos e protecziun-->
   <article number="22">
      <title>Art. 22:</title>
      <para>Mincha persuna ha sco commembra da la società il dret da sgürezza sociala; ella po pretender d’obtgnair ils drets economics, socials e culturals indispensabels per sia dignità e per il svilup liber da sia persunalità, quai tras sforzs interns dal stadi ed in cooperaziun internaziunala, resguardond l’organisaziun e las resursas da mincha pajais.</para>
   </article>
   <article number="23">
      <title>Art. 23:</title>
      <orderedlist>
         <listitem>
            <para>Mincha persuna ha il dret da lavur, da la libra tscherna da sia lavur, da cundziuns da lavur güstas e cunvgnaintas e da la protecziun cunter dischoccupaziun.</para>
         </listitem>
         <listitem>
            <para>Tuots han il dret, sainza discriminaziun, d’üna salari egual per lavur eguala.</para>
         </listitem>
         <listitem>
            <para>Chi chi lavura, ha il dret d’üna remuneraziun güsta e commensurada chi asgüra ad el ed a sai famiglia ün’existenza cuonfuorma a la dignità umana e chi vain cumplettada, scha necessari, cun oters mezs da protecziun sociala.</para>
         </listitem>
         <listitem>
            <para>Mincha persuna ha il dret da fundar sindicats insembel cun oters e da s’affiliar a sindicats per defender seis interess.</para>
         </listitem>
      </orderedlist>
   </article>
   <article number="24">
      <title>Art. 24:</title>
      <para>Mincha persuna ha il dret da repos, particularmaing d’üna limitaziun radschunaivla dal temp da lavur, e da vacanzas periodicas pajadas.</para>
   </article>
   <article number="25">
      <title>Art. 25:</title>
      <orderedlist>
         <listitem>
            <para>Mincha uman ha il dret d’ün standard da vita sufficziaint per asgürar la sandà ed il bainesser da sai svess e da sia famiglia. Quai pertocca particularmaing l’alimentaziun, la büschmainta, l’abitaziun, la chüra medicinala sco eir ils sevezzans socials necessaris. El ha il dret da sgürezza in cas da dischoccupaziun, da malatia, d’invalidità, da guaivdanza, da vegldüna o in oters cas da perdita da mezs subsistenzials tras circunstanzas independentas da sia voluntà.</para>
         </listitem>
         <listitem>
            <para>Mamma ed uffant han il dret d’agüd e d’assistenza speciala. Tuot ils uffants, ch’els sajan nats i’l matrimoni o dadour il matrimoni, giodan la medema protecziun sociala.</para>
         </listitem>
      </orderedlist>
   </article>
   <!--Dret d’instrucziun e dovairs invers la cumünanza-->
   <article number="26">
      <title>Art. 26:</title>
      <orderedlist>
         <listitem>
            <para>Mincha persuna ha il dret d’instrucziun. L’instrucziun sto esser gratuita, almain quai chi pertocca l’instrucziun elementara e fundamentala. L’instrucziun elementara es obligatorica. L’instrucziun tecnica e professiunala sto esser accessibla a tuots; l’access als stüdis superiurs sto esser liber a tuots in cumplaina egualità tenor lur merits.</para>
         </listitem>
         <listitem>
            <para>l’instrucziun sto avair in mira il svilup cumplain da la persunalità umana e rinforzar il respet dals drets umans e da las libertatds fundamentalas. Ella dess promover l’incletta, la toleranza e l’amicizia tanter tuot las naziuns e tuot las gruppas da razza o da religiun, sco eir sustgnair las activitads da las Naziuns Unidas a favur dal mantegnimaint da la pasch.</para>
         </listitem>
         <listitem>
            <para>Ils genituors han, cun priorità, il dret da tscherner il gener d’instrucziun per lur uffants.</para>
         </listitem>
      </orderedlist>
   </article>
   <article number="27">
      <title>Art. 27:</title>
      <orderedlist>
         <listitem>
            <para>Mincha uman ha il dret da tour part libramaing a la vita culturala da la cumünanza, da giodair las arts e da participar al progress scientific ed als benefizis chi resultan da quel.</para>
         </listitem>
         <listitem>
            <para>Mincha uman ha il dret da protecziun dals interess morals e materials derivants da tuotta producziun scientifica, litterara o artistica, da la quala el es l’autur.</para>
         </listitem>
      </orderedlist>
   </article>
   <article number="28">
      <title>Art. 28:</title>
      <para>Mincha persuna ha il dret chi regna i’l chomp internaziunal ün uorden, i’l qual ils drets e las libertads manzunadas illa preschainta Decleraziun possan ragiundscher ün effet cumplain.</para>
   </article>
   <article number="29">
      <title>Art. 29:</title>
      <orderedlist>
         <listitem>
            <para>Mincha uman ha dovairs invers la cumünanza, illa quala suletta es pussibel il svilup liber e cumplain da sia persunalità.</para>
         </listitem>
         <listitem>
            <para>Illa realisaziun dals dets e da las libertads es mincha uman suottamiss unicamaing a las limitas stabilitas tras la ledscha per sgürar la recugnuschentscha ed il respet dals drets e da las libertads dals oters e per satisfar a las exigenzas da la morala, da l’uorden public e dal bainesser general in üna società democratica.</para>
         </listitem>
         <listitem>
            <para>Quists drets e quistas libertads nu das-chan in ningün cas gnir realisats cunter las miras ed ils principis da las Naziuns Unidas.</para>
         </listitem>
      </orderedlist>
   </article>
   <article number="30">
      <title>Art. 30:</title>
      <para>Ingüna disposiziun da la preschainta Decleraziun nu das-cha gnir interpretada uschè ch’ün stadi, üna gruppa o üna persuna haja il dret da sviluppar ün’actività o d’accumplir ün act chi ha in mira la violaziun dals drets e da las libertads manzunats in quista Decleraziun.</para>
   </article>
</udhr>




