<?xml version="1.0" encoding="UTF-8"?>

<!--© The Office of the High Commisioner for Human Rights-->

<udhr iso639-3='sah' xml:lang='sah' key='sah' n='Yakut' xmlns="http://www.unhchr.ch/udhr">
   <title>Киһи быраабын уопсай Декларацията</title>
   <note>
     <para>Генеральнай Ассамблея 217 А (III) нүөмэрдээх резолюциятынан 1948 сыл олунньу 10 күнүгэр ылылынна.</para>
   </note>
   <preamble>
      <title>Преамбула</title>
      <para>Киһи аймах бэйэ суолтатын өйдөбулэ, тэҥ уонна быстыспат бырааба аан дойдуга көҥүл уонна кырдьык биир төрүтэ буоларын болҕомтоҕо ылан туран,</para>
      <para>киһи быраабын ахсарбат буолуу уонна сэнээһин түмүгэр дьон аймах суобаһын абардар варвардыы  быһыылар  тахсыбаттарынан,  тыл  уонна  санаа  көҥүлүгэр,  кыһалҕата,  куттала суох олоххо дьон дьулуһарын болҕомтоҕо ылан туран,</para>
      <para>киһи бырааба сокуон былааһынан харыстаныахтааҕын, киһи батталлаах былааһы утары өрө турууну бүтэһик ньыма курдук туһамматын туһугар,</para>
      <para>норуоттар икки ардыларыгар доҕордоһууну күүһүрдэр туһугар,</para>
      <para>Холбоһуктаах Нациялар норуоттара Устааптарыгар киһи сүрүн быраабыгар, киһи личность быһыытынан бэйэ суолтатыгар, эр киһи уонна дьахтар тэҥ буолууларыгар итэҕэйэллэрин бигэргэппитэрин, ол кэннэ социальнай прогресс өссө көҥүл олох усулуобуйалара тупсарын туһугар улэлэһэргэ быһаарыммыттарын болҕомтоҕо ылан туран, чилиэн быһыытанан киирбит судаарыстыбалар Холбоуктаах нациялар организацияларын кытары киһи быраабын уонна көҥүлүн тутуһуу туһугар ыкса улэлэһиэх буолан бигэ тыл биэрбиттэрин болҕомтоҕо ылан туран,</para>
      <para>ыйыллыбыт быраап уонна көҥүл диэн эйдэбуллэри дириҥник өйдөөһүн бу бэриллибит бигэ тыллары олоххо киллэриигэ улахан суолталааҕын болҕомтоҕо ылан туран.  Генеральнай Ассамблея,</para>
      <para>Киһи быраабын уопсай Декларациятын аан дойду норуоттара уонна судаарыстыбалара толоруох тустаах сыалларынан-соруктарынан биллэрэр, хас биирдии киһи уонна общество хас биирдии органа бу Декларацияны сырдатыы үөрэтии көмөтүнэн быраабы уонна көҥүлү убаастыылларын ситиһиэхтээх, национальнай уонна норуоттар икки ардыларынааҕы тэрээһиннэр көмөлөрүнэн Холбоһук иһигэр киирбит судаарыстыбалар истэригэр, маны таһынан, судаарыстыба сууттуур бырааптарын тарҕанар уобаластарыгар (юрисдикция) олорор норуоттарга киэҥник уонна көдьүүстээхтик тарҕанарын.</para>
   </preamble>
   <article number="1">
      <title>1 ыстатыйа</title>
      <para>Дьон барыта бэйэ суолтатыгар уонна быраабыгар тэҥ буолан төрүүллэр. Кинилэр бары өркөн өйдөөх, суобастаах буолан төрүүллэр, уонна бэйэ бэйэлэригэр тылга кииринигэс быһыылара доҕордоһуу тыыннаах буолуохтаах.</para>
   </article>
   <article number="2">
     <title>2 ыстатыйа</title>
      <para>Хас биирдии киһи, расатыттан, тириитин өҥуттэн, эр  киһититтэн-дьахтарыттан, саҥарар тылыттан, омугуттан, религиятыттан, политическай да ханнык да санаатыттан, национальнай эбэтэр социальнай төрүтүттэн, баайыттан- дьадаҥытыттан тутулуга суох бу Декларация биллэрэрин курдук бырааптаах уонна көҥүллээх.</para>
      <para>Маны таһынан дьону ханнык да дойдуга, ханнык да политическай, правовой эбэтэр норуоттар икки ардыларынааҕы статуһуттан сиэттэрэн араарыллыы суох буолуохтаах, бу дойду территорията төһө да тутулуга суох, эппиэккэ сылдьааччы, бэйэтэ саламмат биитэр суверенитет өттунэн хааччахтаах буолбутун да иһин.</para>
   </article>
   <article number="3">
      <title>3 ыстатыйа</title>
      <para>Хас биирдии киһи үчүгэй олоҕу олорор, көҥүллээх уонна тус тыыттыллыбат буолар бырааптаах. </para>
   </article>
   <article number="4">
      <title>4 ыстатыйа</title>
      <para>Ким даҕаны кулуттуур, бэйэтин бас билиммэт буолар турукка сылдьыа суохтаах: дьону кулут оҥостуу уонна дьону атыылааһын ханнык да көрүҥнэрэ бобуллар.</para>
   </article>
   <article number="5">
      <title>5 ыстатыйа</title>
      <para>Ким даҕаны киһи быһыытыттан тахсыбыт, киһи быһыытынан түһэрэр уонна бэйэ суолтатын суох оҥорор сордооһуҥҥа, накаастабылга, куһаҕан сыһыаҥҥа түбэһиэ суохтаах.</para>
   </article>
   <article number="6">
      <title>6 ыстатыйа</title>
      <para>Хас биирдии киһи, ханна да сырыттар, бэйэтин правосубъектнай быһыытынан ааҕынар бырааптаах.</para>
   </article>
   <article number="7">
      <title>7 ыстатыйа</title>
      <para>Дьон барыта сокуон иннигэр тэҥ бырааптаахтар уонна сокуон тэҥ көмүскэбилинэн туһанар бырааптаахтар.  Дьон барыта дьиҥнээх Декларацияны кэһэр араас дискриминацияттан көмүскэтэр уонна маннык сарбыйааһыҥҥа киксэрииттэн көмускэтэр бырааптаахтар.</para>
   </article>
   <article number="8">
      <title>8 ыстатыйа</title>
      <para>Хас биирдии киһи конституциянан, сокуонунан көрүллүбүт бэйэтин тус бырааптара кэһиллибит түгэнигэр, национальнай сууттар көмөлөрүнэн ол бырааптарын түргэнник уонна толору төннөрөр бырааптаах.</para>
   </article>
   <article number="9">
      <title>9 ыстатыйа</title>
      <para>Ханнык да киһини бэйэ талбытынан буруйа суох хаайыллыбат, көҥүлүн сарбыйыллыбат, үүрүллүбэт.</para>
   </article>
   <article number="10">
      <title>10 ыстатыйа</title>
      <para>Хас биирдии киһи, холуобунай буруйу оҥорбут диэн дьүүллэнэр буоллаҕына бэйэтин быраабын уонна эбээһинэһин быһаарынаары, маны таһынан киниэхэ тиксэриллибит холуобунай буруй төһө олохтооҕун быһаарар инниттэн, тэҥ бырааптааҕынан туһанан, кини дьыалатын тутулуга суох, кырдьык бары ирдэбиллэрин тутуһар суукка, аһаҕастык көрүллэрин ситиһэр бырааптаах.</para>
   </article>
   <article number="11">
      <title>11 ыстатыйа</title>
      <orderedlist>
         <listitem>
            <para>Хас биирдии буруйу оҥорууга уорбаланааччы киһи, көмүскэнэргэ кыах барыта бэриллэн туран ыытыллар суут кини буруйдааҕын дакаастыар дылы, буруйа суоҕунан ааҕынар бырааптаах.</para>
         </listitem>
         <listitem>
            <para>Ким даҕаны ханнык эбит дьайыыны оҥоруу, эбэтэр тугу да гынымыы иһин буруйга, буруйу оҥоруу кэмигэр национальнай сокуон биитэр аан дойдутааҕы быраап быһыытынан буруйу оҥорууннан ааҕыллыбат буоллахтарына, буруйдаммат.  Накаастабыл буруй оҥоһуллар кэмигэр туттулла сылдьыбыт накаастабылтан ыарахан буолуо суохтаах.</para>
         </listitem>
      </orderedlist>
   </article>
   <article number="12">
      <title>12 ыстатыйа</title>
      <para>Ким даҕаны ханнык да киһи тус олоҕор, дьиэ кэргэнигэр, кини олорор дьиэтин тыытыллыбат буолуутугар, кини суруйсуутун кистэлэҥэр буккуһуо, орооһуо суохтаах.  Кини чиэһигэр, аатыгар-суолугар апчарыйыа суохтаах.  Хас биирдии киһи итинник киһи олоҕор орооһортон сокуонунан көмускэтэр бырааптаах.</para>
   </article>
   <article number="13">
      <title>13 ыстатыйа</title>
      <orderedlist>
         <listitem>
            <para>Хас биирдии киһи хайа баҕарар судаарыстыба чэрчитигэр көҥүл айанныыр, ханнык баҕарар судаарыстыбаҕа олорор сирин бэйэтэ талынар бырааптаах.</para>
         </listitem>
         <listitem>
            <para>Хас биирдии киһи хайа баҕарар судаарыстыбаттан, ол иһигэр бэйэтин төрөөбут дойдутуттан, көһөн барар уонна төннөн кэлэр бырааптаах.</para>
         </listitem>
      </orderedlist>
   </article>
   <article number="14">
      <title>14 ыстатыйа</title>
      <orderedlist>
         <listitem>
            <para>Хас биирдии киһи сойуолааһынтан куотунан атын дойдуларга хорҕойор сир көрдүүр уонна онно хорҕойор бырааптаах.</para>
         </listitem>
         <listitem>
            <para>Бу быраап, Холбоһуктаах нациялар организацияларын сыалларын уонна ылыммыт санааларын утарар дьин чахчы политикаҕа сыһыана суох буруйу оҥоруу түбэлтэтигэр туһаныллыбат.</para>
         </listitem>
      </orderedlist>
   </article>
   <article number="15">
      <title>15 ыстатыйа</title>
      <orderedlist>
         <listitem>
            <para>Хас биирдии киһи гражданство ылар бырааптаах.</para>
         </listitem>
         <listitem>
            <para>Ким даҕаны бэйэ көҥүлүнэн гражданствотыттан матыа суохтаах, эбэтэр бэйэтин гражданствотын уларытар быраабыттан матыа суохтаах.</para>
         </listitem>
      </orderedlist>
   </article>
   <article number="16">
      <title>16 ыстатыйа</title>
      <orderedlist>
         <listitem>
            <para>Сокуоннай саастарын сиппит эр дьон уонна дьахталлар, расаларыттан, омуктарыттан, итэҕэллэриттэн тутулуга суох эрдии -ойохтуу буолан ыал буолар бырааптаахтар.  Эрдии - ойохтуу буолалларыгар, эр-ойох буолан олорор кэмнэригэр уонна арахсар кэмнэригэр кэргэнниилэр тэн бырааптаахтар.</para>
         </listitem>
         <listitem>
            <para>Эрдии-ойохтуу буолуу дьайыыта икки өттуттэн күһэйиитэ суох сөбүлэҥ эрэ баар буоллаҕына буолар.</para>
         </listitem>
         <listitem>
            <para>Ыал диэн общество төрүт уонна сүрүн ячейката буолар, государство уонна общество харыстабылынан туһанар бырааптаах.</para>
         </listitem>
      </orderedlist>
   </article>
   <article number="17">
      <title>17 ыстатыйа</title>
      <orderedlist>
         <listitem>
            <para>Хас биирдии киһи баайын дуолун тус бэйэтэ бас билиэн эбэтэр атын дьону кытары тэҥҥэ бас билиэхтэрин сөп.</para>
         </listitem>
         <listitem>
            <para>Ким даҕаны бэйэтин баайыттан олоҕо суохтук матыа суохтаах.</para>
         </listitem>
      </orderedlist>
   </article>
   <article number="18">
      <title>18 ыстатыйа</title>
      <para>Хас биирдии киһи толкуйдуур, суобастанар, итэҕэллэнэр бырааптаах: бу быраап иһинэн киһи хаһан баҕарар бэйэтин итэҕэлин, санааларын уларытар манны таһынан бэйэтин итэҕэлин соҕотохтуу эбэтэр элбэх буолан сылдьан аһаҕастык, биитэр биирдиилээн үөрэтии, таҥара сулууспатын, религиознай уонна ритуальнай сиэри-туому тутуһуу нөҥүө тарҕатыан сөп.</para>
   </article>
   <article number="19">
      <title>19 ыстатыйа</title>
      <para>Хас биирдии киһи бэйэтэ итэҕэбил санаалаах буолар, уонна ол итэҕэбил санаатын этэр бырааптаах: бу быраап иһинэн киһи бэйэтин итэҕэбил санаатын мэһэйэ суохтук тутуһар уонна государство границатыттан тутулуга суох ханнык баҕарар ньыманнан информацияны көрдуур, ылар уонна тарҕатар бырааптаах.</para>
   </article>
   <article number="20">
      <title>20 ыстатыйа</title>
      <orderedlist>
         <listitem>
            <para>Хас биирдии киһи эйэлээх мунньахтарга уонна холбоһуктарга киирэр бырааптаах.</para>
         </listitem>
         <listitem>
            <para>Кими даҕаны күүс өттүнэн ханнык да ассоциацияҕа киллэриллибэт.</para>
         </listitem>
      </orderedlist>
   </article>
   <article number="21">
      <title>21 ыстатыйа</title>
      <orderedlist>
         <listitem>
            <para>Хас биирдии киһи бэйэтин дойдутун салайыытыгар быһаччы, эбэтэр көҥүллүк талыллыбыт дьон нөҥүө кыттыыны ылыан сөп.</para>
         </listitem>
         <listitem>
            <para>Хас биирдии киһи бэйэтин дойдутугар государственнай сулууспаҕа киирэр бырааптаах.</para>
         </listitem>
         <listitem>
            <para>Правительство былааһа норуот көрдөбүлүгэр олоҕуруохтаах; ол көрдөбул кэмтэн -кэмигэр ыытыллар, барыларыгар тэҥ уонна уопсай кистэлэҥ куоластааһын, эбэтэр онно тэҥ суолталаах, куоластааһын көҥүлүн хааччыйар көрүҥ көмөтүнэн чиэһинэй быыбардарга көрдөрүүнү булуохтаах.</para>
         </listitem>
      </orderedlist>
   </article>
   <article number="22">
      <title>22 ыстатыйа</title>
      <para>Хас биирдии киһи, общество чилиэнин быһыытынан социальнай харалтаны ылар бырааптаах.  Хас биирдии киһи, общество чилиэнин быһыытынан, кини бэйэ суолтатын сөпкө тутууга, кини тус бэйэтэ норуот күүһүнэн, норуоттар икки ардыларыгар баар сибээстэрин туһананан, экономическай, социальнай, культурнай уобаластарга сайдар бырааптаах.</para>
   </article>
   <article number="23">
      <title>23 ыстатыйа</title>
      <orderedlist>
         <listitem>
            <para>Хас биирдии киһи үлэлиир, көҥүллүк үлэни талар, үлэлииргэ үчүгэй усулуобуйалаах, уонна үлэтэ суох хаалартан харыстанар бырааптаах.</para>
         </listitem>
         <listitem>
            <para>Хас биирдии киһи, бырааба сарбыллыыта суох төһөну улэлээбитинэн хамнас ылыахтаахтэҥ.</para>
         </listitem>
         <listitem>
            <para>Хас биирдии үлэлиир киһи улэтигэр сөп тубэһиннэрэн эппиэттэһэр хамнастаныахтаах, хамнаһа киниэхэ бэйэтин тус наадатыгар уонна кини дьиэ кэргэнигэр тиийиэхтээх, тиийбэт буоллаҕына атын социальнай көмөнөн толоруллуохтаах.</para>
         </listitem>
         <listitem>
            <para>Хас биирдии киһи бэйэтин интэриэстэрин көмүскүүр профессиональнай түмсүүлэри (союз) тэрийэр, бэйэтин интэриэстэрин көмускээри, профессиональнай түмсүү чилиэнэ буолар бырааптаах.</para>
         </listitem>
      </orderedlist>
   </article>
   <article number="24">
      <title>24 ыстатыйа</title>
      <para>Хас биирдии киһи сынньанар, иллэҥ кэмин атаарар, үлэтин күнэ сөп уһуннаах буолуохтаах, кэмиттэн кэмигэр төлөнөр уоппуска ылар бырааптаах.</para>
   </article>
   <article number="25">
      <title>25 ыстатыйа</title>
      <orderedlist>
         <listitem>
            <para>Хас биирдии киһи бэйэтэ уонна кини дьиэ кэргэнэ доруобай уонна чөл буолалларын туһугар, аһыыр астаах, таҥнар таҥастаах, олорор дьиэлээх, кэмигэр оҥоһуллар медицинскэй уонна социальнай өҥөҕө, маны таһынан, кини улэтэ суох, эбэтэр босхоҥ (инвалид), огдообо буолар уонна кырдьар түгэннэригэр уонна киниттэн тутулуга суох түгэннэртэн сылтаан тугун барытын сүтэрэр түбэлтэтигэр, араас өҥө уонна көмө көрдүүр бырааптаах.</para>
         </listitem>
         <listitem>
            <para>Ийэ буолуу уонна саҥа төрөөһүн уһулуччу сыһыаны уонна көмөнү эрэйэллэр.  Дьиэ кэргэҥҥэ төрөөбүт уонна булумньу оҕолор биир тэҥ социальнай харалтанан туһанар бырааптаахтар.</para>
         </listitem>
      </orderedlist>
   </article>
   <article number="26">
      <title>26 ыстатыйа</title>
      <orderedlist>
         <listitem>
            <para>Хас биирдии киһи үөрэнэр бырааптаах.  Маҥнайгы уонна орто сүһүөх үөрэхтээһин төлөбүрэ суох буолуохтаах.  Маҥнайгы үөрэхтээһин булгуччулаах буолуохтаах.  Баҕалаах киһи барыта техническай уонна анал үөрэххэ үөрэниэхтэрин сөп, үрдүк үөрэх кыһатыгар баҕалаах киһи барыта кыаҕыттан көрөн үөрэниэхтээх.</para>
         </listitem>
         <listitem>
            <para>Үөрэхтээһин киһини личность быһыытынан сайыннарарга, киһи быраабын уонна көҥүлүн убаастыыры элбэтэргэ хайысхалаах буолуохтаах. Үөрэхтээһин норуоттар, расалар уонна религиознай холбоһуктар икки ардыларыгар өйдөһүүнү, тулуйумтуо буолууну, доҕордоһууну үксэтиэхтээх. Холбоһуктаах Нациялар организацияларын эйэни үксэтэр үлэлэригэр көмөлөһүөхтээх.</para>
         </listitem>
         <listitem>
            <para>Төрөппүттэр кыра саастаах оҕолоругар маҥнайгы үөрэх кыһатын талар бырааптаахтар.</para>
         </listitem>
      </orderedlist>
   </article>
   <article number="27">
      <title>27 ыстатыйа</title>
      <orderedlist>
         <listitem>
            <para>Хас биирдии киһи общество культурнай олоҕор көҥүллүк кыттар, искусствоттан дуоһуйар, научнай сайдыыга кыттар уонна ол сайдыыннан туһанар бырааптаах.</para>
         </listitem>
         <listitem>
            <para>Хас биирдии киһи бэйэтэ айбыт научнай, литературнай эбэтэр художественнай айымньыларын сиэр майгы уонна үп-харчы өттүнэн көмүскэтэр бырааптаах.</para>
         </listitem>
      </orderedlist>
   </article>
   <article number="28">
      <title>28 ыстатыйа</title>
      <para>Бу дьиҥнээх Декларацияҕа этиллибитин курдук, хас биирдии киһи бэйэтин бырааба уонна көҥүлэ бүттүүн олоххо киллэрэр социальнай бэрээдэктээх дойдуга олорор бырааптаах.</para>
   </article>
   <article number="29">
      <title>29 ыстатыйа</title>
      <orderedlist>
         <listitem>
            <para>Хас биирдии киһи общество ортотугар көҥүл уонна бүттүүн сайдар кыахтаах буоларын быһыытынан, общество иннигэр тус эбээһинэстээх.</para>
         </listitem>
         <listitem>
            <para>Хас биирдии киһи бэйэтин быраабын уонна көҥүлүн олохтооһунугар көрсөр хааччахтааһыннара, сокуон атын дьон быраабын уонна көҥүлүн, сигили (мораль) ирдэбиллэрин толорор инниттэн, уонна норуокка табыгастаах тутулу тутар туһуттан олохтообут бобуулартан атын буолуо суохтаах.</para>
         </listitem>
         <listitem>
            <para>Бу бырааптары уонна көҥүллэри олоххо киллэрии ханнык да тубэлтэҕэ Холбоһуктаах нациялар организацияларын сыалларыгар уонна ылыммыт санааларыгар утары утарсыа суохтаах.</para>
         </listitem>
      </orderedlist>
   </article>
   <article number="30">
      <title>30 ыстатыйа</title>
      <para>Дьиҥнээх Декларация ис хоһооно ханнык эмэ дойдуга, дьон түмсүүтүгэр эбэтэр кэккэ дьоннорго бу декларацияҕа суруллубут быраабы уонна көҥүлү суох оҥорорго көҥүлү биэрии курдук тойоннонуо суохтаах.</para>
   </article>
</udhr>

