<?xml version="1.0" encoding="UTF-8"?>

<!--© The Office of the High Commissioner for Human Rights-->

<udhr iso639-3='pbu' xml:lang='ps' key='pbu' n='Pashto, Northern' xmlns="http://www.unhchr.ch/udhr">
   <title>[??]</title>
   <article number="1">
      <title>[??]</title>
      <para>د بشر ټول افراد آزاد نړۍ ته راځی او د حيثيت او حقوقو له پلوه سره برابر دی. ټول د عقل او وجدان خاوندان دی او يو له بل سره د ورورۍ په روحيې سره بايد چلند کړی.</para>
</article>
</udhr>
