<?xml version="1.0" encoding="UTF-8"?>

<!--© The Office of the High Commisioner for Human Rights-->

<udhr iso639-3='alt' xml:lang='alt' key='alt' n='Altai, Southern' xmlns="http://www.unhchr.ch/udhr">
  <title>Кижиниҥ тап‐эриктериниҥ Текши  Декларациязы</title>
  <note>
    <para>Генеральный Ассамблея 1948 јылдыҥ јаҥар айыныҥ 10‐чы кӱнинде јараткан</para>
  </note>
  <preamble>
    <title>Јартамал</title>
    <para>Кижилик билезиниҥ  ончо турчыларыныҥ јарамыкту, јакшы јанын, онойдо ок теҥ‐тай ла туура салбас тап‐эриктерин ајаруга алганы олордыҥ јайымыныҥ, ак‐чегиниҥ ле текшилей амыр‐энчӱниҥ тӧзӧгӧзи болот; кижиниҥ тап‐эригин керекке албай, кыйа кӧргӧни шок‐табаруларга экелгенин ајаруга алып, оноҥ улам кижиликтиҥ агару кӱӱн‐табын ачындырат.  Улуста ачык сӧстиҥ  јайымы болотон ло једикпес‐тутактаҥ ла коркорынаҥ јайым јадынјӱрӱмди тӧзӧгӧни улустыҥ ичкери јӱткимели деп јарлалган; кижиниҥ тапэриги  јасактыҥ јаҥыла кыйалтазы јогынаҥ корулалары  ајаруга алылар учурлу. Чокымдап айтса, кижи кӧмӧ базышка удура туруп чыгарыныҥ эпаргазыла тузаланбазын; албатылар ортодогы најылык колбулардыҥ ӧзӱмин јӧмӧӧрин ајаруга алып; онойдо ок Бириктирилген Нациялардыҥ калыктары бойыныҥ Уставында кижиниҥ тӧс тап‐эригине  бӱдӱмјизин јӧмӧгӧнин ајаруга алып, ӱзеери кажы ла кижиниҥ кижилик кӱӱндӱ байлыгын ла эр ле эпши кижиниҥ  теҥ‐тай тап‐эриктӱ болорын ајаруга  алып, јайым айалгада социальный ичкери ӧзӱмди ле јадын‐јӱрӱмниҥ айалгазын оҥдолторын јӧмӧӧр деп шӱӱлтеге келген; турчы‐ороондор Бириктирилген Нациялардыҥ Организациязыла ӧмӧ‐јӧмӧ иштеери деп молјонгонын ајаруга алып, јӧмӧлтӧболуш ажыра текши тоомјыга ла кижиниҥ тап‐эриктерин ле тӧс јайымын буспас деп айдар керек; бу тап‐эриктердиҥ ле јайымныҥ  текши учурын оҥдоорын ајаруга алганы, бу молјуны јӱрӱмде толо бӱдӱреринде сӱрекей јаан учурлу болгонын база ајаруга алып, Генеральный Ассамблея кижиниҥ тапэриктериниҥ чындык Текши Декларациязын јӱрӱмге кийдиретен каруулу иш деп јарлап јат. Каруулу ишти бӱдӱрерге текши калыктар, ороондор јилбиркеп јӱткиир учурлу. Кажы ла кижи, онойдо ок обществоныҥ кажы ла органы чындык, јӱрӱмдик Декларацияны ајаруга алып, ӱредӱниҥ ле билгирдиҥ шылтузында бу тап‐эриктерди ле јайымды тоорына, јеткилдеерине болужып‐јӧмӧжӧрине  амадазын. Онойдо ок калыктар ла ороондор ортодо иш ажыра  озочыл амадулу, текшилей јарамыкту једимге једер. Ол каруулу ишти Бириктирилген Нациялардыҥ Организациязыныҥ турчы‐ороондорыныҥ калыктары ортодо, онойдо ок олордыҥ юрисдикциязындагы јерлердеги јуртап јаткан калыктары ортодо текшилей  тооп, јӱрӱмде кийдирерин јеткилдеер.</para>
   </preamble>
   <article number="1">
      <title>1‐кы тизим</title>
      <para>Ончо улус ак‐јарыкка јайым ла теҥ‐тай тап‐эриктӱ туулат. Олор санааукаалу ла чек кӱӱн‐тапту болуп бӱткен ле бой‐бойын карындаш кирези кӧрӧр лӧ јӱрер учурлу.</para>
   </article>
   <article number="2">
      <title>2‐чи тизим</title>
      <para>Кажы ла кижиде чындык Декларацияла јарадылган ончо тап‐эриктер ле јайым болор учурлу. Мында угы, бӱдӱминиҥ ӧҥи, бӱдӱми, тили, јаҥдаган јаҥы, политикалык эмезе ӧскӧ кӧрӱми, угы‐тӧзи, социальный айалгазы, аргазы аайынча бир де  аҥылаш‐ылгамал јок болор учурлу.</para>
      <para>Ого ӱзеери кижиниҥ јуртап јаткан јеринеҥ камааны јогынаҥ политикалык тап‐эрик аайынча эмезе калыктар ортодогы учуры аайынча бир де аҥыланыш‐башкаланыш болбос учурлу. Кижиниҥ јаткан јери кемнеҥ де камаанду, кемниҥ де корулында, бойын бойы башкарынбай да турган болзо эмезе бойыныҥ (јеринде)  суверенитединде кандый бир тудулу да болгонынаҥ камаанду болбос учурлу.</para>
   </article>
   <article number="3">
      <title>3‐чи тизим</title>
      <para>Кажы ла кижи јадын‐јӱрӱмге, јайымга ла таҥынаҥ бойына тийерге јарабас тап‐эриктӱ.</para>
   </article>
   <article number="4">
      <title>4‐чи тизим</title>
      <para>Кем де јалчы эмезе албанду базынчык айалгада болбос учурлу; јалчыларды садарыныҥ эмезе јалчыланарыныҥ, базынарыныҥ ончо бӱдӱми јарадылбай јат.</para>
   </article>
   <article number="5">
      <title>5‐чи тизим</title>
      <para>Кем де кандый да кыйынга эмезе оныҥ учурын, тоомјызын тӱжӱрип турган кижи  кӱӱни јок базынышка алдыртпас учурлу.</para>
   </article>
   <article number="6">
      <title>6‐чы тизим</title>
      <para>Кажы ла кижи, кайда да јӱрзе, оныҥ правосубъектозын тоорына тап‐эриктӱ.</para>
   </article>
   <article number="7">
      <title>7‐чи тизим</title>
      <para>Ончо улус јасактыҥ  алдында теп‐теҥ, кандый ла ылгаш јогынаҥ јасактыҥ теҥ‐тай корулына тап‐эриктӱ. Ончо улус чындык Декларацияны бузуп турган кыйыкташтаҥ теҥ‐тай корулга тап‐эриктӱ. Онойдо ок ондый кыйыкташка  тектериштеҥ база тап‐эриктӱ.</para>
   </article>
   <article number="8">
      <title>8‐чи тизим</title>
      <para>Кажы ла кижи ого Конституцияла эмезе јасакла берилген тӧс тап‐эриктери бузулган тужында ийделӱ, тоомјылу эл јаргыларда  тап‐эриктерин једимдӱ орныктырарга тап‐эриктӱ.</para>
   </article>
   <article number="9">
      <title>9‐чы тизим</title>
      <para>Кемди де тууразынаҥ олјолоорго, тударга эмезе сӱрерге јарабас.</para>
   </article>
   <article number="10">
      <title>10‐чы тизим</title>
      <para>Кажы ла кижи оныҥ тап‐эриктерин ле молјуларын чокымдаарга, онойдо ок ого эдилген уголовный бурулаштыҥ тӧзӧгӧзин чокымдаарга толо теҥ‐тайга тайанып, оныҥ кереги ачык‐јарык айалгада кӧрӱлзин ле јаргы ак‐чек, кемнеҥ де камаанду эмес чындык болзын деп тап‐эриктӱ.</para>
   </article>
   <article number="11">
      <title>11‐чи тизим</title>
      <orderedlist>
         <listitem>
            <para>Кажы ла кижи шок‐керек эткен деп бурулатса, оныҥ бурузы јок деп ачык јаргыда јасактыҥ ээжизиле јарталбаганча, ол ӧйдиҥ туркунына коруланарына керектӱ ончо аргаларла јеткилделер  деп тап‐эриктӱ.</para>
         </listitem>
         <listitem>
            <para>Кем де кандый бир керекти эткен эмезе нени де этпеген деп шылтакка тайанып, шок‐керек эткен деп јаргылатпас учурлу. Шок‐керекти эдер тужында национальный јасак эмезе калыктар ортодогы  тап‐эриктер аайынча шок керек деп чотолбогон болзо. Онойдо ок шок‐керек эдилген ӧйдӧ, болгодый кезедӱге кӧрӧ, кату кезедӱ  эдилбес.</para>
         </listitem>
      </orderedlist>
   </article>
   <article number="12">
      <title>12‐чи тизим</title>
      <para>Оныҥ таҥынаҥ ла билелик јӱрӱмине тууразынаҥ кем де киришпес учурлу. Онойдо ок кем де оныҥ айыл‐јуртына, корреспонденциязыныҥ  јажыдына эмезе оныҥ ады‐јолына, јӱрӱмине тууразынаҥ кирижер учуры јок. Кажы ла кижи ондый табарудаҥ, кирижеринеҥ коруланар јасакка тап‐эриктӱ.</para>
   </article>
   <article number="13">
      <title>13‐чи тизим</title>
      <orderedlist>
         <listitem>
            <para>Кажы ла кижи кажы ла ороон кеминде јайым јӱрер ле јуртап јадарга јерди талдап алар аргалу.</para>
         </listitem>
         <listitem>
            <para>Кажы ла кижи кандый ла ороонноҥ јӱре берер, ол тоодо бойыныҥ, онойдо ок бойыныҥ ороонына бурылар тап‐эриктӱ.</para>
         </listitem>
      </orderedlist>
   </article>
   <article number="15">
      <title>14‐чи тизим</title>
      <orderedlist>
         <listitem>
            <para>Кажы ла кижи истежӱдеҥ улам ӧскӧ ороондо коруланар јерди бедиреер ле коруланар јерле тузаланар аргалу.</para>
         </listitem>
         <listitem>
            <para>Бу тап‐эрикле кандый истежӱ тужында тузаланарга јарабас. Качан чын ла политикалык эмес шок‐кылык эмезе керектер Бириктирилген Нациялардыҥ Организациязыныҥ  амадуларына ла ээжилерине келишпей турза.</para>
         </listitem>
      </orderedlist>
   </article>
   <article number="15">
      <title>15‐чи тизим</title>
      <orderedlist>
         <listitem>
            <para>Кажы ла кижи гражданство алар тап‐эриктӱ.</para>
         </listitem>
         <listitem>
            <para>Кандый да кижиниҥ гражданствозын эмезе гражданствозын кубултар тап‐эригин ала‐ кӧнчӧ айрыырга јарабас.</para>
         </listitem>
      </orderedlist>
   </article>
   <article number="16">
      <title>16‐чы тизим</title>
      <orderedlist>
         <listitem>
            <para>Эр кемине јеткен эр ле эпши улус угы‐тӧзинеҥ эмезе јаҥдаган јаҥынаҥ камааны јогынаҥ айыл‐јурт тудуп, билелӱ болор тап‐эриктӱ. Олор айылјуртты тӧзӧӧр, јуртаар ла айрылыжар тужында теҥ‐тай тап‐эрикле тузаланат.</para>
         </listitem>
         <listitem>
            <para>Айыл‐јурт тӧзӧп јаткан эки јаны экӱлези јайым ла эптӱ‐јӧптӱ сӧслӧ, кӱӱнле биригер аргалу.</para>
         </listitem>
         <listitem>
            <para>Биле обществонныҥ тӧзи, тӧзӧгӧзи, ол обществоныҥ ла государствоныҥ јанынаҥ корулашка тап‐эриктӱ.</para>
         </listitem>
      </orderedlist>
   </article>
   <article number="17">
      <title>17‐чи тизим</title>
      <orderedlist>
         <listitem>
            <para>Кажы ла кижи алкы‐јӧӧжӧ таҥынаҥ ээленер, эмезе ӧскӧлӧриле де кожо ээленер тап‐эриктӱ.</para>
         </listitem>
         <listitem>
            <para>Кемниҥ де алкы‐јӧӧжӧзин тууразынаҥ келип айрыырга јарабас.</para>
         </listitem>
      </orderedlist>
   </article>
   <article number="18">
      <title>18‐чи тизим</title>
      <para>Кажы ла кижи јайым кӱӱн‐санаага, ак‐чекке ле кудай јаҥына тап‐эриктӱ; бу тап‐эрикке бойыныҥ кудай јаҥын эмезе кӧрӱмин солыыры кирет, бойыныҥ јаҥын јайым јаҥдаары эмезе кӧрӱмин таҥынаҥ бойы, эмезе ӧскӧ улусла кожо јаҥдаары база кирет. Кудайлык чӱм‐јаҥ јаҥжыгуларды ӧткӱреринде тапэриктӱ.</para>
   </article>
   <article number="19">
      <title>19‐чы тизим</title>
      <para>Кажы ла кижи бойында јайым кӧрӱмдӱ ле оны јайым чыгара айдар тапэриктӱ. Ол тап‐эрик аайынча бойыныҥ кӧрӱминеҥ јайым тудунар ла государствоныҥ гран‐кыйузынаҥ  камааны јогынаҥ  јетирӱлерди ле кӧрӱмсанааларды кандый ла эп‐сӱмелерле бедиреер, алар ла таркадар тап‐эриктӱ.</para>
   </article>
   <article number="20">
      <title>20‐чи тизим</title>
      <orderedlist>
         <listitem>
            <para>Кажы ла кижи амыр‐энчӱ јуундарга ла ассоциацияларга кирер јайым тап‐эриктӱ.</para>
         </listitem>
         <listitem>
            <para>Кемди де кандый бир ассоциацияга албан кӱчле кийдирилер аргазы јок.</para>
         </listitem>
      </orderedlist>
   </article>
   <article number="21">
      <title>21‐чи  тизим</title>
      <orderedlist>
         <listitem>
            <para>Кажы ла кижи ороонды башкарарында чике эмезе јайым талдап алган чыгартулу улус ажыра туружар тап‐эриктӱ.</para>
         </listitem>
         <listitem>
            <para>Кажы ла кижи бойыныҥ ороонында госслужбага теҥ‐тай кирер  тапэриктӱ.</para>
         </listitem>
         <listitem>
            <para>Башкаруныҥ јаҥыныҥ тӧзӧгӧзинде эл‐јонныҥ кӱӱн‐табы болор учурлу; ол кӱӱн‐тап аҥылу ӧйдиҥ бажында ӧдӱп турган ак‐чек талдаштарда кӧрӱлер учурлу. Ол талдаштар текши ле теҥ‐тай талдаачы тап‐эрикле ӧдӧр учурлу. Јажытту ӱнберишле эмезе јайым ӱнберишти јеткилдеечи ӧскӧ дӧ бӱдӱмле ӧткӱрилзин.</para>
         </listitem>
      </orderedlist>
   </article>
   <article number="22">
      <title>22‐чи тизим</title>
      <para>Кажы ла кижи обществоныҥ турчызы, айдарда, ол социальный јеткилдешке, јайым ӧзӱмге тап‐эриктӱ. Ол экономикалык, социальный ла культурный бӧлӱктерде национальный эп‐аргалар ла калыктар ортодо ӧмӧ‐јӧмӧ иш, онойдо ок кажы ла ороонныҥ  сайламазы ла аргалары ажыра ичкери ӧзӧр тап‐эриктӱ.</para>
   </article>
   <article number="23">
      <title>23‐чи тизим</title>
      <orderedlist>
         <listitem>
            <para>Кажы ла кижи ишке, ишти јайым талдаарына, иште ак‐чек ле јарамыкту айалгага, иштеер јери јок айалгадаҥ корулалар тап‐эриктӱ.</para>
         </listitem>
         <listitem>
            <para>Кажы ла кижи кандый да  кыйыкташ јогынаҥ теҥ‐тай иш учун  теҥ‐тай ишјалду болор тап‐эриктӱ.</para>
         </listitem>
         <listitem>
            <para>Кажы ла кижи јолду кайралга тап‐эриктӱ. Онызы кижиге керектӱ јадын‐јӱрӱмге ле билезине јарамыкту јадынды јеткилдеер учурлу. Керек тужында, ӧскӧ дӧ социальный јеткилдешле ӱзеери  јеткилделер.</para>
         </listitem>
         <listitem>
            <para>Кажы ла кижи профсоюзный биригӱни тӧзӧӧр лӧ профсоюзтарга бойыныҥ јилбӱлерин корыыр амадула кирер тап‐эриктӱ.</para>
         </listitem>
      </orderedlist>
   </article>
   <article number="24">
      <title>24‐чи тизим</title>
      <para>Кажы ла кижи амыраарга ла бош ӧйгӧ тап‐эриктӱ. Онойдо ок иштеер кӱнди керектӱ кеминде тузаланары ла тӧлӧлип турган јаҥжыккан  амыралта (отпуск) керегинде тап‐эрик база кирет.</para>
   </article>
   <article number="25">
      <title>25‐чи тизим</title>
      <orderedlist>
         <listitem>
            <para>Кажы ла кижи јӱрӱмдик кеми бийик болорына тап‐эриктӱ. Курсактамагы, кийим‐тудумы, айыл‐јурты, медициналык јеткидежи, керектӱ соцјеткилдеш су‐кадыкты, јадын‐јӱрӱмди керектӱ кеминде, некелтелерге келиштире болор учурлу. Иш јок артса, оору‐јобол болзо, кенек артса, јаҥыскан артса, карыыр јажы јетсе эмезе оныҥ бойынаҥ  камааны јок кӱч айалга боло берзе, кажы ла кижи тап‐эриктӱ.</para>
         </listitem>
         <listitem>
            <para>Энелик ле оогош балдар аҥылу болушта ла кичеемелге тап‐эрик берет. Ончо балдар биледе, онойдо ок биледе эмес те айалгада чыккан болзо, ончозы теҥ‐тай социальный корулашла тузаланар учурлу.</para>
         </listitem>
      </orderedlist>
   </article>
   <article number="26">
      <title>26‐чы тизим</title>
      <orderedlist>
         <listitem>
            <para>Кажы ла кижи ӱредӱге тап‐эриктӱ. Ӱредӱлик акча тӧлӧбӧзинеҥ болор учурлу. Анчада ла баштамы ла текши ӱредӱлик. Баштамы ӱредӱлик кыйалтазы јогынаҥ  болор учурлу. Технический ле профессиональный ӱредӱ ончозына јарамыкту болор учурлу. Кажы ла кижиниҥ аргаларына тайанып, бийик ӱредӱ  база ончозына јолду болор керек.</para>
         </listitem>
         <listitem>
            <para>Ӱредӱлик кижиниҥ ичкери ӧзӱмине ууламјылу болор учурлу. Кижиниҥ тап‐эриктерине ле јайымыныҥ тӧс ууламјыларын элбедерине ууландырылар учурлу. Ӱредӱни калыктар ортодо тоомјыга, најылыкка, текши тил табарына јолду болор учурлу.  Угы‐тӧзи ле јаҥдаган јаҥдары аайынча бӧлӱктер ортодо оҥдомолды јӧмӧӧр. Амыр‐энчӱни  јӧмӧӧри аайынча Бириктирилген Нациялардыҥ Биригӱзиниҥ ӧткӱрип турган ижин  јӧмӧӧр учурлу.</para>
         </listitem>
         <listitem>
            <para>Ада‐энелер оогош балдарына ӱредӱликтиҥ бӱдӱмин талдаарында тапэриктӱ.</para>
         </listitem>
      </orderedlist>
   </article>
   <article number="27">
      <title>27‐чи  тизим</title>
      <orderedlist>
         <listitem>
            <para>Кажы ла кижи обществоныҥ культурный јӱрӱминде эрчимдӱ туружар тап‐эриктӱ. Кеендикле таныжар, билим ӧзӱмде туружар, турулталарыла тузаланар аргалу.</para>
         </listitem>
         <listitem>
            <para>Кажы ла кижи оныҥ кӧгӱс байлыгын, ар‐јӧӧжӧлик јилбӱлерин корыыр тап‐эриктӱ. Билим, литературалык эмезе художественный иштиҥ авторы болзо, ол тап‐эриктӱ болор учурлу.</para>
         </listitem>
      </orderedlist>
   </article>
   <article number="28">
      <title>28‐чи тизим</title>
      <para>Кажы лакижи социальный ла калык ортодогы ээжи‐аайга тап‐эриктӱ. Мында чындык Декларацияда јарадылган тап‐эриктер ле јайым  бӱткӱлинче бӱдер аргалу.</para>
   </article>
   <article number="29">
      <title>29‐чы тизим</title>
      <orderedlist>
         <listitem>
            <para>Кажы ла кижи обществоныҥ алдында молјлу. Шак ла мында кижиниҥ толо ло јайым ичкери ӧзӱми болор аргалу.</para>
         </listitem>
         <listitem>
            <para>Кажы ла кижи бойыныҥ тап‐эриктерин ле јайымын јӱрӱмде кийдирип тура, јасакла јарадылган тудуларды буспас учурлу.Ӧскӧ улустыҥ тап‐эриктерин, јайымын тооп, баалап, демократиялык обществоныҥ текши некелтезин, ээжизин буспас учурлу.</para>
         </listitem>
         <listitem>
            <para>Бу тап‐эриктерди ле јайымды кийдирип, ол онойдо ок Бириктирилген Нациялардыҥ Биригӱзиниҥ ээжилерине, некелтелерине ол удура болбос учурлу.</para>
         </listitem>
      </orderedlist>
   </article>
   <article number="30">
      <title>30‐чы тизим</title>
      <para>Чындык Декларацияда  јарадылганын кандый бир ороонго, бир бӧлӱк улуска эмезе таҥынаҥ улуска кандый бир иш эдерге эмезе кандый бир керекти эдерге, чындык Декларацияда јарадылган тап‐эрикти ле јайымды јоголторго ууландырылган деп оҥдоорго јарабас.</para>
   </article>
</udhr>
