<?xml version="1.0" encoding="UTF-8"?>

<!--© The Office of the High Commisioner for Human Rights-->

<udhr iso639-3='amc' xml:lang='amc' key='amc' n='Amahuaca' xmlns="http://www.unhchr.ch/udhr">
   <title/>
   <preamble>
      <title>[Preamble]</title>
      <para>Hapovaun jau cuzati cunuunicun ja jahaquin jau cuzaquin jan jonivo jaton derecho jato horixonyovaatimun nutuztirazi jaha hapovohnucanpu. Jaton derecho jato respetaxonyamahaito terroristaquicavizquin hapo zinaativo shinanquin. Nutuztirazi j aharazix ravucananhi jatimunhcanquihnucanpu.</para>
      <para>Nutuztirazinxon jaton hapovaun jato nichinha vohax hiyoohi tziztocohoonivomun "Naciones Unidas" quin yohihi nonhcanucanpu, jahonxonmun cuzaxon jau cuzatirahqui yohiquin quirica cunuucannixohqui, quiyoovi jonin janovi jau cuzatimunhquimun yohicanixohqui. Jato mucativo shinanquin tiirazi jato chituyovaatimunhquimun yohicanixohqui. Xanovomun vutzacun jonimun vutzahcanquihnuyamaquin jaacavizrazi jatimun yohicanixohqui.</para>
      <para>Jato hinaativo shinanquin sharaahi jaquizti janon jato jau cuzaquinxanhquinmun yohicanixohqui. Nutuztirazixon jaton hapon jato nichinha vohax "Naciones Unidas" tziztocohoohi voxonmun nutuztirazinoha jaton derecho jato respetaxonxahinnovo jato jau cuzaquinxanhquinmun yohicanixohqui, tzovan jato hinaati shinanquin.</para>
      <para>Ja jahaquin jau cuzati quirica cunuunivo ja jahaquin jau cuzanonvo jato joniya xanovo honanmatimunhcanquihnucanpu. Jaa jato nichinhai jonin jato chituyovaatimunhqui. Tzovanrivi jato hinaayamatimunhqui.</para>
      <para>Asamblea General jarixonmun "Declaración Universal de los Derechos Humanos" yohicanixohqui. Jaa nutuztirazin jaha jonivaun jaton hapovutan ja jahaxanhquin yohiquinmun cunuunivohquiqui shinanquin quiyoo jonivorivi jonitzavaun derechorivi respetaxonxahinnovo yohiquinmun tzova hinaayamaxahinnovo jato yohicanixohqui.</para>
      <para>Cooncovin jaton nutunxon jahoxanhquin nututzaxon ja jahaxon jau cuzati yohiquin quiricanan cunuunivo ja jahaquin respetaxon ja jahaquin jau cuzahira hapovohquiqui hiintimunhcanquihnu, Naciones Unidavaun jonivo hixon ja jahaquin jau cuzahoxanhquin nututzanoharocon jato hinaahirahcanihqui hiintimunhcanquihqui.</para>
   </preamble>
   <article number="1">
      <title>Articulo 1</title>
      <para>Tzovan jato jumahaito hinaayamanonmun vacunoxcanquihnucanpu. Tzovan jato zinaayamanonmun vacunoxcanquihnucanpu. Jonitzan derechocavizyahtoxrivimun vacunoxcanquihqui. Quiyoovinin shinanquin hiromaquin jaucuzahavorahquiqui shinantimunhcanquihqui. Vacurazixquicavizhi quiyoovinixjatimunhcanquihnucanpu.</para>
   </article>
   <article number="2">
      <title>Articulo 2</title>
      <para>Nan quiricanan jau cuzati quiyoo cunuunivo ja jahaquin jau cuzatimunhnucanpu. Joni quiyoovinin derechorivimunhqui tzova hinaayamatimunhcanquihqui. Nan quiyoo derechoyamunhcanquihqui. Joxohocatzi chaho, vinshinhocatzi panshin, jonihocatzi xano, quechua yovanhaihocatzi castellano yovanhai, Dios coonhaihocatzi Dios coonyamahai, cuzaquin jaton hapo shinanhoxanhquin vutzaquin shinanhai, rato nutunoha jahavaun jauyahocatzi jaumahizra jaton caivohqui jahavo, raquihaxra vacucanixqui, cutzarazira tuxuhcanihqui, vutza sharaacunmun vutza hiromamaamahcanquihqui jaacavizrazimunhcanquihqui.</para>
      <para>Rato partido politico tanahirahcanihqui, quiricayahocatzi quiricamahizrivi vutza nututzanohax vuharazi ja quiyoovi jato jaquinhsharaatimunhqui jaacavizrazi. Vutza nutun jato jaton nutu hinaahancun jato hinaayamahavohquicavizquin jato sharaaquin jaquinhtimunhqui.</para>
   </article>
   <article number="3">
      <title>Articulo 3</title>
      <para>Tzova rutupanan jato quiyoovi hamamatimunhqui. Cuunyamahaito tzova hinaativo shinanquin jato hamamatimunhqui. Tzova muhutivo shinanquin jato hamamatimunhqui.</para>
   </article>
   <article number="4">
      <title>Articulo 4</title>
      <para>Jamun haruzquin jonitzan tzova hinaati shinanquin jato hamamatimunhqui.</para>
   </article>
   <article number="5">
      <title>Articulo 5</title>
      <para>Pishtacovin tzova muhuhoxanhquin hovaa yohinna haquicavizquin muhuyamatimunhqui. Januquinrivi tzova ranoomayamatimunhqui.</para>
   </article>
   <article number="6">
      <title>Articulo 6</title>
      <para>Quiyoo nutunxon jato jaton nutun vonixo jaton nutun j ahahquicavizquin jato quinhtimunhcanquihnu, javi jaton quiricamahizha.</para>
   </article>
   <article number="7">
      <title>Articulo 7</title>
      <para>Quiyoo jonimun derechoyahcanquihnu, jaacavizrazimunhcanquihqui jato jaquinhsharaatimunhqui. Nan quiricanan cunuunivo ja jahayamaquin jato hiromativo shinanquin jato chituyovaatimun ja nutun jaha hapohqui. Jonitzan jato jaton hapo janumapahain jato hamamatimunhnucanpu. Tuxu jato sharaatan, tuxu jato hiromapahato jato hamamatimunhnucanpu.</para>
   </article>
   <article number="8">
      <title>Articulo 8</title>
      <para>Ja nutun jaha juesvaun jato quiyoovi jau yohihaito nincaayovaatimunhnucanpu. Jaton jato hiromativo shinanquin ja jahaquin jau cuzati yohiquin ja nutun jaha hapovaun quirica cunuuni jumaquin jato hiromativo shinanquin.</para>
   </article>
   <article number="9">
      <title>Articulo 9</title>
      <para>Pishtacovin tzova jau cuzayamahaito haruzquin hachixon caravozomuran ninonhoxanhquin jan nutunoha nututzan catannon nichintimamunhnucanpu.</para>
   </article>
   <article number="10">
      <title>Articulo 10</title>
      <para>Vutza sharaacunmun vutza hiromahqui yohiyamatimun juesqui. Jato rutuhaxquihcavan jonitzan jato chanicahanhain nincaatimun juesqui hontzahavo coonmacun.</para>
   </article>
   <article number="11">
      <title>Articulo 11</title>
      <orderedlist>
         <listitem>
            <para>Cooncovin hiromaquin jau cuzahazquinhcain tzova chanicanyamatimunhnucanpu, cooncovin hiromahavaun honanhamahton. Cooncovin hiromaxo honanxon jamuncovinrocon mushtun yohinon yohihoxanhquin tzova jonitzan yohixonon yohitimunhqui. Hichaxon nincaanovo jato nincaaquihintimun juesnucanpu, cuzaquin yohihira jonihquiqui jatonrivi nincaanovo.</para>
         </listitem>
         <listitem>
            <para>Tzova jonin hiromaquin jau cuzaxo vunaacovin chanicahantimamunhnucanpu, nan nutun j ayamahocatzi nututzan ja jahaqui hiromaquin jau cuzayamatimunhqui quin yohiquin quirica cunuunivo yamacun. Jau cuzaxo jato casticayovaayamatirivimunhqui. Ja jau cuzaxo jato casticati yohiquin quirica cunuunivo zununruz jato casticatimunhqui, chipo moha ramaama hiromaniivaun chipo quirica hunaa hiromaxo jato casticati yohiquin cunuunivo ja jahayamaquin.</para>
         </listitem>
      </orderedlist>
   </article>
   <article number="12">
      <title>Articulo 12</title>
      <para>Pishtacovin tzova ja jahacomun min hainya min vacuvoxanhpuhxon, nan jaton tapazan jato jiquinyamaxon, nan jato quirica nichinxonavaun jato yohihama jato vupunahanxon jato hayamatimunhqui. Jatoqui yovanquin "hiromamun nan jonihnu" quin jato yohiyamatimunhqui. Nan quiricanan jau cuzati yohiquin cunuunivo ja jahaquin jau cuzaquin quiyoo jato chituyovaatimunhnucanpu, jaton hainvoya jaton vacuvo jato cuzahantivo shinanquin.</para>
   </article>
   <article number="13">
      <title>Articulo 13</title>
      <orderedlist>
         <listitem>
            <para>Raquirazi vopahi vohax raqui japahi jaton nutun jatimunhcanquihnucanpu.</para>
         </listitem>
         <listitem>
            <para>Jaton nutunohax nututzan vohax jaquiriviz vupahi vutimunhcanquihnucanpu.</para>
         </listitem>
      </orderedlist>
   </article>
   <article number="14">
      <title>Articulo 14</title>
      <orderedlist>
         <listitem>
            <para>Jau cuzayamaxo jato hachipaiiquin jato vunahaivaun j aton nutunohax nututzan votimunhcanquihnucanpu, jarixon jato chitunonvo.</para>
         </listitem>
         <listitem>
            <para>Coonrocon hiromaquin jau cuzahax jaton nutunohax joconvahin nututzan paxahi voyamaticanquihqui, jato jarixon chitunonvo. Ja jahanovomun cuunyamahi Naciones Unidasquihqui.</para>
         </listitem>
      </orderedlist>
   </article>
   <article number="15">
      <title>Articulo 15</title>
      <orderedlist>
         <listitem>
            <para>Quiyoo jonivo nututzarazinohax ciudadadnotimunhcanquihnucanpu.</para>
         </listitem>
         <listitem>
            <para>Tzova pishtacovin jato "min nutunoha jonimatimun minhnupuhxon vutza nututzanoha jonimatimun minhnupu" quin tzova yohiyamatimunhqui nomun haruzquin.</para>
         </listitem>
      </orderedlist>
   </article>
   <article number="16">
      <title>Articulo 16</title>
      <orderedlist>
         <listitem>
            <para>Jonix moha puxcoonix hainhaivaun caahirivi xanox puxcoonix vunitimun xanovohnucanpu janovirazi vihannatimunhcanquihqui. Nan yora joxoya vihannahax, nan yora chahoya vihannahax, nan yora vinshinya vihannahax, nan yora panshinya vihannahaxqui vihannatimunhcanquihqui. Vutza nututzarazin jahatoxrivi vihannahax, vutza Dios tanahaivovutanrivi vihannatimunhcanquihqui. Ja jahaquin jau cuzati yohiquin jaton nutunxon quirica cunuunivo ja jahaquin ja vihannaharazi jato jamun haquin chitutimunhcanquihnucanpu jununnaxorivi jato chitutimunhcanquihqui.</para>
         </listitem>
         <listitem>
            <para>Pishtacovin tzova vihannanon vihannamapatimamunhqui. Jamun cuunhax vihannapahi vihannatimunhcanquihqui.</para>
         </listitem>
         <listitem>
            <para>Juman jaha joni vacuya jaquinhsharaatimunhqui. Ja jato nichinhai honivaun jato chituyovaatimunhnucanpu, joni vacuyamun sharaacovinhqui.</para>
         </listitem>
      </orderedlist>
   </article>
   <article number="17">
      <title>Articulo 17</title>
      <orderedlist>
         <listitem>
            <para>Maiyatan jauyapanan tzova hamamatimamunhqui. Joni naharivi jaquizti jauyaha jato jaquizti jauyayamanon yohitimamunhqui.</para>
         </listitem>
         <listitem>
            <para>Pishtacovin tzova jamun haruzquin jau nininyamatimunhcanquihqui.</para>
         </listitem>
      </orderedlist>
   </article>
   <article number="18">
      <title>Articulo 18</title>
      <para>Jamun jaurazi shinanpaiquin shinannovo jatimunhqui. Jamun shinanquirivi ratora sharaahqui shinanxon ratora hironianqui shinannovo jatimunhqui. Jamun Dios coonhoxanhquin coonyamanovo jatimunhqui. Jamun jaton hitinrivi quiyoovinin jaton Dios sharaaquin yohinovo jatimunhqui ja jahaqui yohihaiton. Vutza jonivutan sharaaquin yohihoxanhquin j atoztipan vahinxon yohihoxanhquin jaton tapazmuranxon yohinovo jatimunhqui. Jaton hitin jato vutzarazi ja jahaquin jau cuzanon honanmanonvo jatimunhqui. Jamun jaton Dios cuzaquin sharaaquin yohitirahqui yohixon, jamun jaton cuunman fiestanonvo jatimunhqui.</para>
   </article>
   <article number="19">
      <title>Articulo 19</title>
      <para>Jamun jaton shinanun jau shinanxon jau yohipaiiquin yohinovo jatimunhqui. Jamun jau shinanhaito jato mucaaqui jaquin hayamanonvo jatimunhqui. Jamun jau honanpaiiquin honanxon jau nincaahoxanhquin quirica cunuunivo yovanxon cuzaquin shinanhirahcanihqui jamun shinannovo jatimunqui. Quiyoovinin quirica cunuuhoxanhquin jau shinanxon yohinovo jatimunhqui. Nututzanxon quiricanan jovi nututzan nichinpanan jato hamamayamatimunhnucanpu. Ja jahapaquin cunuuxon nichinhoxanhquin radionon yohiquin vutzarazin jau cuzaxon jovi camatimunhqui.</para>
   </article>
   <article number="20">
      <title>Articulo 20</title>
      <orderedlist>
         <listitem>
            <para>Jamun tziztocohoopaiihi joni naha jaquizti tziztocohoonovo jatimunhnucanpu, tzovarocon mucaaqui jaquin hayamahi.</para>
         </listitem>
         <listitem>
            <para>Tzovan jonitza nahax tziztocohoohaivaun jatovutan tziztocohoomapatimamunhnucanpu, j umahaito.</para>
         </listitem>
      </orderedlist>
   </article>
   <article number="21">
      <title>Articulo 21</title>
      <orderedlist>
         <listitem>
            <para>Jamun quiyoovinin jaton nutun jaha hapon jau cuzaxanhquin shinanhain jatonrivi ja jahaxanhquin shinantimunhcanquihnucanpu. Ja j atonvi jau cuzahoxanhquin vutzarivi jato jau cuzaxontanon nichintimunhcanquihqui.</para>
         </listitem>
         <listitem>
            <para>Quiyoovi jato jaton hapon jau vinonvo jatimunhnucanpu, vutza jato jau hinanhaivo ja jahaquin.</para>
         </listitem>
         <listitem>
            <para>Quiyoovinin tzovax jaton hapocatzirahquiqui catootimunhcanquihnucanpu. Cutzahtin pishta varixutuu vinoohainmun ratocatzira jaton hapo vunaahquiqui, jato catootimunhcanquihqui. Jato catooxanhquin "elecciones" hatimunhqui j atorocon paranyamaquin. Jamun j aton shinanuruz quiyoovinin tzovax jaton hapocatzirahquiqui catooxanhquin quirica cunuutan nanutimunhnu, tzovan tzova catooxanhquinra hacanihqui honanyamanovo. Jamun jaa jato cuunhaivo jaa jato catoonovo hiitimunhnucanpu.</para>
         </listitem>
      </orderedlist>
   </article>
   <article number="22">
      <title>Articulo 22</title>
      <para>Nutuztipan jaha joni quiyoo jaun muronyamahi jarimunhcanquihnucanpu. Joni jau hichayahton jaumahiz jaha jato jau hinantimunhnucanpu. Vutza nuturazirivi jau hichanicaton vutza nututza jaumahizha jau hinantimunhcanquihqui. Jato noviyamaquin jato zinaayamahavo ranoyamahi jatovutan jahax shinansharaaya jahax sharaanovo.</para>
   </article>
   <article number="23">
      <title>Articulo 23</title>
      <orderedlist>
         <listitem>
            <para>Joni quiyoo jamun yonoopaiiquin yonoo vunahax yonoonovo jatimunhnucanpu. Ranoyamasharaahi sharaanox yonootimunhcanquihqui. Yonoo vunahaito jato yonoo vunaxontimun jaton hapohqui.</para>
         </listitem>
         <listitem>
            <para>Joni ravuu jaquizti yonooquin jacaviz ravuu yonoohaito jato ja ravuuvi zunun copiitimunhqui.</para>
         </listitem>
         <listitem>
            <para>Jato yonooxonai joni vacuya jato copiiyovaatimunhcanquihnucanpu, jau maxcaayamahi ranoyamahi jaha jato zinaayamaquin jato jaquinhnovo. Yonooxon coriiqui vihax japanavan zununyamahaito hiinquin jato jau hinantimun hapohqui.</para>
         </listitem>
         <listitem>
            <para>Ja yonoohai joni jaquizti tziztocohoohax cuzhax yonootirahqui yohihi yovannovo jatimunhnucanpu. Jato</para>
         </listitem>
      </orderedlist>
   </article>
   <article number="24">
      <title>Articulo 24</title>
      <para>Joni yonoohai quiyoo jovinnon jatimunhqui. Jovinhi jaxon jamun jau cuzapaquin jau cuzanonvo jatimunhqui, cuzacatzi hora naha yonoonon jato yohitimamunhqui. Tii varixutuuztirazi vinootan yonooyonoohi jovinhaito jato javi yonooyamahi jaha jato copiitimunhqui.</para>
   </article>
   <article number="25">
      <title>Articulo 25</title>
      <orderedlist>
         <listitem>
            <para>Joni quiyoo ja vacuyarazin hizintivo shinanquin jaton vacuvo chituyovaanonvo jatimunhqui. Nan jiriti maxcaayamahax, nan chopan muronyamahax, nan jaton jati tapazyahaxqui janonvo jatimunhqui. Hizinhax hirooxanhquin jato rahonnon hospital vunaxon doctor vunatimunhcanquihqui. Yonoomahiz jaha quiyoo joni yonoo hinantimun hapohqui. Nanrazirivi jato jau hinantimun hapovohqui, joni hizinya, xanovo vunu namani, yovaaxunivo, ja cuzhax yonootima jonivoya ja jamuncovin hiruzhi jaun muronyamahi yonoopanavaun cuzhax hitimacun jahatiya jato jau hinantimun hapovohqui.</para>
         </listitem>
         <listitem>
            <para>Nan xanovo tohoyavi nan vacu maxcorivi chituyovaatimunhnucanpu. Mutzonanhamahton vacunivaun mutzonananhahton vacuvocavizquin vacuvo jaquinhtimunhnucanpu.</para>
         </listitem>
      </orderedlist>
   </article>
   <article number="26">
      <title>Articulo 26</title>
      <orderedlist>
         <listitem>
            <para>Jamun quiyoo escuelahnonvo jatimunhnucanpu. Escuela Primariaya Basica Laboral jiquixanhquin copiiyamatimunhnucanpu. Escuela Primarian vuiinon vacuvo nichintimunhqui. Nan jau cuzati honanyovaahax, nan yonoo yovaayacatzi nan doctorpaiihax, nan abogadopaiiquin quirica honanyovaahavo haruzquinovo jatimunhnucanpu. Quirica honanyovaacatzi quiyoovinix Universidad vuiipanavaun vuiitimacun jaa honanyovaa mishtin jato vuiimatimunhnucanpu. Jaa honanma mishtin jaton japan jato coriiquinin copiixonha javi honanmahax vuiipaihaito jato vuiimayamatimunhcanquihqui, javi yovacux coriiquiya jaton japa jacun.</para>
         </listitem>
         <listitem>
            <para>Colegionxon jato jau honanmahavaun joni quiyoovinix shinan sharaayaxanhquin onantimunhcanquihnucanpu. Yoratzan derechorivi respetaxonxanhquin honantimunhcanquihqui. Quiyoovinin jumahaito jato hinaayamatimunhquirivi honannovo jatimunhqui. Nututzan jahamunhcanquihqui tzova yohiyamaquin jovitzan yovanhaitorivi xocotzamunhcanquihqui, jato yohiyamaxanhquin honantimunhcanquihqui. Colegionxon jato jau honanmahavaun Dios coonhoxanhquin Dios coonyamahirahcanihqui jato yohiyamahi j axanhqui honantimunhcanquihqui. Naciones Unidasan jau yohimacun yohihaito ja jahaquin yohiquihinxahinnon jato honanmatimunhqui rutunnativo shinanquin.</para>
         </listitem>
         <listitem>
            <para>Joni vacuvoya jamun jaton shinannun cuzaxon jaton vacuvo jau honanmahirahcanihqui jato jati honanmanonvo jatimunhnucanpu.</para>
         </listitem>
      </orderedlist>
   </article>
   <article number="27">
      <title>Articulo 27</title>
      <orderedlist>
         <listitem>
            <para>Jamun jaton fiestan jaurazi cuzahi nan vuahax, nan cunuuhaxquin jau sharaavo cuzanonvo jatimunhqui. Jamun jaton shinannun tzovan jau cuzayamahi jau ramixon vutza jonitzan jau raminicahtonrivi jahon jau cuzatimunhcanquihqui.</para>
         </listitem>
         <listitem>
            <para>Tzova pishtan jau rami sharaahoxanhquin tzovan jau ja jahaquin cunuuyamanicun cunuuxo jato copiiyovaatimunhcanquihqui. Jatoncovinqui hayamanivaun hayooquin jau cuzahax hixon coriiqui visharaxanhquin jau cuzanivo tananon jayamatimunhcanquihqui.</para>
         </listitem>
      </orderedlist>
   </article>
   <article number="28">
      <title>Articulo 28</title>
      <para>Cooncovin nututzarazinxon joni quiyopan nan quiricanan ja jahaxon jau cuzaxanhquin cunuunivo ja jahaquin jau cuzahirahcanihqui hiintimunhcanquihqui.</para>
   </article>
   <article number="29">
      <title>Articulo 29</title>
      <orderedlist>
         <listitem>
            <para>Nocun comunidad jaha hapovaun nocu jau cuzanon yohicun ja jahaquin jau cuzatimunhnucanpu. Ja jahaquin jau cuzahi ranoyama sharaahi jatimun nonhqui shinan sharaayahtox.</para>
         </listitem>
         <listitem>
            <para>Caaquinrivinon nocun nutunxon jau cuzati cunuunivaun ja jahaquin jau cuzahain caaquinrivi nututzanxon jau cuzati cunuunivo ja jahaquin jau cuzatimunhcanquihnu, nocu cuunyamahaito hinaayamahavan nocunrivi jatox cuunyamahaito jato hinaayamatimun nonhqui. Joni shinansharaayatimun nonhnucanpu, shinan sharaayamun nonhqui nocu honannovo jaxon jato jau cuzahato nocun nutunxon haquintimun nonhnucanpu, ranoyama sharaahi jaxon nocun hapovo catooxanhquin.</para>
         </listitem>
         <listitem>
            <para>Naciones Unidasxon tziztocohooxon nan quiricanan cunuunivorazi ja jahaxon jau cuzaxanhquin yohiyamanivan ja jahaquin jau cuzayamatimunhnucanpu.</para>
         </listitem>
      </orderedlist>
   </article>
   <article number="30">
      <title>Articulo 30</title>
      <para>Nan quiricanan jau cuzati yohiquin cunuunivo quiyoo jumayamaquin ja jahaquin jau cuzatimun nonhnucanpu. Joniztipax jumahonon naha jonin nan quiricanan cunuunivo jumaquin ja jahaquin jau cuzayamahaitonmun hiromaquin shinanhihcanquihnucanpu.</para>
   </article>
</udhr>