<?xml version="1.0" encoding="UTF-8"?>

<!--© The Office of the High Commisioner for Human Rights-->

<udhr iso639-3='lot' xml:lang='lot' key='lot' n='Otuho' xmlns="http://www.unhchr.ch/udhr">
   <title></title>
   <note>
      <para>Jo olong ono 10/ 12/ 1948 elulung ono amisihi huto fau dang (UNGA)
ifwotuni bwo etekiana neram ano ahode hode tulo ono aleyo to itwa
gagar ana. Ihalu ekiana ana etesi iruk jyo ongide nelulung onoleyo to jyo
amisihi huto fau (UNGA) itasari amisihi dang ikianari neram ono ahode
hode ono aati etiyanak dang, isihoni (odwanyani) eheni bwo ve itiyenie
isukuli duri dangjyo obeng obo abwuanya to asiyasa misihi iko jyo afau
anamanyarik aati dango</para>
   </note>
   <preamble>
      <title>ETAHUTI</title>
      <para>Imijaniere awana ono elotulo bwo arrijoro iko ahode hode ono awoyo
waati inyi asas ono ahurriya iko narrijoro ihosiere ganun etteti namuno
otofau.</para>
      <para>Bwo ve ebasana iko etabalacahio ahode hode tulo iyak aati ehanita hun
omijito iko elongojita tajia waati bwo ve atuna afau onowon amuno,
ekiana, eruk, abiangan bangi iko awahan anakaf to aati dang ahide.</para>
      <para>Ara adi bebe, alabengi orrosoni atulo to nagolon iwattari iko ataji ihaniere
ihwa ecungi hanio ifwo allwara adi jyo emiri ano atulo abotye onorroho
to bwo ve ittigemio aati, ongida aganun onobis to isio jyo atulo ahode
hode honyi.</para>
      <para>Ara nyiikafiere abolori riaha misihi huto fau dang.</para>
      <para>Arai aati huno elulung ono amisihi huto fau (UN) to nagar neruk hosi
(UN Charter). inyahi isi idas neruk hosi to nahode hode tulo iko arrijoro
ahode hode lee iko angote bwo ve awahi (attahi) ikafiere elulung waati
iko akafiere manya to abiangan etik analat to.</para>
      <para>Bwo ve elulung ono amisihi huto fau iruhi to awatek hosi irumaniere iko
ikafieri abangi (aningio), iruhoriniere ahode hode tulo iko awoyo hurriyat
honyi.</para>
      <para>Ara bu ve amijana ono ahode hode iko abiangan itik, inyi agolon onobolo
to bebe to neruk ana.</para>
       <para>lhwania aati hadufa (elulung) huno amisihi huto fau dang ojori jo ekiana
ana ara ewojit arabotye ano aati iko amisik huto fau dang itacunguniere
attil ababo kuya bwo ve elulugi. ihumaniere ekiana ana lihosi, ihanie adi
to netiyenio ikafiere abangi hode hode lo nekotia huto miji iko huto
ilulung misihi dang irumaniere eruk jyo aati misihi to awatek hosi hama
iko jyo aati hul owoni to lifau misi hul otongotie (ikumie) isi.</para>
  </preamble>
   <article number="1">
      <title>ARTICLE 1</title>
      <para>lsiuni aati dang iko ahodc hade ihaniere erre boo ve isi orrijori dang to
nelotulo. Owoni isi iko negigilita bwo ve iko ataja. Ongida isi ihanie
awatek hosi ihwo elarak.</para>
   </article>
   <article number="2">
      <title>ARTICLE 2</title>
      <para>Owoni aati abotye abotye iko ahode hode dango Obengi omuk etihita hun
owoni lo jyo ekiana ana. Obeng ebubwanya to elotulo, alufari belelio,
elongorwo iko eloliawa, alufaji kenita iko emojiti Hollum, emanyiti imiri
iko egigilita, amiji kuya bwo ve elulung hisii, elobolok (abara), essio
kuyya bwo ve erre omuk hun erari atulo.</para>
       <para>Bwo ve obeng adi inyak obo
ebubwanya to ehanita, ebubwanya to ekori fau kuyya bwo ve to
amisihi hun etongori.Ongida emiri obo obeng ikum amiji lobo.</para>
  </article>
   <article number="3">
      <title>ARTICLE 3</title>
      <para>Owoni aati dang abobo iko ahode hode iswori , ihaniere ihwo awahi isi
bwo ve imanyari obeng obo aring anya isi.</para>
   </article>
   <article number="4">
      <title>ARTlCLE 4</title>
      <para>Obeng adi obo atulo amanya apit obo kuyya bwo ve ara apit obo. Obengi
angatani epito iko etinyangio waati apiti.</para>
   </article>
   <article number="5">
      <title>ARTICLE 5</title>
      <para>Obengi angatani etakarrienyo nito kuyya etigemie honyi to netigemita
hun oremehini to itakarrieny inyi.</para>
   </article>
   <article number="6">
      <title>ARTICLE 6</title>
      <para>Owoni aati dang iko ahode hode imijaniere jyo ara inyi atulo ihosiere
manyiti waati (ganun).</para>
   </article>
   <article number="7">
      <title>ARTICLE 7</title>
      <para>Orrijori aati dang ihosiere manyiti waati (ganun). Bwo ve nebubwanya
iko nesusuya bwanyo waati obengi ofwoi iko eram ana.</para>
   </article>
   <article number="8">
      <title>ARTICLE 8</title>
      <para>Owoni aati dang ababa iko ahode hode italahuna ihosiere okikoi
enegiama to bebe to abiang itik ahodehode enesiarak emanyit miji
(aganun) jihonyi.</para>
   </article>
   <article number="9">
      <title>ARTICLE 9</title>
      <para>Obengi adi ifitani obo atulo ikijan (ibabus) assai kuyya bwo ve ifuhani
inyi jyo obo amiji onobeng to ara amiji hosi.</para>
   </article>
   <article number="10">
      <title>ARTICLE 10</title>
      <para>Orrijori aati ababo ababo itanigiere okikoi onobis iko itanigiere okikoi
hosi ihosiere elulung onobeng okikoi honyi ibubwanya jmijaniere ahode
hode honyi.</para>
   </article>
   <article number="11">
      <title>ARTICLE 11</title>
      <orderedlist>
         <listitem>
            <para>Atulo elekumi to eyyau, owon ahode hode jihonyi alibori many ve
orumaniere okikoi onongocie ihiji waati dang jyo ipal inyi. Ihalu
isiori jihonyi alwahio okikoi.</para>
         </listitem>
         <listitem>
            <para>Obeng obo atulo ara epalanito neyyau onobeng to ara eyyau jyo
nemanyit (aganun) ono amisihi dang tofau to nogitek huno
neyyauniere inyi. Bwo ve obeng oremik ikumiere inyi to nekumi
anagalik nekumio hunya ikumierek inyi to nogitek hunya iyyaunicre
inyi neyyau nya.</para>
         </listitem>
      </orderedlist>
   </article>
   <article number="12">
      <title>ARTICLE 12</title>
      <para>Obengi adi idehini obo atulo itafitangie ihosiere aati hutohang honyi ihwo
ngorwoi iko aduri honyi. Obengi iyyimoi inyi egioro gagar jyo omuk aati.
Ongida bwo ve obengi omorie elotulo honyi ihosiere waati. Owoni aati
iko ahode hode i fauniere jyo ehanita anara lo ihwania.</para>
   </article>
   <article number="13">
      <title>ARTICLE 13</title>
      <orderedlist>
         <listitem>
            <para>Owoni aati dang ababo iko ahode hode ididahari bwo ve imanyari
itwa ikori fau hosi.</para>
         </listitem>
         <listitem>
            <para>Owoni aati dang ababo iko ahode hode ibusaniere amiji obo kuyya
bwo ve iwwotori jyo obo amiji bwo ve icohunire imiji honyi.</para>
         </listitem>
      </orderedlist>
   </article>
   <article number="14">
      <title>ARTICLE 14</title>
      <orderedlist>
         <listitem>
            <para>Owoni aati dang ababo iko ahode hode ittifiari edimi iko etongi jyo
abo amiji ifuhori etigemio.</para>
         </listitem>
         <listitem>
            <para>Obeng oremik ilonguniere ahade hode ana jyo okum on out to jyo
nerre hun obengi arai eyyataimiri kuyya nehenita hun olufaji to jyo
nerre hun awak Nelulung on Otubak to afau dang.</para>
         </listitem>
      </orderedlist>
   </article>
   <article number="15">
      <title>ARTICLE 15</title>
      <orderedlist>
         <listitem>
            <para>Owoni atulo iko ahode hode iratari atulo miji.</para>
         </listitem>
         <listitem>
            <para>Obeng oremik iriamari atulo elomomiji honyi kuyya bwo ve elocio
elomiji honyi.</para>
         </listitem>
      </orderedlist>
   </article>
   <article number="16">
      <title>ARTICLE 16</title>
      <orderedlist>
         <listitem>
            <para>Owon jyo aliawa iko angorwo ahode hode iwwattari to hang iko
ehuhumio hang. Owoni bwo ve isi iko ahode hode ipiahari.</para>
         </listitem>
         <listitem>
            <para>Bwo ayama out to neruk ono alle iko angote hun awahi lo iyamanio.</para>
         </listitem>
         <listitem>
            <para>Ahang inyi etteri lulung waalti. Ongida elulung ono miji iko emiri
irrirriai inyi.</para>
         </listitem>
      </orderedlist>
   </article>
   <article number="17">
      <title>ARTICLE 17</title>
      <orderedlist>
         <listitem>
            <para>Owoni aati dang abotie abotie iko ahode hode iwatari iko nerre
manyiti hama kuyya bwo ve iko elulung waati omuk.</para>
         </listitem>
         <listitem>
            <para>Obeng oremik itangotihiniere obo atulo erre honyi.</para>
         </listitem>
      </orderedlist>
   </article>
   <article number="18">
      <title>ARTICLE 18</title>
      <para>Owoni aati dang iko ahode hode gigilo, nerre huto twa jko amojo jyo
Hollum. Ahode hode ana owon iko awahan tulo iloicere nemojit Hollum
iko neruk to awan honyi hama kuyya bwo ve iko obo elulung omuk aati
iruhori amoja, etiyyenio, ihanio iko imijiere.</para>
   </article>
   <article number="19">
      <title>ARTICLE 19</title>
      <para>Owoni aati dang ababo iko ahode hode igigilori bwo ve ikianari ahode
hode. Ahode hode ana outback iko ahode hode iwatari iko egigilita.
Obeng obo ojingak itwa lobo ititifiari, imojuniere kuyya bwo ve
itifwotuniere ekiena (arami) ono aradio, T.V. iko awaraga; obeng obo
ekori.</para>
   </article>
   <article number="20">
      <title>ARTICLE 20</title>
      <orderedlist>
          <listitem>
            <para>Owoni aali dang iko ahode hode itubaniere awalek ara botie to
anyalami.</para>
         </listitem>
         <listitem>
            <para>Obengi adi orrosoni obo ajingana jyo obo elulung on obeng inyi
awak.</para>
         </listitem>
     </orderedlist>
   </article>
   <article number="21">
      <title>ARTICLE 21</title>
      <orderedlist>
         <listitem>
            <para>Owoni aati dang ababo iko ahode hode ijinganiere iko igiamari jyo
emiri on onyimuni isi to nawahan hosi.</para>
         </listitem>
         <listitem>
            <para>Owoni aati dang iko ahode hode rrijoro ijinganiere igiama jyo imiri
miji hosi.</para>
         </listitem>
         <listitem>
            <para>Awahan waati inyi awayo ano imiri. Ihani adi awahan ania to
nanyimo on obis to jyo aati dang to fau hosi. Oremehini nyimuna
emiri ania to erwongo isenuk to ekotia rwongita hun orrijori to bwo
ve hun obeng obo atulo omijang arari amonye elorwongok to.</para>
         </listitem>
      </orderedlist>
   </article>
   <article number="22">
      <title>ARTICLE 22</title>
      <para>Aati dang ababo, ihwo aati lulung waati, owoni adi iko ahode hode hisio
lulung bwo ve iko arumana honyi to ehanita huno amiji iko elulung
misihi to natuba hosi iko to atuba anyanya huno misihi. ahode hode
ibariti, elulung iko emanyiti (laws) hun obengi to ohoro elotulo iko
abolori honyi.</para>
   </article>
   <article number="23">
      <title>ARTICLE 23</title>
      <orderedlist>
         <listitem>
            <para>Owoni aati dang ababo iko ahode hode igiamari, irumaniere egiama.
itulubari on oyyu iko abian etigemio giama iko irrirriari awan honyi
jyo abian giama.</para>
         </listitem>
         <listitem>
            <para>Obeng obo ebubwanya jyo aati dang. Owoniiko aati iko ahode hode
duma on orrijyo to egiama (etulubaa) on orrijyo to.</para>
         </listitem>
         <listitem>
            <para>Owon atulo elegiama to iko abisan irumaniere edumiti hun obisi to
itangiyyere ahong honyi bwo ve ongida abangi awan honyi . Amanya
adi to nekotia hunesiyyo inyi elulung.</para>
         </listitem>
         <listitem>
            <para>Owoni aati dang ababo iko ahode hode iyyirari jyo ongitek hun
oremehini to egiama (atuluba) bwo ve iyyiriari to ongitek hun
odumai.</para>
         </listitem>
      </orderedlist>
   </article>
   <article number="24">
      <title>ARTICLE 24</title>
      <para>[missing]</para>
   </article>
   <article number="25">
      <title>ARTICLE 25</title>
      <orderedlist>
         <listitem>
            <para>Owon atulo iko ahode hode imanyari amanya on orriama to
ayyijiwan iko amanya ono ahang to awanan ngiyo, to neyyafa
bongojin, to aduho haji iko to awan yyani (adawa) bwo ve to awanan
hirre hun amanyarik to nelik manya, to arumana giama, to abiangan
nguai, narohojara, nelohidak, elomaruak, kuyya bwove abiangan
hirre hun amanyarik hun ebeng remik rumana.</para>
         </listitem>
         <listitem>
            <para>Elohonye iko iodole (eloduri) owoni iko ehuhumio iko alwahio.
Aduri dang kuyya isihi ihang kuyya ikoi owoni isi iko essio miji on
orrijio.</para>
         </listitem>
      </orderedlist>
   </article>
   <article number="26">
      <title>ARTICLE 26</title>
      <orderedlist>
         <listitem>
            <para>Owoni aati dang ababo iko ahode hode iyyiyyanari. Ara adi
eyyiyyana assai teteri honyi many jyo olobele on obolo to. Eteri
iyyiyyana ara inyi to aduri dang. Eyyiyyana ono edwongo
(technical) iko ono amijana owon. Bwo eyyiyyanaoto hide ongida ve
ojingani dia to negiama on oyyu to on onyurak etiyyanani.</para>
         </listitem>
         <listitem>
            <para>Eyyiyyana ongida obis to akafio watek waati iko itagoliere aningio
(abangi) ono ahode hode elotulo on obeng obo oremik itik. Akaf adi
amijana, adihan iko arriaha misihi fau dang awoyo lotulo iko elulung
mojiti Hollum. Ongida akaf ahide egemita huno elulung misihi fau
dang igotiere amuno lifau.</para>
         </listitem>
         <listitem>
            <para>Owoni esiok duri iko ahode hode inyimuniere eteri yyiyyana on
oremik to jyo aduri hosi.</para>
         </listitem>
      </orderedlist>
   </article>
   <article number="27">
      <title>ARTICLE 27</title>
      <orderedlist>
         <listitem>
            <para>Owoni aati dang ababo iko ahode hode ijinganiere jyonemanyit
lulung miji hosi, irumaniere ehanita iko emanyiti angejuho.</para>
         </listitem>
         <listitem>
            <para>Owoni aati dang ababo iko ahode hode jyo esiyyo emanyiti hun obis
to iko nerre hun ofwoni jo amijana dwongo to osi iko ta ahas hosi.</para>
         </listitem>
      </orderedlist>
   </article>
   <article number="28">
      <title>ARTICLE 28</title>
      <para>Owoni aati dang iko emanyit (aganun) ono elulung manya iko emanyit
ano afau iko abiangan obo etik ihwo owon jyo hun ihanani jyo ekiana
ana.</para>
   </article>
   <article number="29">
      <title>ARTICLE 29</title>
      <orderedlist>
         <listitem>
            <para>Owoni aati ababo iko egemita jyo elulung waati on oremik to ihum
kafawatek hosi ababo.</para>
         </listitem>
         <listitem>
            <para>Ihaniere ahode hode hosi obeng adi itik ahode hode ihwa enehanak
emanyit to awahan rumana iko ibangari ahode hade omuk iko iruhori
nebisiti huno emanyit on obis to, ekoi manyitlulung iko to ayyiji
(angidari) manya lulung.</para>
         </listitem>
         <listitem>
            <para>Ahode hode ana iko abiangan itik obengi adi ihani lo nobo ekoi on
olufa to jyo egemita iko ehanila huno Elulung Misihi Fau (UN).</para>
         </listitem>
      </orderedlist>
   </article>
   <article number="30">
      <title>ARTICLE 30</title>
      <para>Obeng obo aring jyo ckiana ana on oremik iloyyit ihwo anara aring ono
obo emiri, elulung waati kuyya bwo ve atulo iloicere kuyya itarohojiere
obo ahode hode kuyya buabiangan itik ahuriyyat (freedoms) hun owoni to
itwa agagar ana .</para>
   </article>
</udhr>