<?xml version="1.0" encoding="UTF-8"?>

<!--© The Office of the High Commisioner for Human Rights-->

<udhr iso639-3='kqn' xml:lang='kqn' key='kqn' n='Kaonde' xmlns="http://www.unhchr.ch/udhr">
  <title>MUKAMBIZHO MUKATAMPE PA NSAMBU YAFWAINWA MUNTU</title>
  <preamble>
    <title>LULAVANANO</title>
    <para>Byo kyayukanyikwa mba buneme ne kwesakena pamo kwa bonse bantu mubisemi byabo, kokuleta kukasuluka, bololoke ne mutende pano pa ntanda;</para>
    <para>Byo kyaykanyikwa mba kubula kushingika muntu kileta byubilo byatama byalula milanguluko yanji ne ya ntanda yonse moekala kasa asangalala;</para>
    <para>Byokiji mba kyanema, kubula kukanjikizna muntu kuba kyatama, kubula kusatukila butangi, kyawama kumona mba nsambu iji na muntu yavimbilwa,</para>
    <para>Byokiji mba kyanema kuleta lumvwanano pakachi ka bantu ne mitundu,</para>
    <para>Byokiji mba bisaka bya bantu mu kije kya United Nations byaitabuzhanya mba muntu wafwainwa kwikala na nsambu ya kwikala wakasuluka, waesakena pamo na bantu bakwabo wingijila pamo na bakwabo bantu,</para>
    <para>Byokiji mba byalo byaswisha limvwanano kupichila mkije kya United Nations ne kumona mba byalama munemw wa kunemeka bantu,</para>
    <para>Byokiji mba kolondela ino milaye ne mikambizho kyanema,</para>
    <para>Kine, nanchi kije kya General Assembly kyaitaba mba Uno mukambizho mukatampe wapana nsambu ku muntu kwikala wakasuluka, ekale ke wakuyulula mikoka yonse ya bantu kikupu amba yense muntu nangwa kije kyonse kilondela uno mukamizho, kikekala ke kya kumwenako</para>
    <para>MUKAMBIZHO MWINE PA MAMBO A KUKASULUKA KWA MUNTU MBWIKALO</para>
  </preamble>
  <article number="1">
    <title>Kinembelo 1</title>
    <para>Bonse bantu basemwa bakasuluka kabiji baesakena pamo mubuneme. Baji na maana a kulanguluka kabiji bobila bantu bakwabo byubilo bakwibasekesha.</para>
  </article>
  <article number="2">
    <title>Kinembelo 2</title>
    <para>Yense muntu uji na nsambu kabiji wakasuluka mwaila mukambizho, kwakubula kutala pa mutundu, mukoka, lwitabilo lwanij mu bya ntanda, bya Lesa, nangwa milanguluko yanji, kana wa mulume nangwa wa mukazhi, bunonshi nangwa bwikalo, kifulo kyanji ne bikwabotu bintu.</para>
    <para>Kikwabo, kechi pakekala lupusano pa byabumulwila ntanda nangwa lwa kyalo mwikala yeo muntu ne nangwa kyalo kyatambula bwana bwakyo, nangwa bekilama, nangwa bakikiwila.</para>
  </article>
  <article number="3">
    <title>Kinembelo 3</title>
    <para>Yense muntu uji na nsambu ya kwikala na bumi, wakasuluka kabiji wavimbilwa.</para>
  </article>
  <article number="4">
    <title>Kinembelo 4</title>
    <para>Kafwako nangwa umo ukekala muzha nangwa wa kwingijila mukwabo muntu kwakubula malipilo; buzha kechi bukekalako ine.</para>
  </article>
  <article number="5">
    <title>Kinembelo 5</title>
    <para>Kafwako nangwa umo ukamanyikwanga nangwa kumuyan jishane.</para>
  </article>
  <article number="6">
    <title>Kinembelo 6</title>
    <para>Yense wafwainwa kulangulukila amba muntu mwaila mizhilo.</para>
  </article>
  <article number="7">
    <title>Kinembelo 7</title>
    <para>Bonse bantu baesakena pamo mwaila mizhilo kabiji kechi bafwainwa kwibasalulula mwaila mizhilone. Bonse bafwainwa kuvimbilwa.</para>
  </article>
  <article number="8">
    <title>Kinembelo 8</title>
    <para>Yense muntu mwaila mizhilo wavimbilwa ku mikambizho yatama ya kyalo yabula kuilamo.</para>
  </article>
  <article number="9">
    <title>Kinembelo 9</title>
    <para>Kafwako nangwa umo ye bakakasa nangwa kumupanga mukyalo kwa kubula mambo ne.</para>
  </article>
  <article number="10">
    <title>Kinembelo 10</title>
    <para>Yense muntu uji na nsambu ya kumumvwina mambo o ejizhanya.</para>
  </article>
  <article number="11">
    <title>Kinembelo 11</title>
    <orderedlist>
      <listitem>
	<para>Yense walenga mambo akatampe kechi wafwainwa kuchibilwa ponka potu ine, poso wazhatwa nao mukije kya mizhilo.</para>
      </listitem>
      <listitem>
	<para>Kafwako ye bakazhachisha na mambo kasa abujile kwialenga. Kabiji kechi baka mutongwele mambo akwabo apusana na atanshi mukusaka kumuzhachishane.</para>
      </listitem>
    </orderedlist>
  </article>
  <article number="12">
    <title>Kinembelo 12</title>
    <para>Kafwako muntu ye bakakanjikizha kusolola nangwa kwamba bintu byabufyafya byanji, byakisemi kyanji, byanzubo yanji, makalata oanemba nangwa ku mu kabisha na mambo a bifulo byoajinga nabyo. Yense wavimbilwa na muzhilo.</para>
  </article>
  <article number="13">
    <title>Kinembelo 13</title>
    <orderedlist>
      <listitem>
	<para>Yense uji na nsambu yakwenda ne kuya koasaka nakwikala mukyalo.</para>
      </listitem>
      <listitem>
	<para>Yense uji na nsambu ya kufuma mukyalo kyanji ne byalo bikwabo ne kubwela.</para>
      </listitem>
    </orderedlist>
  </article>
  <article number="14">
    <title>Kinembelo 14</title>
    <orderedlist>
      <listitem>
	<para>Yense uji na nsambu ya kunyemena mukyalo kingi kuchina kumumanyika mu kyalo kyanji.</para>
      </listitem>
      <listitem>
	<para>Uno muzhilo kechi wikalakone umvwe wanyema kumanyikwa na mambo akwabo kukila bya bumulwila ntanda.</para>
      </listitem>
    </orderedlist>
  </article>
  <article number="15">
    <title>Kinembelo 15</title>
    <orderedlist>
      <listitem>
	<para>Yense wafwainwa kutambula bwina kyalo.</para>
      </listitem>
      <listitem>
	<para>Kafwako ye bakakanya kutambula bwina kyalo nangwa kupimpula bwina kyalo bwanji.</para>
      </listitem>
    </orderedlist>
  </article>
  <article number="16">
    <title>Kinembelo 16</title>
    <orderedlist>
      <listitem>
	<para>Bana balume ne bana bakazhi bakoma, kwakubula kutala pa mutundu nangwa mukoka baji na nsambu ya kusongola nangwa kusongolwa ne kwikala na nzubo. Kabiji bafwainwa kwikala basekelamo mu masongola abo.</para>
      </listitem>
      <listitem>
	<para>Masongola afwainwa kwikalako poso bonse babiji baitabuzhana.</para>
      </listitem>
      <listitem>
	<para>Kisemi kyo kitendekesho mwaila bisaka bya bantu onkao mambo kyafwainwa kuvimbila.</para>
      </listitem>
    </orderedlist>
  </article>
  <article number="17">
    <title>Kinembelo 17</title>
    <orderedlist>
      <listitem>
	<para>Yense uji na nsambu yakunonka kintu, bunke nangwa mukipanyi na bakwabo.</para>
      </listitem>
      <listitem>
	<para>Kafwako yebakangata nsabo yanji mu lukanakana.</para>
      </listitem>
    </orderedlist>
  </article>
  <article number="18">
    <title>Kinembelo 18</title>
    <para>Yense muntu wafwainwa kwilangulukila ne kwifukwila byakuba.</para>
  </article>
  <article number="19">
    <title>Kinembelo 19</title>
    <para>Yense uji na nsambu ya kwamba moalangulukila, kabiji wakosha kubulanana milanguluko yanji kubanembeshi babyambo.</para>
  </article>
  <article number="20">
    <title>Kinembelo 20</title>
    <orderedlist>
      <listitem>
	<para>Yense uji na nsambu ya kupwila pamo na bakwabo.</para>
      </listitem>
      <listitem>
	<para>Kafwako ye bakonsha kukanjikizha kupwila pamo na bakwabo ne.</para>
      </listitem>
    </orderedlist>
  </article>
  <article number="21">
    <title>Kinembelo 21</title>
    <orderedlist>
      <listitem>
	<para>Yense waswishiwa kwikala na nsambu mu kafulumende wa kyalo kyanji, kupichila mwi aye mwine nangwa ntomesha wasalwa.</para>
      </listitem>
      <listitem>
	<para>Yense waswishiwa kwingila mu kafulumende ya kyalo kyanji.</para>
      </listitem>
      <listitem>
	<para>Ngovu ya bantu (Milangwe) po paimana bulume bwa kafulumende, ino ngovu ikamwekela mu kusala kwikalako kimye ne kimye kwa bufyafya kwa bantu bonse.</para>
      </listitem>
    </orderedlist>
  </article>
  <article number="22">
    <title>Kinembelo 22</title>
    <para>Yense muntu mu kyalo wafwainwa wavimbilwa mubwikalo bwanji, kupichila mu lumvwanano mukyalo kabiji ne pakachi kabyalo, kuila mu bunonshi, bukomo, bwikalo ne kisemwa-bileta buneme ne bukomo kwiaye mwine.</para>
  </article>
  <article number="23">
    <title>Kinembelo 23</title>
    <orderedlist>
      <listitem>
	<para>Yense wafwainwa kwingila; uji na nsambu ya kusala mingilo yoatemwa yamusekesha kabiji yakonsha kutwajijila.</para>
      </listitem>
      <listitem>
	<para>Yense kwakubula lupusanone, wafwainwa kulipilwa malipilo a esakana na mingilo.</para>
      </listitem>
      <listitem>
	<para>Yense wingila wafwainwa kulipilwa malipilo a mufwainwa aye mwine pamo ne kisemi kyanji.</para>
      </listitem>
      <listitem>
	<para>Yense uji na nsambu yakutwela ne kwikala membala mu bije byambilako bamingilo pakuba mba ekale wavimbilwa.</para>
      </listitem>
    </orderedlist>
  </article>
  <article number="24">
    <title>Kinembelo 24</title>
    <para>Yense uji na nsambu ya kukokoloka ne kukaya, kabiji wafwainwa kwingila bimye byatongolwa kabiji wafwainwa kwikala na kimye kya kukokoloka.</para>
  </article>
  <article number="25">
    <title>Kinembelo 25</title>
    <orderedlist>
      <listitem>
	<para>Yense wafwainwa kwikala na bikwalo bwawama pakuba mba ekale nabututulu bwamubiji, kisemi kyanji kikale bulongo, ekale na kajo kavula, bivwalo byafwainwa, pakulala pawama ne byonse bisakiwa mubwikalo ne mu bumi bwa muntu.</para>
      </listitem>
      <listitem>
	<para>Bana bakazhi ne bana babo bafwainwa kulama bulongo. Bonse bana nangwa kechi baji na bashabo bapamute ine nabo bafwainwa kulama bulongo.</para>
      </listitem>
    </orderedlist>
  </article>
  <article number="26">
    <title>Kinembelo 26</title>
    <orderedlist>
      <listitem>
	<para>Yense wafwainwa kufunda. Lufunjisho lwafwainwa kwikala lwatu, kikatakata kutendekelo. Lufunjisho lwa kutendekelapo lwafwainwa kwikala lwa bonse. Lufunjisho lwapeulu lwafwainwa kwikalako.</para>
      </listitem>
      <listitem>
	<para>Lufunjisho lwafwainwa kwikala lwakuleta bukomo ku muntu pamo ne kukosesha nsambu yanji. Lukekala lwakuleta lumvwanano, lulekelo, ne bulunda pakachi ka byalo, mitundu ne lwitabilo lwabo, kabiji lukakwasha kusutula mingilo ya kije kya United Nations mukuleta mutende.</para>
      </listitem>
      <listitem>
	<para>Bansemi baji na luusa lwakusajila bana babo lufunjisho.</para>
      </listitem>
    </orderedlist>
  </article>
  <article number="27">
    <title>Kinembelo 27</title>
    <orderedlist>
      <listitem>
	<para>Yense uji na luusa lwakwifwezha mu bya kisemwa, byakishakulu kabiji ne kwingijila pamo mukuwamisha byonse bino.</para>
      </listitem>
      <listitem>
	<para>Yense uji na luusa lwa kuvimbila mafunde a bwikalo pakuba mba kechi bataye byakishakulu ne.</para>
      </listitem>
    </orderedlist>
  </article>
  <article number="28">
    <title>Kinembelo 28</title>
    <para>Yense uji na luusa lwa uno mukambizho wa kambizha bwikalo bwaafwainwa ku muntu.</para>
  </article>
  <article number="29">
    <title>Kinembelo 29</title>
    <orderedlist>
      <listitem>
	<para>Yense uji na luusa lwa kwikala na bantu bakwabo bo amona mba bwikalo bwanji bwakonsha kuwama.</para>
      </listitem>
      <listitem>
	<para>Mwaila ino nsambu, yense muntu ukakonsha kulondela mikambizho mwaila mizhilo kasa amwesha mushingi wa ino mikambizho pamo ne kubakwabo bantu pakuba mba pekale lumvwanano.</para>
      </listitem>
      <listitem>
	<para>Ino nsambu yapanyiwa kechi yafwainwa kwiingijisha kwakubula kulondela binshite bine bya kije kya United Nations ine.</para>
      </listitem>
    </orderedlist>
  </article>
  <article number="30">
    <title>Kinembelo 30</title>
    <para>Kafwako nangwa kimo mu ino mikambizho kyalamata kukyalo nangwa muntu kyo bakonsha kwingijisha mukwingila byubilo byabula kufwainwa mwaila nsambu ne ngovu ya tongolwane.</para>
  </article>
</udhr>
