<?xml version="1.0" encoding="UTF-8"?>

<!--© The Office of the High Commisioner for Human Rights-->

<udhr iso639-3='afr' xml:lang='af' key='afr' n='Afrikaans' xmlns="http://www.unhchr.ch/udhr">
   <title/>
   <preamble>
      <title>Aanhef</title>
      <para>AANGESIEN erkenning vir die inherente waardigheid en die gelyke en onvervreembare reg van alle lede van die menslike ras die basis vir vryheid, geregtigheid en vrede in die wereld is;</para>
      <para>AANGESIEN minagting vir menseregte barbaarse dade wat die gewete van die mens aangetas het en die aanvang van ’n wereld waarin mense vryheid van spraak, geloof, vrees en behoefte het, gesien word as die hoogste aspirasie van die gemiddelde mens;</para>
      <para>AANGESIEN dit noodsaaklik is dat menseregte deur die wet beskerm word ten einde te voorkom dat mense nie gedwing gaan word om in opstand teen tirannie en onderdrukking te kom nie;</para>
      <para>AANGESIEN dit noodsaaklik is om die ontwikkeling van vriendelike bande tussen nasies aan te moedig;</para>
      <para>AANGESIEN die volke wat lid van die Verenigde Volke Organisasie is, hul geloof in fundamentele menseregte in die Handves beklemtoon, in die waardigheid en waarde van die menslike persoon, in die gelyke regte van mans en vrouens en dit ten doel het om sosiale vooruitgang en ’n beter lewenspeil in groter vryheid te bevorder;</para>
      <para>AANGESIEN Lidstate hulle voorgeneem het om in samewerking met die Verenigde Volke universele respek en agting vir menseregte en fundamentele vryheid te verwesenlik; en</para>
      <para>AANGESIEN ’n algemene begrip van hierdie regte en vryhede van groot belang vir die bereiking van hierdie voorneme is,</para>
      <para>Verklaar die ALGEMENE VERGADERING</para>
      <para>Hierdie Universele Verklaring van Menseregte as ’n algemene standaard vir die verwesenliking deur alle mense en nasies, om te verseker dat elke individu en elke</para>
      <para>deel van die gemeenskap hierdie Verklaring in ag sal neem en deur opvoeding, respek vir hierdie regte en vryhede te bevorder, op nasionale en internasionale vlak, daarna sal strewe om die universele en effektiewe erkenning en agting van hierdie regte te verseker, nie net vir die mense van die Lidstate nie, maar ook vir die mense in die gebiede onder hul jurisdiksie.</para>
   </preamble>
   <article number="1">
      <title>Artikel 1</title>
      <para>Alle menslike wesens word vry, met gelyke waardigheid en regte, gebore. Hulle het rede en gewete en behoort in die gees van broederskap teenoor mekaar op te tree.</para>
   </article>
   <article number="2">
      <title>Artikel 2</title>
      <para>Elke persoon het die reg tot al die regte en vryhede soos in die Verklaring vervat is, sonder uitsondering van enige aard soos op grond van ras, geslag, kleur, taal, godsdiens, geboorte of enige ander status.</para>
      <para>Daarbenewens sal geen onderskeid op grond van politieke, geregtelike of internasionale status van die land of gebied waartoe ’n persoon behoort gemaak word nie, hetsy dit ’n onafhanklike trust, nie‐selfregerend of onder enige ander beperking van soewereiniteit is.</para>
   </article>
   <article number="3">
      <title>Artikel 3</title>
      <para>Elkeen het die reg tot lewe, vryheid en sekuriteit van persoon.</para>
   </article>
   <article number="4">
      <title>Artikel 4</title>
      <para>Niemand sal in slawerny of knegskap gehou word nie; alle vorms van slawerny en handel in slawe sal verbied word.</para>
   </article>
   <article number="5">
      <title>Artikel 5</title>
      <para>Niemand sal gemartel word of aan wrede, onmenslike of vernederende behandeling of straf blootgestel word nie.</para>
   </article>
   <article number="6">
      <title>Artikel 6</title>
      <para>Elkeen het oral die reg tot erkenning as ’n persoon voor die reg.</para>
   </article>
   <article number="7">
      <title>Artikel 7</title>
      <para>Almal is gelyk voor die reg en het die reg tot gelyke beskerming van die wet. Almal het die reg tot gelyke beskerming teen enige diskriminasie ter skending van hierdie Verklaring en teen enige aanmoediging tot sulke diskriminasie.</para>
   </article>
   <article number="8">
      <title>Artikel 8</title>
      <para>Elkeen het die reg tot effektiewe kompensasie deur bevoegde nasionale tribunale vir dade wat hul fundamentele reg skaad wat deur die wet of grondwet aan hulle gegee is.</para>
   </article>
   <article number="9">
      <title>Artikel 9</title>
      <para>Niemand sal aan arbitrêre arrestasie, aanhouding of bannelingskap onderworpe wees nie.</para>
   </article>
   <article number="10">
      <title>Artikel 10</title>
      <para>Elkeen het, in volle gelykheid, die reg tot ’n regverdige en openbare verhoor deur ’n onafhanklike en objektiewe tribunaal, in die bepaling van sy regte en verpligtinge en die ondersoek van enige kriminele saak teen hom.</para>
   </article>
   <article number="11">
      <title>Artikel 11</title>
      <orderedlist>
         <listitem>
            <para>Elkeen beskuldig van ’n strafbare oortreding het die reg om as onskuldig beskou te word tot skuldig bevind volgens die wet, in ’n openbare saak waarin hy verseker is van die nodige verdediging.</para>
         </listitem>
         <listitem>
            <para>Niemand sal beskuldig word van ’n strafbare oortreding as gevolg van enige daad of nalatigheid wat volgens nasionale of internasionale wet nie ’n misdaad ten tye van die pleeg daarvan was nie. ’n Swaarder straf sal ook nie opgel word as die straf wat toepaslik was ten tye van die oortreding nie.</para>
         </listitem>
      </orderedlist>
   </article>
   <article number="12">
      <title>Artikel 12</title>
      <para>Niemand sal onderworpe wees aan arbitrêre inmenging met sy privaatheid, familie, woning of korrespondensie nie, of aan aanvalle op sy eer en reputasie nie. Elkeen het die reg tot beskerming deur die wet teen sulke inmenging of aanvalle.</para>
   </article>
   <article number="13">
      <title>Artikel 13</title>
      <orderedlist>
         <listitem>
            <para>Elkeen het die reg tot vryheid van beweging en verblyf binne die grense van elke staat.</para>
         </listitem>
         <listitem>
            <para>Elkeen het die reg om enige land te verlaat, insluitende sy eie, en na sy land terug te keer.</para>
         </listitem>
      </orderedlist>
   </article>
   <article number="14">
      <title>Artikel 14</title>
      <orderedlist>
         <listitem>
            <para>Elkeen het die reg tot asiel in ander lande.</para>
         </listitem>
         <listitem>
            <para>Daar mag nie op hierdie reg aanspraak gemaak word tydens vervolging vir nie‐politieke oortredings of dade wat strydig is met die doelwitte en beginsels van die Verenigde Volke nie.</para>
         </listitem>
      </orderedlist>
   </article>
   <article number="15">
      <title>Artikel 15</title>
      <orderedlist>
         <listitem>
            <para>Elkeen het die reg tot burgerskap.</para>
         </listitem>
         <listitem>
            <para>Niemand se burgerskap sal arbitrêr afgeneem word nie en niemand sal van die reg ontneem word om afstand te doen van burgerskap nie.</para>
         </listitem>
      </orderedlist>
   </article>
   <article number="16">
      <title>Artikel 16</title>
      <orderedlist>
         <listitem>
            <para>Volwasse mans en vrouens, sonder enige beperking as gevolg van ras, nasionaliteit of godsdiens, het die reg om te trou en met ’n familie te begin. Hulle kan aanspraak maak op gelyke regte ten opsigte van die huwelik, tydens die huwelik en tydens ontbinding van die huwelik.</para>
         </listitem>
         <listitem>
            <para>Die huwelik sal plaasvind slegs met die vrywillige en volle toestemming van die voornemende huweliksmaats.</para>
         </listitem>
         <listitem>
            <para>Die familie is die natuurlike en fundamentele groepseenheid van die gemeenskap en kan aanspraak maak op beskerming deur die gemeenskap en die Staat.</para>
         </listitem>
      </orderedlist>
   </article>
   <article number="17">
      <title>Artikel 17</title>
      <orderedlist>
         <listitem>
            <para>Elkeen het die reg om individueel en in assosiasie met ander eiendom te besit.</para>
         </listitem>
         <listitem>
            <para>Niemand se eiendom sal arbitrêr afgeneem word nie.</para>
         </listitem>
      </orderedlist>
   </article>
   <article number="18">
      <title>Artikel 18</title>
      <para>Elkeen het die reg tot vryheid van denke, gewete en godsdiens; hierdie reg sluit in die reg om van godsdiens of geloof te verander en die vryheid om, hetsy alleen of in ’n gemeenskap, hierdie godsdiens of geloof te beoefen deur verkondiging, aanbidding of heiliging.</para>
   </article>
   <article number="19">
      <title>Artikel 19</title>
      <para>Elkeen het die reg tot vryheid van opinie en uitdrukking; hierdie reg sluit die vryheid in om opinies sonder inmenging te lug en om inligting en idees te vra, te ontvang en te deel deur middel van enige medium ten spyte van grense.</para>
   </article>
   <article number="20">
      <title>Artikel 20</title>
      <orderedlist>
         <listitem>
            <para>Elkeen het die reg tot vryheid van vreedsame vergadering en assosiasie.</para>
         </listitem>
         <listitem>
            <para>Niemand sal gedwing word om aan ’n assosiasie te behoort nie.</para>
         </listitem>
      </orderedlist>
   </article>
   <article number="21">
      <title>Artikel 21</title>
      <orderedlist>
         <listitem>
            <para>Elkeen het die reg om aan die regering van sy land deel te neem, hetsy direk of deur vrylik verkose verteenwoordigers.</para>
         </listitem>
         <listitem>
            <para>Elkeen het die reg tot gelyke toegang tot die openbare dienste in sy land.</para>
         </listitem>
         <listitem>
            <para>Die wil van die mense sal die basis vorm van die owerheid of regering, en hierdie wil sal uitgedruk word deur middel van egte tussenverkiesings.</para>
         </listitem>
      </orderedlist>
   </article>
   <article number="22">
      <title>Artikel 22</title>
      <para>Elkeen, as ’n lid van die gemeenskap, het die reg tot bestaan‐sekerheid en kan aanspraak maak op die verwesenliking van die ekonomiese, sosiale en kulturele regte wat noodsaaklik is vir sy waardigheid en die vrye ontwikkeling van sy persoonlikheid, deur middel van nasionale pogings en internasionale samewerking en volgens die organisasie en hulpbronne van elke staat.</para>
   </article>
   <article number="23">
      <title>Artikel 23</title>
      <orderedlist>
         <listitem>
            <para>Elkeen het die reg om te werk, tot die vrye keuse van arbeid, tot regverdige en gunstige werksomstandighede en tot beskerming teen werkloosheid.</para>
         </listitem>
         <listitem>
            <para>Elkeen, sonder diskriminasie, het die reg tot gelyke betaling vir gelyke werk.</para>
         </listitem>
         <listitem>
            <para>Elkeen wat werk kan aanspraak maak op regverdige vergoeding wat aan hom en sy familie ’n menswaardige bestaan verseker en wat aangevul kan word deur ander vorms van sosiale sekerheid, indien nodig.</para>
         </listitem>
         <listitem>
            <para>Elkeen het die reg, ter beskerming van sy belange, om vakbonde te stig en daarby aan te sluit</para>
         </listitem>
      </orderedlist>
   </article>
   <article number="24">
      <title>Artikel 24</title>
      <para>Elkeen het die reg tot rus en vrye tyd, insluitend redelike beperkings op werksure en periodieke betaalde verlof.</para>
   </article>
   <article number="25">
      <title>Artikel 25</title>
      <orderedlist>
         <listitem>
            <para>Elkeen het die reg tot ’n lewenspeil wat voldoende is vir gesondheid, welsyn vir homself en sy familie, insluitende kos, klere, behuising, mediese sorg en noodsaaklike bestaansekerheid, en die reg tot voordele of onderstandsgeld tydens werkloosheid, siekte, ongeskiktheid, weduweeskap, ouderdom of ’n tekort aan lewens‐middele tydens omstandighede buite sy beheer.</para>
         </listitem>
         <listitem>
            <para>Moeders en kinders kan aanspraak maak op spesiale sorg en hulp. Alle kinders, hetsy binne‐ of buite‐egtelik, sal dieselfde sosiale beskerming geniet.</para>
         </listitem>
      </orderedlist>
   </article>
   <article number="26">
      <title>Artikel 26</title>
      <orderedlist>
         <listitem>
            <para>Elkeen het die reg tot opvoeding. Opvoeding sal gratis wees, ten minste in die elementêre en fundamentele stadiums. Elementêre opvoeding sal verpligtend wees. Tegniese en professionele opvoeding sal geredelik beskikbaar wees en ho’r opvoeding sal net so geredelik op meriete beskikbaar wees.</para>
         </listitem>
         <listitem>
            <para>Opvoeding sal gemik wees op die volle ontwikkeling van die menslike persoonlikheid en op die bevordering van respek vir menseregte en fundamentele vryheid. Dit sal begrip, verdraag‐saamheid en vriendskap tussen alle nasies, rasse of etniese groepe bevorder, asook die aktiwiteite van die Verenigde Volke in die handhawing van vrede.</para>
         </listitem>
         <listitem>
            <para>Ouers het die reg om te kies watter tipe opvoeding hulle kinders ontvang.</para>
         </listitem>
      </orderedlist>
   </article>
   <article number="27">
      <title>Artikel 27</title>
      <orderedlist>
         <listitem>
            <para>Almal het die reg om vrylik aan die kulturele lewe van hul gemeenskap deel te neem, om die kunste te geniet en in wetenskaplike vooruitgang en voordele te deel.</para>
         </listitem>
         <listitem>
            <para>Elkeen het die reg tot die beskerming van die morele en materi’le belange wat spruit uit enige wetenskaplike, letterkundige of kunswerk deur hom geproduseer.</para>
         </listitem>
      </orderedlist>
   </article>
   <article number="28">
      <title>Artikel 28</title>
      <para>Elkeen is geregtig op ’n sosiale en internasionale orde waarin die regte en vryhede beskryf in hierdie Verklaring ten volle verwesenlik kan word.</para>
   </article>
   <article number="29">
      <title>Artikel 29</title>
      <orderedlist>
         <listitem>
            <para>Elkeen het verpligtinge teenoor die gemeenskap waar alleenlik die vrye en volle ontwikkeling van sy persoonlikheid moontlik is.</para>
         </listitem>
         <listitem>
            <para>In die uitoefening van regte en vryhede, sal elke mens slegs onderworpe wees aan die wetlike beperkinge ingestel om deeglike erkenning en respek vir die regte en vryhede van ander te verseker en om die redelike vereistes na te kom vir sedelikheid, openbare orde en die algemene welsyn van ’n demokratiese gemeenskap.</para>
         </listitem>
         <listitem>
            <para>Hierdie regte en vryhede mag in geen geval strydig met die doelwitte en beginsels van die Verenigde Volke uitgeoefen word nie.</para>
         </listitem>
      </orderedlist>
   </article>
   <article number="30">
      <title>Artikel 30</title>
      <para>Niks in hierdie Verklaring mag interpreteer word as impliserend dat enige Staat, groep of persoon die reg het om deel te neem aan enige aktiwiteit of enige daad wat gerig is op die beskadiging van enige regte en vryhede hierin beskryf nie.</para>
   </article>
</udhr>