<?xml version="1.0" encoding="UTF-8"?>

<!--© The Office of the High Commisioner for Human Rights-->

<udhr iso639-3='yao' xml:lang='yao' key='yao' n='Yao' xmlns="http://www.unhchr.ch/udhr">
  <title>Mkamulano Wa Ilambo Yoscope Pa Ufulu Wa Chipago Wa Wandu</title>
  <preamble>
    <title>Malowe Gandanda</title>
    <para>Aga ni maufulu gakasapagwa nago mundu jwalijose gigalembekwe ni chiwanja cha United Nations mumkamulano wakolanjikwa Universal Declaration of Human Rights.</para>
    <para>Pa 10 December, 1948, chiwanja cha United Nations chajitichisye mitwe ja ufulu wa chipago wa mundu jwalijose. M'buku aji tugagopolele mchiyao kuti wandu wa chiyao apate upile wakugamanya nambo soni kugakamulisya masengo maufulu gakulekanganalekangana ga chipago. Ayi tuyitesile soni kuti wandu amanyilile mwampaka apatile chikamuchisyo naga ayiweni kuti boma, mundu, kampani, kapena mpingo yikumlepekasya kutama ni ufulu wakwe mpela yiwatite pakumpa Mlungu.</para>
    <para>Chiwanja cha United Nations chilichitamilisye jele mitweji, chayiwendile yilambo yayili mamembala gakwe kuti ijenesye posepose jele mitweji kuti wandu ajimanyilie nikujikamulisya masengo. M'yoyo, kugopolelekwa kwa-jele mitweji mchiyao lili litala limpepe lya kamuchisya kwenesya ngani ja ufulu wachipago, nambo soni kuti wandu asimichisye kuti ilambo ni iwanja yenjinji yikusosa kuti wandu pa chilambo chapasi atameje mwa ufulu usyesyene.</para>
    <para>Wandu wosope akwete maufulu gachitatuile gagali gakupagwa nago. Paligongo ali, chiwanja cha United nations chilipeleche kugagosa maufulu ga mundu jwalijose. Munkamulano wa Universal Declaration of Human Rights, chiwanjachi chikulongosola ya maufulu ga kupangwa nago ga wandu gakulekangana lekangana. Gele maufulu gali getu. Tugamanyilie tugagose, tumanyisyane, ni kugatetela kuti wandu wane akatulepelesya kuwanago.</para>
    <para>Mkamulanowu wagopolekwe mchiyawo ni chikamuchisyo chakutyochela ku United Nations Office of the High Commissioner for Human Rights pa kumbuchila yaka 50 yamkamulanowu Tukutogolela kwejinji ku chele chiwanjachi nambo soni wandu wosope wiwakamuchisye pa masengo gosope gigakamuchisye kuti mkamulanowu ugopolelekwe mchiyawo.</para>
  </preamble>
  <article number="1">
    <title>Mtwe 1.</title>
    <para>Wandu wosope akasapagwa ni ufulu ni uchimbichimbi wakulandana. Asapagwa ni lunda, niwakupakombola ganisya, m'yoyo kukusosekwa kuti mundu jwalijose am'woneje mundu jwimwe mpela mlongomjakwe.</para>
  </article>
  <article number="2">
    <title>Mtwe 2.</title>
    <para>Mundu jwalijose akwete maufulu galembekwe mmitwe josope jamkamulano awu mwangalola mtundu, chiwecheto, mpingo, chipani, nganisyo, chikulupi, ipanje, upagwe, kanga kuti walume kapena wakongwe ni yindu ine. Nambo soni pokasipawa kulekanga ligongo lya ndale kapena chilambo chakutyochela mundu.</para>
    <para/>
  </article>
  <article number="3">
    <title>Mtwe 3.</title>
    <para>Mundu jwalijose akwete ufulu wakola umi, kutama mwagopoka nambo soni kola chitetezo chakwanila.</para>
  </article>
  <article number="4">
    <title>Mtwe 4.</title>
    <para>Mundu akasawa kapolo kapena kamulisikwa masengo mpela kapolo. Ukapolo ni malonda ga achikapolo galigakulekasikwa mchilambo chosope chapasi.</para>
  </article>
  <article number="5">
    <title>Mtwe 5.</title>
    <para>Mundu akasasausikwa pakumtimba ni kumtenda kandu kane kalikonse ka ngalwe nambo soni akasapochela chilango changam'wajila pa umundu wakwe.</para>
  </article>
  <article number="6">
    <title>Mtwe 6.</title>
    <para>Mundu jwalijose awonekwe mpela mundu pa malamusi ga kwinekulikose.</para>
  </article>
  <article number="7">
    <title>Mtwe 7.</title>
    <para>Wandu wosope ali wakulandana pasi pa malamusi, m'yoyo akwete chitetezo chakulandana mmalamusi mwangalola ngope. Wandu wosope akwete chitetezo chakuti pakasipapagwa lusagu ligongo lusagulo luli lwakutindana ni mitwe jijikusimanikwa mumkamulano awu.</para>
  </article>
  <article number="8">
    <title>Mtwe 8.</title>
    <para>Mundu jwalijose akwete ufulu wakupata chikamuchisyo kutyochela ku ganya ja kwimba magambo naga ufulu wakwe wachipago wakusimanikwa mmalamusi ga chilambo, nganiuchimbichikwa ni boma kapena wandu wane.</para>
  </article>
  <article number="9">
    <title>Mtwe 9.</title>
    <para>Mundu akasakamulikwa ukaidi pamagongo gangalumbana nambo soni akasatoposyekwa mchilambo pa magongo gangamanyika chenene.</para>
  </article>
  <article number="10">
    <title>Mtwe 10.</title>
    <para>Mundu akwete ufulu wakwimbikwa magambo panganya jijili jakulumbana mwangalola ngope mwakuwanjilana ni ufulu wa mundujo, ulemwa wakwe ni yindu yine yakusosekwa kuti mundujo ayigose.</para>
  </article>
  <article number="11">
    <title>Mtwe 11.</title>
    <orderedlist>
      <listitem>
	<para>Mundu jwakumganichisya kuti alewile ulemwa wakuwajilwa chilango, awonekwe mpela jwangali ulemwa mpaka nganya jakwimba magambo jilijisimichisye kuti mundujo ali jwakulemwa nditu pakuya malamusi, magambogo soni galigajimbikwe panganya jijapele upile wandu wane kupikanila magambogo nambo soni jijampele upile mundujo wakuliwachetera mwantendere ni mwangali woga.</para>
      </listitem>
      <listitem>
	<para>Mundu akasajimbikwa magambo pa ulemwa wuwatesile malamusi gakwamba ulemwa mpela welewo mkanigaichikwe. Nambo soni akasapochela chilango chachikulungwa kupunda chiwawajilwe kuchipochela pakatema kiwalemwise atamuno malamusi galigasindile.</para>
      </listitem>
    </orderedlist>
  </article>
  <article number="12">
    <title>Mtwe 12.</title>
    <para>Mundu akole ufulu wakutama mwangasokonesyekwa pewasa lyakwe ni panyumba jakwe. Ikalata yakwe soni ikasiiunguligwa ni wandu wane. Mundu amsunjile uchimbichimbi wakwe ndawi syosope, m'yoyo mundu atetelekwe ni malamusi kuti yindu yeleyi ikasiyitendekwaga.</para>
  </article>
  <article number="13">
    <title>Mtwe 13.</title>
    <orderedlist>
      <listitem>
	<para>Mundu jwalijose akwete ufulu wakwendajenda nambo soni kutama mchilambo chilchose.</para>
      </listitem>
      <listitem>
	<para>Mundu jwalijose akwete ufulu wakutyoka mchilambo chilichose, atamuno chakumangwakwe, nambo soni kuujila kumangwakweko.</para>
      </listitem>
    </orderedlist>
  </article>
  <article number="14">
    <title>Mtwe 14.</title>
    <orderedlist>
      <listitem>
	<para>Mundu jwalijose akwete ufulu wakutilila kuchilambo chilichose naga kumangwakweko kulikwana ipwetesi.</para>
      </listitem>
      <listitem>
	<para>Wele ufulwu ngawamkutyosyekwa pa mundu atamuno ipwetesi yakutila kumangwakweo im'wichile ligongo lya ulemwa pa yindu yangawa yandale kapena soni ulemwa wakuti ni wa United Nations whose akuwuwona kuti uli ulemwa usyesyene.</para>
      </listitem>
    </orderedlist>
  </article>
  <article number="15">
    <title>Mtwe 15.</title>
    <orderedlist>
      <listitem>
	<para>Mundu jwalijose akwete ufulu wakuwa jwa mchilambo chilichonse (Mbadwa)</para>
      </listitem>
      <listitem>
	<para>Mundu akasalepelekasikwa kuwa jwamchilambo chilichose, nambo soni kusama kuchilambo chakumangwakwecho kuja kutama kuchilambo chine naga ali asachile kuti ajile m'yoyo.</para>
      </listitem>
    </orderedlist>
  </article>
  <article number="16">
    <title>Mtwe 16.</title>
    <orderedlist>
      <listitem>
	<para>Mundu jwamlume ni jwamkongwe wayikene pamsingu wakulombela, alombane mwangalola mutundu, mpingo kapena chilambo chakutyochela. Akulombanawo akwete maufulu gakulandana pewasopo nambo soni pakumala pa liwasalyo.</para>
      </listitem>
      <listitem>
	<para>Wandu alombane mwangachiliswa akulombanawo aliajitichisye kuti ulombelawo akuusaka.</para>
      </listitem>
      <listitem>
	<para>Liwasa lili ndandililo ja mundu wa wandu, m'yoyo lipocheleje uchimbichimbi ni wandu wosope nambo soni boma.</para>
      </listitem>
    </orderedlist>
  </article>
  <article number="17">
    <title>Mtwe 17.</title>
    <orderedlist>
      <listitem>
	<para>Mundu jwalijose akwete ufulu wakola chipanje mwajika kapena, mwakamulana ni wandu wane.</para>
      </listitem>
      <listitem>
	<para>Mundu akasasumulikwa chipanje chakwe.</para>
      </listitem>
    </orderedlist>
  </article>
  <article number="18">
    <title>Mtwe 18.</title>
    <para>Mundu jwalijose akwete ufulu waganisya mwakusachila ni kuwa jwampingo uliwose. Mundu soni akwete ufulu wakusinda chikulpi chakwe nambo soni mpingo wake. Mundu akwete soni ufulu wakwajiganya wandu wane mwajika kapena ni achimjakwe yindu yakwayana ndi chikulupi chakwe kapena mpingo wakwe, kwisa soni kutenda yindu yaliyonse yakwayana nichikulupi chakwecho.</para>
  </article>
  <article number="19">
    <title>Mtwe 19.</title>
    <para>Mundu jwalijose akwete ufulu wakola nganisyo syakwesyakwe kwisa soni ufulu wakuwecheta. Mundu akasasokonesyekwa nganisyo syakwe, akole ufulu wakusosasosa ngani ni nganisyo sya wandu wane, kusipikana, nambosoni kusisala kwa wandu wane pa wayilesi, m'yikalata ni matala gane mwangalola malile ga yilambo.</para>
  </article>
  <article number="20">
    <title>Mtwe 20.</title>
    <orderedlist>
      <listitem>
	<para>Mundu jwalijose akwete ufulu wakusongana ni achimjakwe mwamtendere nambo soni kwinjira iwanja yakulekanganaleangana.</para>
      </listitem>
      <listitem>
	<para>Mundu akasachisikwa kwinjila mchiwanja chine chilichonse.</para>
      </listitem>
    </orderedlist>
  </article>
  <article number="21">
    <title>Mtwe 21.</title>
    <orderedlist>
      <listitem>
	<para>Mundu jwalijose akwete ufulu wakwendetsa nawo boma ja chilambo chakumangwakwe, mwanjika kapena kupitila mwawandu wane wakusagulikwa pa chisajula.</para>
      </listitem>
      <listitem>
	<para>Mundu jwalijose akwete ufulu wakutumichilikwa ni boma ja mchilambo chakumangwakwe.</para>
      </listitem>
      <listitem>
	<para>Boma jilamule chilambo naga wandu ali ajijitichisye kuti jijile m'yoyo kupitila mchisagula chakulumbana.</para>
      </listitem>
    </orderedlist>
  </article>
  <article number="22">
    <title>Mtwe 22.</title>
    <para>Mundu jwalijose apegwe upile wakuti apate yindu yosope yakum'wajila pa umi wakwe. Boma pampene ni maboma ga ilambo yine, itende yindu yosope yakuti yimtolele mundu ufulu pa yambiya, pa misyungu ja mtundu wa mundujo yiyili yakusosekwa mnope kuti mundu akole uchimbichimbi wakwanila nambo soni kuti akule chene</para>
  </article>
  <article number="23">
    <title>Mtwe 23.</title>
    <orderedlist>
      <listitem>
	<para>Mundu jwalijose akwete ufulu wakamula masego ufulu wakusagula masengo, wakumlemba masengo mundujo, amkamulisye masengogo mwachilungamo. Mundo akwete soni ufulu wakutetelekwa kuti akasawa pa ulova.</para>
      </listitem>
      <listitem>
	<para>Mundu jwalijose, mwangalola ngope apochele malipilo gakulandana ni achimjakwe naga ali akamwile masengo gakulandana.</para>
      </listitem>
      <listitem>
	<para>Mundu jwalijose jwakukamula masengo apocheleje mbiya syakuti simkwanileje jwalakwe ni liwasa lyakwe chindu chachili chakumpa mundu uchimbichimbi. Nambo naga mbiyasyo ngasikukwana boma jimpeje mbiya sine pa chanya pa syakupochelasyo.</para>
      </listitem>
      <listitem>
	<para>Mundu jwalijose akwete ufulu wakupanganya kapena kwinjila bungwe ja wandu wakamula masengo.</para>
      </listitem>
    </orderedlist>
  </article>
  <article number="24">
    <title>Mtwe 24.</title>
    <para>Mundu akwete ufulu wakupumula nambo soni ng'anda. Mundujo soni, akasakamuliskwa masengo ndawi jajilewu mnope. Akoleje soni ndawi jakupumula jajilewu (Holiday), mundawi jeleji mundujo apocheleje soni malipilo.</para>
  </article>
  <article number="25">
    <title>Mtwe 25.</title>
    <orderedlist>
      <listitem>
	<para>Mundu jwalijose akwete ufulu wakutama umi wambone wangalwalalwala kwajwalakwejo nambo soni liwasa lyakwe pa kola yakulya, yakuwala, mtela ni yindu yine yakamuchisya pa umi wakwe. Mundujo soni akole yindu yakwanila kuti tiyimkamichisye naga masengo gali gammalile, kapena ali alwasile, ali alemele, ali akalambele, mwine soni ali awililwe.</para>
      </listitem>
      <listitem>
	<para>Uchembele ni uwanache ipochele chikamuchisyo chakwanila. Wanache wosope, wakupagwila mwiwasa kapena iyayi, awonekwe mpela wandu wakulandana.</para>
      </listitem>
    </orderedlist>
  </article>
  <article number="26">
    <title>Mtwe 26.</title>
    <orderedlist>
      <listitem>
	<para>Mundu jwalijose akwete ufulu wakulijinganya. Sukulu siwesyalulele makamaka mmakalasi gaganondi. Wanache achisikwe kuti alijiganye mmakalasi gamanondiga. Wandu akole upile wakwinjila mmuasukulu gakwiganya masengo. Masukulu gane mpela Univesite, wakupambanapewo ni wakuwajilwa kwinjila.</para>
      </listitem>
      <listitem>
	<para>Sukulu jimkamuchisyeje mundu kuti akule ni misyungu jambone mipingo. Sukulu jikamuchisye soni pa masengo ga United Nations gakutamilsya mtendele pa chilambo shesope chapasi.</para>
      </listitem>
      <listitem>
	<para>Achinangolo akwete ufulu wakwasagulila wanache wawo mtundu wa sukulu jakusaka kuti wanache wawewo akalinjiganye.</para>
      </listitem>
    </orderedlist>
  </article>
  <article number="27">
    <title>Mtwe 27.</title>
    <orderedlist>
      <listitem>
	<para>Mundu jwalijose akwete ufulu wakutenda nawo yindu yakumtundu kwake, kutenda nawo mang'asi, yakwambula niyakusepasepa ni yindu yine nambo soni kupata nawo chikamuchisyo chilichonse chakopoka mu yinduyo.</para>
      </listitem>
      <listitem>
	<para>Yindu iliyonse yapatile mundu kutyochela mmang'asi, yakwambula yakulembalemba, yakusepasepa, yili yakwe. Boma jimpe mundu chitetezo pa yindu yeleyi ligongo yikopweche mulanda lwakwe.</para>
      </listitem>
    </orderedlist>
  </article>
  <article number="28">
    <title>Mtwe 28.</title>
    <para>Mundu jwalijose akwete ufulu wakutama mchilambo mwamtendele kuti akomboleche kuwa ni maufulu gagali mumkamulano awu.</para>
  </article>
  <article number="29">
    <title>Mtwe 29.</title>
    <orderedlist>
      <listitem>
	<para>Mundu akwenela kuchitendela chilambo chakwe yindu yine ni yine. Yinduyi iwe iyoyo yiyili yangamlepelekasya mundujo kula ni kola nganisyo ni maufulu gakwe gakwanila chenene.</para>
      </listitem>
      <listitem>
	<para>Maufulu ga wandu gakole malile mmalamusi ga chilambo kuti ufulu wajwine ukasiusokonesya ufulu wamjakwe nambo soni kuti ikamuchisye kusunga misyungu ni mtendele mchilambomo.</para>
      </listitem>
      <listitem>
	<para>Maufulu gelega gakasigakamulisikwa masengo mwakutindana ni malamusi ga chiwanja cha United Nations.</para>
      </listitem>
    </orderedlist>
  </article>
  <article number="30">
    <title>Mtwe 30.</title>
    <para>Mkamulunano awu ngaukupeleka ufulu kwa chilambo chine chilichose, likuga, kapena mundu jwalijose wakutenda chindu chine chilichose chimpaka chayochesye wandu maufulu gawo gagali mumkamulanowu.</para>
  </article>
</udhr>
