<?xml version="1.0" encoding="UTF-8"?>

<!--© The Office of the High Commisioner for Human Rights-->

<udhr iso639-3='cbt' xml:lang='cbt' key='cbt' n='Chayahuita' xmlns="http://www.unhchr.ch/udhr">
   <note>
      <para>10 de Diciembre 1948 na'a hua'ano'sa' niyontonpi. Nisha nisha Copirno'sari a'parin ninontacaiso marë'. Ya'ipi piyapi'sa' noya ya huëina', ta'caiso marë' ninontopi. Ninontohuachinara, iso quirica ninshitopi. -Nisha nisha nananquë ninshitoco'. Ya'ipi parti a'paco' ya'ipi piyapi nitotacaiso marë' topi. Piyapi niyontonpachina, sha 'huichina'. Escuelarn'saquë a 'chinchina', topi.</para>
   </note>
   <title>COPIRNORO'SA' NAPORINSOPITA YA'IPI PIYAPI NOYA YA'HUËCAISO MARË'</title>
   <preamble>
      <title>SHA'HUICHINQUËMA'</title>
      <para>Ya'ipi piyapi'sa' noya ya'huëina'. Ama incari tëranta' topinan quëran ana'inchinasohuë'. Ina quëran ya'ipi parti noya nini'tëhua' ya'huërëhua huachi.</para>
      <para>A 'naquën piyapi 'sa' co nosorohuachinahuë', chiniquen aparësitopi. A'na tahuëri tëpapi. Inaso' pa'pi co noyahuë' tënëhua'. Nonpiso marë', yonquipiso marë' Co ana'intacaso' ya'huërinhuë'. Naporahuaton, ya'ipi piyapi ma'sha ya'huëchina' Co nohuantërëhuahuë' a nayanquënpoatëranta' pahuantinpoaso.</para>
      <para>Ya'ipi Copirnoro'sa' noya hua'anëntinpoaso' ya 'huërin. Ama topinan quëran ana'inchinpoasohuë'. Topinan quëran aparësitohuachinpoara, a'naquën chiniquën no'huihuachina yaahuëtopi. Ina quëran a'na copirno acopi huachi.</para>
      <para>Ya'ipi Copirnoro'sa' noya nini'tona' ya'huëina'. Ama nino'huiatonahuë', ama quira niinasohuë', tënëhua'. Ya'nan niyontonëhuaso' ninshitërëhua'. -Ya'ipi piyapi 'sa' noya ya'huëina', tënëhua'. Quëmapi'sa', sanapiro'santa' napopianachin Copirnoro'sari noya niina'. Ya'ipi piyapi'sa' catahua'hua' noya noya ya'huëcaiso marë', tënëhua'.</para>
      <para>Ya'ipinpoa' nani chinotërëhua' piyapi'sa' catahuahuaso'. Ya'ipinpoa' noya nini 'tëhua', ya'huëa'hua', ta'tëhua', nanan a'pa'hua' piyapi'sa' noya ya'huëcaiso marë'.</para>
      <para>Napoaton iso quirica ninshitërëhua' ya'ipi piyapi'sa' nitotacaiso marë'.</para>
      <para>HUA'ANO'SACOI NIYONTONPATOIRA</para>
      <para>sha'huitërai</para>
      <para>YA'IPI PIYAPI'SA' NOYA YA'HUËINA' TËNËHUA'. Ya'ipi opirnoro'sa' inapochachi yonquiina'. Ya 'ipi escuelaro'saquë a 'chinchina'. Mashoro'santa' anitotacaiso' ya'huërin. Ina quëran ya'ipinpoa' nitotohuatëhua', nicatahua'hua' noya noya nini'tëhua' ya'huëcaiso marë</para>
   </preamble>
   <article number="1">
      <title>1.</title>
      <para>Ya'ipi piyapinpoa' capini noya ninosorocaso' ya'huërin. Ya'ipinpoa' yonquirëhua'. Noya nicacaso' nitotërëhua'. Napoaton iyanpoa pochin ninosorocaso' ya 'huërin.</para>
   </article>
   <article number="2">
      <title>2.</title>
      <para>Ya'ipi piyapi napopianachin noya ninia'hua'. Nisha nisha nirihuarahuënta' ninosorocaso' ya'huërin. Nisha nisha nananquë nonëhua'. Nisha nisha imarëhua'. A 'naquënpoa' yaraton, a 'naquënpoa' huiriton, a 'naquënpoa' quëmapinpoa', a'naquënpoa' sanapinpoa'. A 'naquënpoa' ma 'huano 'sanpoa', a 'naquënpoa' Co na 'a ma'sha ya'huëtërinpoahuë'.</para>
      <para>Nisha nisha nirihuarahuënta' ninosorocaso' ya'huërin. Nisha nisha hua'anëntërinquë ya'huëpirëhuahuë', napopianachin nini'tëhua', ya'huëa'hua'.</para>
   </article>
   <article number="3">
      <title>3.</title>
      <para>Co topinan quëran tëpacaso' ya'huërinhuë'. Co topinan quëran tashinan pëiquë po 'mocaso' ya'huërinhuë'.</para>
   </article>
   <article number="4">
      <title>4.</title>
      <para>Co piyapinpoa' nipa'anacaso' ya'huërinhuë'. Co topinan quëran asacatacaso ya'huërinhuë'. Piyapi inaora nohuanton sacachina'. Co sacatacaiso' nohuantohuachinahuë', ama sacachinasohuë'.</para>
   </article>
   <article number="5">
      <title>5.</title>
      <para>Ama topinan quëran ana 'inchinsohuë'. Ama topinan quëran chiniquën aparësichinsohuë'.</para>
   </article>
   <article number="6">
      <title>6.</title>
      <para>Ya'ipi copirnoro'sa' no'tëquën sha'huitacaso' ya'huërin. Nisha nisha piyapi nipirinhuë' napopianachin ninosorocaso' ya'huërin, tënëhua'.</para>
   </article>
   <article number="7">
      <title>7.</title>
      <para>Copirnoro'sa' no'tëquën hua'anënchina'. Ya'ipi piyapi napopianachin noya ni 'ina'. Napopianachin a'paiina'. Ama topinan quëran ana'inchinsohuë'.</para>
   </article>
   <article number="8">
      <title>8.</title>
      <para>A 'napitari topinan quëran aparësitohuachinpoa', coisëquë sha'huitacaso' ya'huërin. No'tëquën ana 'inchin.</para>
   </article>
   <article number="9">
      <title>9.</title>
      <para>Co topinan quëran tashinan pëiquë po'mocaso ya'huërinhuë'. Co topinan quëran a'na parti a'pacaso ya'huërinhue.</para>
   </article>
   <article number="10">
      <title>10.</title>
      <para>A'napita sha'huirapihuachinpoa', Co topinan quëran ana'intacaso' ya'huërinhuë'. Coisë noya natanchin. Ina quëran no'tëquën sha'huichin. Ya'ipinpoa' napopianachin nicatonpoa', no 'tëquën sha 'huitinpoaso' ya'huërin.</para>
   </article>
   <article number="11">
      <title>11.</title>
      <orderedlist>
         <listitem>
            <para>A'na piyapi sha'huirapihuachinpoa', Co a'naroachin ana 'intinpoaso' ya'huërinhuë'. Co nimara naporinhuë', ta'ton, coisë nóya natainpoa'. Ina quëran oshaquëran yonquiina'. Tëhuënchachi nitotaquë huarë' ana'intacaso' ya'huërin. Co tëhuënchachi nitotohuachinhuë', ama ana'inchinsohuë'.</para>
         </listitem>
         <listitem>
            <para>Copirno nani pënënpachinpoa', no'tëquën ana 'intërinpoa'. Co pënënpachinpoahuë', Co ana 'intinpoaso' ya 'huërinhuë'. Nasha pënënpachinpoa', natëcaso' ya'huërin. Iraca Co pënënpachinpoarahuë', Co natëpatëhuahuë', Co ina arë' ana 'intinpoaso' ya 'huërinhuë'. Nani sha 'huitohuachinpoa', Co aquëtë ana'intinpoaso' ya'huërinhuë'.</para>
         </listitem>
      </orderedlist>
   </article>
   <article number="12">
      <title>12.</title>
      <para>Co ma'shanënpoa' niihuacaso' ya'huërinhuë'. Co ninshitërëhuaso' nisë 'huatacaso' ya'huërinhuë'. Co pinoinpoaso' ya 'huërinhuë'. Inapo 'tohuachinpoa', coisëri ana'inchin.</para>
   </article>
   <article number="13">
      <title>13.</title>
      <orderedlist>
         <listitem>
            <para>Ya'huërëhua quëran insëquësona yapa patëra, noya paacaso' ya'huërin.</para>
         </listitem>
         <listitem>
            <para>A'na hua'an quëran yapipihuatëra, noya pipicaso'. Ya'huërëhuaso parti yahuënantohuatëra, noya huëantacaso.</para>
         </listitem>
      </orderedlist>
   </article>
   <article number="14">
      <title>14.</title>
      <orderedlist>
         <listitem>
            <para>Copirno topinan quëran no'huihuachinpoa', yata'ahuatëhua', noya ta'acaso' ya'huërin a'na parti ya'huëcasomarë'.</para>
         </listitem>
         <listitem>
            <para>Nipirinhuë' Co noyahuë' nipatëhua', no'tëquën ana 'intacaso' ya 'huërin, Co ta 'acaso' ya 'huërinhuë'.</para>
         </listitem>
      </orderedlist>
   </article>
   <article number="15">
      <title>15.</title>
      <orderedlist>
         <listitem>
            <para>Ya'ipinpoa' nisha nisha Copirno ya'huëtërinpoa'. Ina catahuainpoaso' ya'huërin.</para>
         </listitem>
         <listitem>
            <para>Co topinan quëran a'painpoaso' ya'huërinhuë'. Nipirinhuë' a'na hua'anquë yaya'conpachina, tananpichin pa'in.</para>
         </listitem>
      </orderedlist>
   </article>
   <article number="16">
      <title>16.</title>
      <orderedlist>
         <listitem>
            <para>Quëmapi mashotohuachina, noya sa'acaso'. Nisha sanapi yamapachina inanta' noya tënëhua'. Nisha religion imarinso' mapachina, Co ina marë' copirnori nanitërinhuë' ana'intacaso'. sanapinta' payatohuachina, noya so'yacaso'. Nisha piyapi niponahuë', noya macacaso'. Quëmapi'sa', sanapi'santa' ma'sona nohuantohuachina, napoina.</para>
         </listitem>
         <listitem>
            <para>Sanapi Co nohuantohuachinhuë', Co so'yatacaso' ya huërinhuë'. Quëmapinta' Co nohuantohuachinhuë', Co ma'caso' ya'huërinhuë'.</para>
         </listitem>
         <listitem>
            <para>A'na quëmapi, sa'in, hui'ninpitarëchachi a'na huëntonaca' ninin. Noya ya'huëina'. Noya ya'huëcaso' Copirnori catahuain.</para>
         </listitem>
      </orderedlist>
   </article>
   <article number="17">
      <title>17.</title>
      <orderedlist>
         <listitem>
            <para>No'pa', ma'sha, inapita hua'anëntacaso ya'huërin. A'naquen inaora no'pa' hua'anëntërin. A'nanta' ya'ipi huënton no panën hua'anëntopi. Cato chachí noya.</para>
         </listitem>
         <listitem>
            <para>No'panën hua 'anëntohuachina', Co incaritëranta nanitënnhuë' ocoicaso.</para>
         </listitem>
      </orderedlist>
   </article>
   <article number="18">
      <title>18.</title>
      <para>Yonquirëhuaso marë' Co Copirno no'huiinpoaso ya'huërinhuë'. Religion imarëhuaso marënta' Co Copirno no'huiinpoaso' ya 'huërinhuë'. Nisha yaimapatëhua,, Co ina marë' aparësitinpoaso' ya'huërinhuë'. Yosë chinotacaso marë' niyontonpatëhua', Co ina marë' Copirno ana'intinpoaso' ya'huërinhuë'.</para>
   </article>
   <article number="19">
      <title>19.</title>
      <para>Ma'sona tëranta' yonquihuatëhua', a'napita yaa'chintohuatëhua', Co ina marë' Copirno ana'intinpoaso' ya 'huërinhuë'. Nanan a 'parëso marënta' noya, quiricaquëhuë nipon, natioquëhuë nipon, noya a'parë', natanë'. Ya'ipi parti inapotërë' noya natanacaiso marë'.</para>
   </article>
   <article number="20">
      <title>20.</title>
      <orderedlist>
         <listitem>
            <para>Piyapi yaniyontonpachina, niyontoina'. Noya niyontonacaiso' nipirinhuë' Co niahuëcaiso marëhuë' niyontoina'.</para>
         </listitem>
         <listitem>
            <para>- Quiya pochin natëco' ana'intochinquëma', itohuachinpoa', Co nohuantohuatëhuahuë', Co imacaso ya'huërinhue.</para>
         </listitem>
      </orderedlist>
   </article>
   <article number="21">
      <title>21.</title>
      <orderedlist>
         <listitem>
            <para>Ya'ipi piyapi hua'ano'sa' huayonacaso' ya'huërin. Nisha nisha ninano quëran huayonin. Inapita hua 'anëntërinpoa'.</para>
         </listitem>
         <listitem>
            <para>Ya'ipi piyapi nanitërin ma'sha pa'anacaso'. Pahuërëtohuachina, ya'ipi piyapi nanitërin ma'shaquë pacacaso . Camionquë, avionquë, nanchaquë, inapitaquë nanitopi pacacaiso'. Napopianachin Copirno sirihuirinpoa'.</para>
         </listitem>
         <listitem>
            <para>Ya'ipi piyapi Copirno huayoina'. Hua'ano'santa huayoina'. Catapini pi'ipi catapiní pi ipi quëran pochin huayoina'. Ya'ipi piyapi inahuara ninshitapi huayonacaiso mare.</para>
         </listitem>
      </orderedlist>
   </article>
   <article number="22">
      <title>22.</title>
      <para>Piyapi sacatohuachina, no'tëquën pahuërëtacaso' ya'huërin. Co sacatacaso' nanitohuachinhuë', pi'pian pi 'pian catahuacaso' ya 'huërin. Copirno nanitohuachina, coriqui, ma'sha inapita quëtacaso' ya'huërin. Co insonta' pahuantacaso' nohuantërëhuahuë'.</para>
   </article>
   <article number="23">
      <title>23.</title>
      <orderedlist>
         <listitem>
            <para>Piyapi yasacatohuachina, sacachina'. Ma sacatosona yanipachina, inaquë sacachina'. Asacatërinsopita piyapinënpita nosoroina'. Ama chini chin iquën asacachinsohuë'. 8acato ya'huëhuachina, asacachina.</para>
         </listitem>
         <listitem>
            <para>No 'tëquën pahuërëtacaso' ya 'huërin. Inachachi sacatohuachina, inachachi pahuërëtërë'. Nisha nisha piyapi nipirinhuë', inachachi pahuërëcaso' ya'huërin.</para>
         </listitem>
         <listitem>
            <para>No'tëquën pahuërëtacaso' ya'huërin. Noya nanpicaiso marë' pahuërëchina'. Pahuantohuachina, a'napita catahuacaso' ya'huërin.</para>
         </listitem>
         <listitem>
            <para>Co noyahuë' pahuërëhuachina', sacatoro sa' nanitërin niyontonacaiso . Ninontohuachina', a'na' acorin hua'an nontacaso mare. -Noya nosorocoi, no'tëquën pahuërëcoi, itohuachina, nataina', no'tëquën pahuërëchina'.</para>
         </listitem>
      </orderedlist>
   </article>
   <article number="24">
      <title>24.</title>
      <para>Co nani tahuëri asacatacaso' ya'huërinhuë'. Chinotacasonta' ya'huërin. Pita tahuëri Co sacatopirinahuë', pahuërëcaso' ya'huërin.</para>
   </article>
   <article number="25">
      <title>25.</title>
      <orderedlist>
         <listitem>
            <para>Noya sacatohuachina, noya pahuërëcaso' ya'huërin. Ya'ipi piyapi cosharo', pei ,nimirio, coton inapita nohuantopi. Co nohuantërëhuahuë' piyapi 'sa' pahuantacaiso'. Caniohuachina, Co nanitërinhuë' sacatacaso'. Mashoro'sa', quëyorono'sa' inapita Co nanitopihuë' aquëtë' canacaiso'. Napoaton inapita catahuacaso' ya'huërin.</para>
         </listitem>
         <listitem>
            <para>Sanapi hua'huanpachina, hua'huinëchachi a'napitari catahuaina'. Hua 'hua ma'patërinsonta' catahuaina'. Hua'huaro'sa' pahuantohuachina, Copirno pi'pian pi 'pian catahuaina'.</para>
         </listitem>
      </orderedlist>
   </article>
   <article number="26">
      <title>26.</title>
      <orderedlist>
         <listitem>
            <para>Copirnori escuelaro'sa' ya'ipi parti acoina'. Ya'ipi hua'huaro'sa' escuela imacaiso' ya'huërin. Primaria imacaiso marë' ama pahuërëchinasohuë'. Secundaria, escuela ocupacional inapita acocaso' ya'huërin. Inapita yaya'conpachina examen noya pipihuachina, noya ya'coina.</para>
         </listitem>
         <listitem>
            <para>Ya'ipi maistororo'sa' noya a'chinchina' hua'huaro'sa' noya noya yonquicaiso marë'. Ina quëran Co aquëtë nino'huipihuë'. Noya noya ninosorohuachina, Co a 'napita nocanapihuë'. Naporahuaton, ya 'ipinpoa' noya nini 'tëhua' ya huëa'hua huachi. Ina na'con nohuantërëhua'.</para>
         </listitem>
         <listitem>
            <para>Pa'pin, a'shin nohuanton, hui'ninpita escuelaquë ya coina'. Ama a'na piyapiri nisha escuelaquë po moinsohuë'.</para>
         </listitem>
      </orderedlist>
   </article>
   <article number="27">
      <title>27.</title>
      <orderedlist>
         <listitem>
            <para>Ninanoquë niyontonpi ma'sha nitotacaiso marë'. A 'naquën quirica ninshitërin, a 'naquën musica pi 'nirarin, a'naquën nonanpiso' pashitarin. Inapita nitotacaso marë' niyontonpachina, a'napita nohuantohuachina, pa'ina', noya nataina</para>
         </listitem>
         <listitem>
            <para>Nipro ninshitohuatëhua', hua'anëntërëhua'. Inapochachi nonanpiso', nitërata inapita pochin nipatëhua', hua'anëntërëhua'. Co inapita marë' a'napitari canacaso ya'huërinhuë'.</para>
         </listitem>
      </orderedlist>
   </article>
   <article number="28">
      <title>28.</title>
      <para>Ya'ipi parti noya nini'tëhua', ya'huëa'hua'. Ya'ipi Copirnoro'sa' piyapinënpita catahuaina' noya ya'huëcaiso mare</para>
   </article>
   <article number="29">
      <title>29.</title>
      <orderedlist>
         <listitem>
            <para>Co insonta' inaora ya'huërinhuë'. Ya'ipi piyapinpoa' noya ya'huëcaiso' nohuantohuatëhua', noya ninosorocaso' ya 'huërin. Nicatahuacaso' ya'huërin.</para>
         </listitem>
         <listitem>
            <para>Copirnoro'sa' pënëninpoa' Co nino'huicaso marëhuë', Co niahuëcaso marëhuë'. Noya nicatahuacaso marë' pënëninpoa'. Ina pochin nipatëhua', Co topinan quëran ana'intinpoaso' ya'huërinhuë'.</para>
         </listitem>
         <listitem>
            <para>Na'con yonquirai ya'ipi piyapi'sa' noya ya'huëcaiso marë'. Nisha yonquicaiso', nisha a'chinta¿aiso' Co nohuantëraihuë'. Ya'ipi noya nini'tëhua', noya noya ya'huëa'hua , tenehua'.</para>
         </listitem>
      </orderedlist>
   </article>
   <article number="30">
      <title>30.</title>
      <para>Nani ya 'ipi hua 'ano'sacoi, Copirno acorincoisopita pënënainquëma'. Ama nisha yonquicosohuë'. No'tëquën natëcoi, ya 'ipinpoa' noya nini 'tëhua', noya ya 'huëa'hua'.</para>
   </article>
</udhr>