<?xml version="1.0" encoding="UTF-8"?>

<!--© The Office of the High Commisioner for Human Rights-->

<udhr iso639-3='ady' xml:lang='ady' key='ady' n='Adyghe' xmlns="http://www.unhchr.ch/udhr">
   <title>Цlыху Хуэфащэхэм Теухуа Дунейпсо Джэпсалъэ</title>
   <note>
      <para>1948</para>
      <para>Federation of Caucasian Associations</para>
      <para>Kaffed</para>
      <para>Дунэепстэу къэрал зэгохьэныгъэм и зэфэсэу 1948 гъэм тыгъэгъазэм и 10-м щыIагъэм къыщаштагъ 217 А (III) зиномер унашъомкIэ.
</para>
   </note>
   <preamble>
      <title>Цlыф Фэшъуашэхэм Афэгъэхьыгъэ Дунэепстэу Джэпсалъ</title>
      <para>Дунэепстэу Къэрал Зэгохьэныгъэм (ДКъЗ) и Зэфэсым егъэIу;</para>
      <para>Дунэепстэу цIыфыгъэм къыхиубытэрэ хэтрэ зы цIыфи зэгохьэныгъи;</para>
      <para>мы джэпсалъэр сыдигъуи янэгу кIагъэтызэ, мыщ къыщыхэщырэ цIыф фэшъуашэхэмрэ фитыныгъэхэмрэ янэIэ зэрэтырагъэтырэм, фашIырэ лъытэныгъэм егъэджэныгъэ-гъэсэныгъэ гъогукIэ зырагъэужьынэу;</para>
      <para>хэгъэгу кIоцIхэми дунэепстэуми кIо къэсми нахьы зыщызыужьырэ амалхэр зыфагъэшъхьэпэзэ мы зэгохьэныгъэм хэт къэралхэм ежьымэ ялъэпкъхэри, яунашъо кIагъэтырэ нэмыкIрэ къэралмэ ялъэпкъхэри къызэкIиубытэу, дунэепстэум и тэдэрэ чIапIи мы цIыф фэшъуашэхэмрэ фитыныгъэхэмрэ къыщащтэным, лъэшэу щызэрагъэкIоным, щагъэцэкIэным фэкъудыинхэу,</para>
      <para>цIыф фэшъуашэхэм афэгъэхьыгъэу цIыф жъугъэхэми лъэпкъхэми язэфэдэ идеал</para>
      <para>шапхъэхэр къэзыгъэуцурэ мы дунэепстэу джэпсалъэр.</para>
   </preamble>
   <article number="1">
      <title>1-нэрэ пычыгъу</title>
      <para>ЦIыф пстэури шъхьэфитэу, ялъытэныгъэрэ яфэшъуашэхэмрэкIэ зэфэдэу къалъфы. Акъылрэ зэхэшIыкI гъуазэрэ яIэшъы, зыр зым зэкъош зэхашІэ азфагу дэлъэу зэфыщытынхэ фае.</para>
   </article>
   <article number="2">
      <title>2-нэрэ пычыгъу</title>
      <para>Хэтрэ цIыфи зэфэдэу фит мы джэпсалъэм хэт цІыф фэшъуашэхэмрэ фитыныгъэхэмрэ зыфигъэшъхьэпэнэу, зыщыщ расэм, ышъо, бзылъфыгъэ-хъулъфыгъэу зэрэщытым, ыбзэ, ыIыгъ диным, политичнэ е нэмыкIрэ еплъыкIэу иIэм, лъэпкъэу е цIыф купэу къызыхэкIыгъэм, мылъкоу иIэм, къызыщалъфыгъэм емылъытыгъэу зэхэдзынчъэу, фэгъэкIотэныгъэнчъэу.</para>
       <para>Ащ нэмыкIэу, къэрал шъхьэфити, нэмыкIым иунашъо кIэти, зышъхьэфитыжьныгъэ (автономие) зимыIи, нэмыкIрэу зы шъхьэфитыныгъэ лъахъэ зытелъи, сыд фэдэрэ къэралым ицIыфэу щытми хэтрэ цIыфи зэхэдзыныгъэ фашIы хъущтэп зыщыщ къэралым иполитичнэ е юридическэ системэ е дунэепстэу къэралхэм азфагу щыриIэ статусым къыхэкIэу.</para>
  </article>
   <article number="3">
      <title>3-нэрэ пычыгъу</title>
      <para>Псэуныр, шъхьэфитыныр, щынэгъончъагъэр хэти ифэшъуаш.</para>
   </article>
   <article number="4">
      <title>4-нэрэ пычыгъу</title>
      <para>Хэти пщылIэу плъытэ е пщIылIыпIэ ибгъэты хъущтэп, сыд фэдэ шIыкIэуи пщылIыгъэр, пщылI щэн-къэщэфыныр зыми фэбдэ мыхъунэу къоды.</para>
   </article>
   <article number="5">
      <title>5-нэрэ пычыгъу</title>
      <para>Хэти лъэшыгъэ епхьэлIэ хъущтэп, жъалымыгъэкIэ, цIыфыгъэм къемызэгъэу е инапэ зыгъэулъиин фэдэкIэ удэзекIо, ащ фэдэ тазыр теплъхьэ хъущтэп.</para>
   </article>
   <article number="6">
      <title>6-нэрэ пычыгъу</title>
      <para>Хэти фэшъуаш тэдэрэ чIапIи цIыфэу, юридическэ лицоу къыщалъытэнэу.</para>
   </article>
   <article number="7">
      <title>7-нэрэ пычыгъу</title>
      <para>Хэтрэ цIыфи къэрал хабзэм ипашъхьэ щызэфэд ыкIи къэрал хабзэм  къэухъумэныгъэхэр зэхэдзынчъэу, язэфэдэу зыфагъэшъхьэпэнэу фит. Хэти зэхэдзынчъэу, зэфэдэу фэшъуаш мы джэпсалъэм къемызэгъэу, зэхэдз зыхэлъ ІофшІашъохэми, ащ фэдэ ІофшІашъомэ сыд фэдэуи атегъэгушхонми къыщаухъумэнэу.</para>
   </article>
   <article number="8">
      <title>8-нэрэ пычыгъу</title>
      <para>Хэтрэ цIыфи фитыныгъэ иІ хабзэ шъхьэІэм е къэрал хабзэм къырипэсырэ цІыф фэшъуашэхэр зыукъорэ ІофшІашъо къызехъулІэкІэ фитыныгъэ зиІэ ухыякІохэм зафигъэзэнэу, зыкъаригъэухъумэнэу.</para>
   </article>
   <article number="9">
      <title>9-нэрэ пычыгъу</title>
      <para>Хэтрэ цIыфи лажьэ имыІэу аубыти, агъэтІыси, егъэзыгъэкІэ нэмыкІрэ чІапІэ афи хъущтэп.</para>
   </article>
   <article number="10">
      <title>10-нэрэ пычыгъу</title>
      <para>Хэтрэ цIыфи фитыныгъэ иІ ифэшъуашэхэмрэ ипшъэрылъхэмрэ аухэсы ыкІи ежьым зы лажьэ къытыралъхьэ зыхъукІэ зыми шІомылІыкІэу, зыми иунашъо кІэмытэу, зыми имытелъхьэу щыт ухыякІо шъхьэфит псэфитыр зэфагъэкІэ ыкІи нафэу иІоф ригъэплъынэу фэенэу.</para>
   </article>
   <article number="11">
      <title>11-нэрэ пычыгъу</title>
      <orderedlist>
         <listitem>
            <para>Зы лажьэ/шІэпхъэджагъэ зытыралъхьэрэ хэтрэ цІыфи зиухыижьыным пае зыфэныкъощт щынэгъончъагъэхэр зыщигъотынэу щыт ухыигъо нафэм икІэухэу, къэрал хабзэм тетэу агъэкъончафэкІэ хыеу къалъытэ, мыхыяшъо къыраплъырэп.</para>
         </listitem>
         <listitem>
            <para>Хэти агъэкъуанчэ хъущтэп, зешІэ лъэхъаным къэрал хабзэкІэ е дунэепстэу хабзэкІэ шІэпхъэджагъэу амылъытэщтыгъэ зы Іоф зэришІагъэм е ышІапхъэу къащыхъу горэ зэримышІагъэм къыхэкIыкІэ. Хэти шІэпхъэджагъэ зешІэм фэгъэуцугъэу щытыгъэ тазырым нахьыбэ тыралъхьэ хъущтэп.</para>
         </listitem>
      </orderedlist>
   </article>
   <article number="12">
      <title>12-нэрэ пычыгъу</title>
      <para>Хэтрэ цIыфи и гъэшІэ унае, иунагъо, иунэ е зэрэзэрашІэхэрэ шІыкІэхэм шъхьэусыгъончъэу зыри къыхэІэбэ хъущтэп, инапэ, ыцІэ къеІусэ хъущтэп. Хэти фитыныгъэ иІ мыщ фэдэ къыхэІэбэныгъэхэм къэрал хабзэкІэ зыкъащаригъэухъумэнэу.</para>
   </article>
   <article number="13">
      <title>13-нэрэ пычыгъу</title>
      <orderedlist>
         <listitem>
            <para>Хэтрэ цIыфи фитыныгъэ иІ зы хэтрэ зы къэрали ичІыналъэ шъхьэфитэу щызекІонэу, щыпсэунэу.</para>
         </listitem>
         <listitem>
            <para>Хэтрэ цIыфи фитыныгъэ иІ ежьы икъэрали ахэтэу тэдэрэ къэрали икощыкІынэу ыкІи икІэрыкІэу къыгъэзэжьынэу.</para>
         </listitem>
      </orderedlist>
   </article>
   <article number="14">
      <title>14-нэрэ пычыгъу</title>
      <orderedlist>
         <listitem>
            <para>Хэтрэ цIыфи фитыныгъэ иІ жъалымыгъэ/лые къырахынэу зыхъурэм, нэмыкІрэ къэрал ышъхьэ ригъэзынэу, шъхьэегъэзныгъэ амалхэр зыфигъэшъхьэпэнэу.</para>
         </listitem>
         <listitem>
            <para>Ау ишъыпкъапIэкIэ политичнэу щымыт шІэпхъэджагъэхэм е дунэепстэу къэрал зэгохьэныгъэм имурад, ибзыпхъэхэм къемызэгърэ ІофшІашъохэм къахэкІырэ дэодапшъэхэмкIэ мы фитыныгъэр зыфэбгъэшъхьэпэ хъущтэп.</para>
         </listitem>
      </orderedlist>
   </article>
   <article number="15">
      <title>15-нэрэ пычыгъу</title>
      <orderedlist>
         <listitem>
            <para>Хэтрэ цIыфи фитыныгъэ иІ зы къэралым ицІыфэу щытынэу.</para>
         </listitem>
         <listitem>
            <para>Хэтрэ цIыфи зицІыфэу щыт къэралым шъхьэусыгъончъэу хэбгъэкІы е нэмыкІрэ къэралым ицІыф хъунэу иІэ фитыныгъэм хэбгъэны хъущтэп.</para>
         </listitem>
      </orderedlist>
   </article>
   <article number="16">
      <title>16-нэрэ пычыгъу</title>
      <orderedlist>
         <listitem>
            <para>Зыныбжь икъугъэ хэтрэ бзылъфыгъи хъулъфыгъи фитыныгъэ иІ къызыхэкІыгъэ лъэпкъым, зицІыфэу щыт къэралым е динэу ыІыгъым къыхэкІэу зы пэрыогъуи къыфэмыуцоу, фитэу къыщэнэу, дэкІонэу, унагъо ышIэнэу.</para>
         </listitem>
         <listitem>
            <para>Зэрэщэн-зэдэкІоным фэгъэхьыгъэ зэзэгъныгъэр (нэчыхьэр), зэрэщэщт-зэдэкІощтхэм ежьмэ я шъхьэфитыныгъэ шъыпкъэрэ яшІоигъоныгъэ икъурэкІэ агъэпсы.</para>
         </listitem>
         <listitem>
            <para>Унагъуэр, цІыфыбэ-лъэпкъ псэукІэм и лъэбжъэ шъхьаIэшъы, ар цІыф жъугъэми къэралыми къеухъумэ.</para>
         </listitem>
      </orderedlist>
   </article>
   <article number="17">
      <title>17-нэрэ пычыгъу</title>
      <orderedlist>
         <listitem>
            <para>Хэтрэ цIыфи фитыныгъэ иІ ежьым иунаеу е нэмыкІрэхэр иІэхьэгъоу мылъку зригъэІэнэу.</para>
         </listitem>
         <listitem>
            <para>Хэтрэ цІыфи шъхьэусыгъончъэу имылъку къыIыпхы е хэбгъэны хъущтэп.</para>
         </listitem>
      </orderedlist>
   </article>
   <article number="18">
      <title>18-нэрэ пычыгъу</title>
      <para>Хэтрэ цIыфи гупшысэ, зэхашІэ ыкІи дин фитыныгъэ иІ. Мы фитыныгъэм къызэкІеубытэ изакъоу е купэу, нафэу е унаеу (шъэфэу) итхьафэІорышІэнхэр, идинкІэ шІапхъэхэр нэрылъэгъоу аригъэшІэн, ыгъэзэкІэн фитыныгъэри.</para>
   </article>
   <article number="19">
      <title>19-нэрэ пычыгъу</title>
      <para>Хэтрэ цIыфи фитыныгъэ иІ зэрэфаеу гупшысэнэу, игупшысэхэр къыІотэнэу. Мы фитыныгъэм къыхеубытэ цІыфыр игупшысэхэм фэшІыкІэ зыми къымыгъэгумэкІынэу, къэралыгъо гъунапкъэхэм ямылъытыгъэу шІэныгъэхэр, гупшысэхэр сыд фэдэрэ гъогукІи къылъыхъон, къыгъотын, зыIэрыгъэхьэн фитыныгъэри.</para>
   </article>
   <article number="20">
      <title>20-нэрэ пычыгъу</title>
      <orderedlist>
          <listitem>
            <para>Хэти фитыныгъэ иІ Іэшэнчъэу, зэо-бэнэнчъэу зэфэсынэу, хасэ зэхищэнэу, зэхэщэгъэ хасэм хэхьэнэу.</para>
         </listitem>
         <listitem>
            <para>Хэти зы хасэ хэхьэнэу ебгъэзы хъущтэп.</para>
         </listitem>
     </orderedlist>
   </article>
   <article number="21">
      <title>21-нэрэ пычыгъу</title>
      <orderedlist>
         <listitem>
            <para>Хэтрэ цIыфи фитыныгъэ иІ занкІэу ежьым е фитэу къыхихыгъэ лІыкІомэ яІэкІэ къэралым изегъэкІон Іофхэм ахэхьэнэу, ахэлэжьэнэу.</para>
         </listitem>
         <listitem>
            <para>Хэтрэ цIыфи фитыныгъэ иI икъэрали цIыф жъугъэми Къыфызэригъэпэшрэ амалхэр зэхэдзынчъэу, пстэуми афэдэу зыфигъэшъхьэпэнэу.</para>
         </listitem>
         <listitem>
            <para>Хьыкумэт Iэшъхьэтетныгъэм илъабжъэр къэралым и цIыф жъугъэм ишІоигъоныгъ ары. А шІоигъоныгъэр къэнафэ шъэф шIыкIэм тет хэхыныгъэ фит зафэхэу е цIыфмэ яшIоигъоныгъэхэр шъхьэфит-псэфитэу къызэрэгъэлъэгъошъущт нэмыкIрэ шIыкIэхэу, зыныбжь икъугъэ цIыф пстэуми афызэIухыгъэу, яIэIэтхэми зэфэдэ кIуачIэ яIэу, пIэлъэ гъэнэфагъэкIэ къытырагъэзэжьырэхэмкIэ.</para>
         </listitem>
      </orderedlist>
   </article>
   <article number="22">
      <title>22-нэрэ пычыгъу</title>
      <para>ЦIыф жъугъэм зэрэщыщым елъытыгъэу хэтрэ цIыфи социалнэ къэухъумэныгъэ фэшъуаш. Къэрал кIуачIэкIэ е къэралыгъомэ язэдэIэпыIэкIэ ыкIи хэтрэ къэрали ежьым игъэпсыкIэрэ иамалхэмрэ ялъытыгъэу хэтрэ цIыфи фитыныгъэ иI инапэрэ ицIыфыгъэрэкIэ гупсэфэу зэрэзиужьын ылъэкIыщт экономикэ, социалнэ ыкIи шIэнхабзэ IофкIэ зыфэныкъощт амалхэр рагъэгъотынэу.</para>
   </article>
   <article number="23">
      <title>23-нэрэ пычыгъу</title>
      <orderedlist>
         <listitem>
            <para>Хэтрэ цIыфи фитыныгъэ иІ лэжьэнэу, фитэу иIоф къыхихынэу, зэфагъэкIэ ыкIи фэшIу амалхэмкIэ лэжьэнэу ыкIи Iофынчъагъэм къыщаухъумэнэу.</para>
         </listitem>
         <listitem>
            <para>Хэтрэ цIыфи фитыныгъэ иI зэхэдзынчъэу зэфэдэ Iоф фэшI зэфэдэ уасэ къыратынэу.</para>
         </listitem>
         <listitem>
            <para>Хэтрэ цIыфи фитыныгъэ иI ежьыри иунагъуи цIыфым фэшъошэн псэукIэ иIэу зыгъэпсэун, ищыкIагъэ хъумэ зылыIэсышъунэу щыт сыд Фэдэр социалнэ къэухъумэныгъэхэмкIэ кIэгъэпытагъэу зы псэукIэ амал къезытын зылъэкIынэу зы лэжьэпкIэ фэшIу къыIэрыхьэнэу.</para>
         </listitem>
         <listitem>
            <para>Хэтрэ цIыфи фитыныгъэ иI ежьы ишIуагъэ пае хасэ (профсоюз, сендикэ) зэхищэнэу, ащ фэдэ зэхэщагъэм хэхьэнэу, хэтынэу.</para>
         </listitem>
      </orderedlist>
   </article>
   <article number="24">
      <title>24-нэрэ пычыгъу</title>
      <para>Хэтрэ цIыфи фитыныгъэ иІ зигъэпэсэфынэу, ынэгу зыригъэужынэу, пстэуми афэмыдэу илэжьэгъу пIалъэ цIыф фэшъуашэ шапхъэм итэу къыфагъэпсынэу, пIэлъэ гъэнэфагъэкIэ илэжьапкIи къыратызэ гъэпсэфакIо дэкIынэу.</para>
   </article>
   <article number="25">
      <title>25-нэрэ пычыгъу</title>
      <orderedlist>
         <listitem>
            <para>Хэтрэ цIыфи фитыныгъэ иІ ежьыри иунагъуи узынчъэн, тхъэгъо фэшъуашэ иIэу псэун пае шхыныгъо, шъуашэ, унэ ыкIи медицинскэ IэпыIэгъу ыгъотынэу. Хэти фитыныгъэ иI, Iофынчъагъэ, сымэджагъэ, фыкъуагъэ, лIыгъобагъэ, шъузэбагъэ, жъыгъэ ыкIи ежьым имыIэшIагъэ Iофыгъомэ къахэкIэу амалынчъагъэ, тхьэмыкIагъэ къылъысэу щытмэ къаухъумэнэу.</para>
         </listitem>
         <listitem>
            <para>Ныхэмрэ сабийхэмрэ фитыныгъэ яI ялыеу къыкIэлъыплъынхэу, къыдэIэпыIэнхэу. Зэрэщэгъэ зэлI-зэшъуз ибынэуи зэмышъхьэгъусэмэ къалъфыгъэуи щэрэт, сабий пстэуми а зы социалнэ къэухъумэныгъэ амалхэр язэфэдэу афагъэшъхьапэ.</para>
         </listitem>
      </orderedlist>
   </article>
   <article number="26">
      <title>26-нэрэ пычыгъу</title>
      <orderedlist>
         <listitem>
            <para>Хэтрэ цIыфи фит гъэсэныгъэ зэригъэгъотынэу. Анахь макIэмэ пэублэ ыкIи лъэбжъэ гъэсэныгъэр ахъщэнчъэу арагъэгъоты. Пэублэ гъэсэныгъэр уимыIэнкІэ амал имыІэу, егъэзыгъоу щыт. Техникэ ыкIи IэшIагъэ гъэсэныгъэр хэти фызэIухыгъэщт. Апшъэрэ гъэсэныгъэр зэхэдзынчъэу хэти фызэIухыгъэу щытын фае ежьым исэнауш (талант) елъытыгъэу.</para>
         </listitem>
         <listitem>
            <para>Гъэсэныгъэр цIыфым ицIыфыгъэм икъоу зыригъэужьыным фэшIоу гъэпсыгъэу ыкIи цIыф фэшъуашэхэмрэ фитыныгъэ шъхьаIэхэмрэ афашIырэ уасэр, лъытэныгъэр ыгъэлъэшыным, кIигъэпытэным фэунэтIыгъэу щытын фае. Гъэсэныгъэм цIыфхэр ригъэгушIун фае расэ пстэуми, лъэпкъ пстэуми, дин куп пстэуми азфагу гулъытэ, зэгурыIо, зэфэшIуныгъэ, зэныбджэгъугъэ дэлъынэу ыкIи мамырныгъэр къыухъумэным пае Дунэепстэу Къэрал Зэгохьэныгъэм ригъэкIокIырэ лъэжьыгъэм зыригъэужьэу щытын фае.</para>
         </listitem>
         <listitem>
            <para>Сабиймэ арагъэгъотыщт гъэсэныгъэр зыфэдэщтыр къыхэзыхынэу фитыр, пстэуми апэрэу янэрэ-ятэрэ ары.</para>
         </listitem>
      </orderedlist>
   </article>
   <article number="27">
      <title>27-нэрэ пычыгъу</title>
      <orderedlist>
         <listitem>
            <para>Хэти фитыныгъэ иІ цІыф жъугъэ шIэнхабзэ псэукIэм фитэу хэхьэнэу, хэлэжьэнэу, гъуазджэр зыфигъэшъхьэпэнэу, шIэныгъэ зыужьыныгъэм хэлэжьэнэу ыкIи ар зыфигъэшъхьэпэнэу.</para>
         </listitem>
         <listitem>
            <para>Хэти фитыныгъэ иI ежьым къыгъэшIыгъэ шIэныгъэ, жабзэ (литературэ), гъуазджэ IэшIагъэхэм мылъкоу, пкIэу, уасэу, лъытэныгъэу къапакIорэр къыфаухъумэнэу.</para>
         </listitem>
      </orderedlist>
   </article>
   <article number="28">
      <title>28-нэрэ пычыгъу</title>
      <para>Хэти фэшъуаш мы джэпсалъэм къыщыхэщырэ цIыф фэшъуашэхэмрэ фитыныгъэхэмрэ зэрагъэцэкIэшъунэу зы социалнэ ыкIи дунэепстэу гъэпсыкIэ системэ щыIэнэу.</para>
   </article>
   <article number="29">
      <title>29-нэрэ пычыгъу</title>
      <orderedlist>
         <listitem>
            <para>Хэти ежьы ицIыфыгъэ фитэу ыкIи икъоу зыригъэужьынэу амал къезытырэ цIыф жъугъэми къэралми фишIэжьын фаеу пшъэрылъхэр иIэх.</para>
         </listitem>
         <listitem>
            <para>Хэти ифэшъуашэхэр зыфигъэшъхьапэ ыкIи ифитыныгъэхэр зэрихьэ зыхъукIэ, нэмыкIми яфэшъуашэхэмрэ яфитыныгъэхэмрэ афадэн, ахэмэ лъытэныгъэ къафегъэшIыгъэн ыкIи демократичэскэ цIыф жъугъэм зэдыриIэ шэнхабзэр (этикэр), цIыф жъугъэ гъэпсыкIэр, щыIакIэр егъэшIокIоным иамалхэр къэухъумагъэ хъуным пае фэшIэу къэрал хабзэкIэ агъэнэфагъэ гъунапкъэмэ япхыгъэу щытыщт.</para>
         </listitem>
         <listitem>
            <para>Сыдэущтэуи орэхъу, мы цIыф фэшъуашэхэмрэ фитыныгъэхэмрэ зыфэбгъэшъхьэпэ, зепхьэ хъущтэп Дунэепстэу Къэрал Зэгохьагъэм и гурылъ-гурышIэхэмрэ ибзыпхъэхэмрэ (принципхэмрэ) адимыштэу, апэшIуекIоу.</para>
         </listitem>
      </orderedlist>
   </article>
   <article number="30">
      <title>30-нэрэ пычыгъу</title>
      <para>Мы джэпсалъэм къыхиубытэрэ зы хэбзэ гъэуцугъи зыгурыбгъаIо хъущтэп мыщ къыщиIотыкIыгъэ хэбзэ гъэуцугъэмэ ащыщ горэр ыIэтынэу, иукъонэу хэтрэ зы къэрали, купи, нэбгыри фитыныгъэ риты фэдэу.</para>
   </article>
</udhr>
