<?xml version="1.0" encoding="UTF-8"?>

<!--© The Office of the High Commisioner for Human Rights-->

<udhr iso639-3='qvc' xml:lang='qvc' key='qvc' n='Quechua, Cajamarca' xmlns="http://www.unhchr.ch/udhr">
  <title>[Universal Declaration of Human Rights]</title>
  <note>
    <para>Yaqqa yumbay nasyungunami kach'anllapa kamachikuqningunata suq atun kunsijuman, chaypi parlanambaqllapa pax kunapura. Chay atun kunsijuqami shutin "Tandadu Nasyunguna" ("Naciones Unidas"). Chay Tandadu Nasyungunapa awturidarninguna allita yuyashpa kay leykunata rurashqallapa. Ama qonqananchiqllapa chay shumaq ley kunatami, kanaqa rurashqallapana kanchiq kichwapipis.</para>
  </note>
  <preamble>
    <title>PUNTATA</title>
    <para>Yumbay runakuna warmikunda day pachapi tiyaqkunami runakuna kanchiqllapa. Runa masikuna kashpa, ayllukunashina shumaqta tiyashun, ama piñchinakushpachu. Ancha baliqkuna kashpa dirichuyuq kanchiq may munashqanchiqpi allita tiyananchiq, munashqanchiqpi trabajananchiq. Dirichuyuqmi kanchiq allin tiñntiyuq, allin juyisniyuq kananchiqpaq. Manam allichu pwidiqkuna qesachanambaq wakin runa masindaqa. ashwanmi atumbis, takshapis ima layapis kashpa, shumaqta atinchiqllapa kawsayta.</para>
    <para>Chayshina kaptimbis, wakin wapu runakunaq runa masinda qesachashpa, ancha maqashpa waqachishqallapa. Manam shonqonllapapiqa yuyashqallapachu "paxkunapismi noqashinalla dirichuyuq", nishpaqa. Amana chayshinachu tukunqallapa.</para>
    <para>Kaytam ninillapa yumbay runakunata:</para>
    <para>Aku shumaqta tiyaq, ama pitapis manchashpachu. Krisyishun munashqanchiqpi. Parlashun kriyishqanchiqta.</para>
    <para>Yumbay llaqtakunapi allin leykunata ruranqallapa atinambaqllapa akrayta munashqanllapa kamachikuqningunata. Chayshina ruraptinllapami, leyningunata allita kasushpaqa, mananam maqanakunqallapachu.</para>
    <para>Munanillapapismi yanapayta yumbay nasyungunata, shumaqta tiyanambaqllapa paykunapura, ama wanchinakushpachu.</para>
    <para>Kaytapis yuyashun: yumbay nasyunninchiqkunapi rurashqallapa leykunata yach'ananchipaq ollqopis, warmipis dirichuyuq nishpa. Pullapam bidanqa ancha balin. Chaymi nasyunninchiqkunapi ancha trabajanchiq shumaqta runakuna tiyanambaqllapa. Yanapanchiqpismi llaqta masinchiqkunata, dirichuyuq kanambaqllapa. Kay Tandadu Nasyungunapa Atun Kunsijunmi kashpallapa "runapa chay dirichunguna ancha balin" nishpa, kay diklarasyunda iskibrinillapa, tukuy wata liyishpa, animakananchiqpaq, ama qonqananchiqpaq, yach'achinanchiqpaq tukuy nasyunninchiqkunapa llaqtangunapi.</para>
  </preamble>
  <article number="1">
    <title>1. Punta kaq:</title>
    <para>Yumbay ollqokuna, warmikuna pullalla kashun leyninchiqkunawan. Manam ni pipapis kriyadunchu kanchiqllapa. Suqninchiq, suqninchiq atinchiqllapa yuyayta "imam alli, imam mana allichu" nishpa. Chayshina kaptin, shumaqta tiyashunllapa suq ayllushinalla.</para>
  </article>
  <article number="2">
    <title>2. Ishkay kaq:</title>
    <para>Kay niykashqayllapaqam yumbay runakunapaq; tukuy kastakunapaq, imalaya kaqpaqpis, ollqopaq, warmipaq, yumbay Iaya rimaqkunapaq, ima Iaya lutrinayuqpaqpis; kapuqkunapaqpis, mana nimayoqpaqpis ima Iaya partiduta sigiqkunapaqpis, tukuy pipaqmi kayqa.</para>
    <para>Kay nishqaykunaqam yumbay Iaya Ilaqtakunapaqpis: yumbay nasyungunapaq, yumbay prubinsyapaqpis.</para>
  </article>
  <article number="3">
    <title>3. Kimsa kaq:</title>
    <para>Yumbay runa, warmikunapis dirichuyuqmi shumaqta kawsanan kay pachapi. Atinllapapismi kriyiyta paykuna munashqambi. Chaymi yumbay runakuna dirichuyuq ama qesachadu kanambaqllapa.</para>
  </article>
  <article number="4">
    <title>4.Ch'usku kaq:</title>
    <para>Mananam kanqachu kriyaduqa. Manam atinchiqchu randiyta ni randikuyta runa masinchiqta animaltashina.</para>
  </article>
  <article number="5">
    <title>5. Pichqa (sinku) kaq:</title>
    <para>Manam pipis dirichuyuqchu runa masinda suq lastimata qesachanambaq, imata rurashpa.</para>
  </article>
  <article number="6">
    <title>6. Suqta (sayis) kaq:</title>
    <para>Yumbay runakunam dirchuyua kay leykunarayku. Kay leykunata kasushun ama pitapis dañachinanchiq.</para>
  </article>
  <article number="7">
    <title>7. Qanch'is (syiti) kaq:</title>
    <para>Kay leykunaqam yumbaypaq. Chayri mana allichu kamachikuqkuna yanapanambaq kapuqkunatalla, pwidiqkunatalla. Yumbaytar chay awturidarkunaqa yanapanqallapa kapuq mana kapuqtapis. Ama akranqachu paykuna munashqanda.</para>
  </article>
  <article number="8">
    <title>8. Pusaq (uchu) kaq:</title>
    <para>Yumbay runakuna, warmikunapis atinllapa dimandayta pitapis, mana allita tukuptinllapa. Juyiskunaqa yumbay llaqta masingunata washanqallapa ama ultrajanan chay uchayuq runakunaqa.</para>
  </article>
  <article number="9">
    <title>9. Isqon (nwibi) kaq:</title>
    <para>Awturidarkuna mana surqoshpa juyismanda suq ordindaqa, manam atinllapachu karsilayta ni wichukuyta nasyunninmanda suq runataqa.</para>
  </article>
  <article number="10">
    <title>10. Ch'unga (dyis) kaq:</title>
    <para>Yumbay runakuna, warmikuna dirichuyuq kanchiq allin juyisniyuq kananchiq. Chay juyiskunaqa allita uyashpa, shumaqta justisyata ruranqa; ama suqpaqllachu kanqa. Ashwanri yumbaypaq kanqa.</para>
  </article>
  <article number="11">
    <title>11. Ch'unga suqniyuq (unsi) kaq:</title>
    <orderedlist>
      <listitem>
	<para>Suq dimandadu runapaqqa, juyiskunaqa ama dasqa yuyanqachu "uchayuqmi kay runaqa", nishpaqa. Puntataqa allitaraq rikanqallapa yach 'anambaq "¿uchayuqchu ichu mana?" nishpa. Chaymandaqa uchayuq kaptinqa, yach'ashpa allita, imatapis ruranqallapa.</para>
      </listitem>
      <listitem>
	<para>Mushuq Ieyta rurashpaqam mana kasuqkunataqa atinchiq kastigayta. Chay mushuq ley kaptimbis manam kanchu dirichu kastigananchiqpaq runakunata unay tyimpupi mana kasukushpa tiyashqambaq, chay ley manaraq kashqanrayku chay tyimpupi. Chayshinallam mushuq kastigukunapis balin mushuq prisupaqila. Manam balinchu chay runa unaykunapi ima maluta rurashqanbaqqa.</para>
      </listitem>
    </orderedlist>
  </article>
  <article number="12">
    <title>12. Ch'unga ishkayniyuq (dusi) kaq:</title>
    <para>Manam pipis mitikunqachu suq runapa wasinman ni ayllungunaman, ni kartanda kich'anqachu, dwiñun mana munaptinqa. Ama nishumbischu suqkunata: "chay runaqami mainatural" nishpaqa.</para>
  </article>
  <article number="13">
    <title>13. Ch'unga kimsayuq (trisi) kaq:</title>
    <orderedlist>
      <listitem>
	<para>Yumbay runakunam dirichuyuq purinambaq chay maykunata may munashqanda. Chaymi atin tiyayta may llaqtakunapipis.</para>
      </listitem>
      <listitem>
	<para>Suq runa munashpa, atin lloqshiyta nasyunninmanda maytapis rinambaq. Chayshinallami atin kutimuyta chay nasyunninman.</para>
      </listitem>
    </orderedlist>
  </article>
  <article number="14">
    <title>14. Ch'unga ch'uskuyuq (katursi) kaq:</title>
    <orderedlist>
      <listitem>
	<para>Qesachawaptinchiq kamachikuqkuna nasyunninchiqpi dirichuyuqmi kanchiq maskananchiq suq nasyunda, chaypi shumaqta tiyananchiq.</para>
      </listitem>
      <listitem>
	<para>Mana allita tukuptinchiq, manana dirichuyuqchu kanchiq mitikananchiq suq nasyunman washakananchiq kastigunchiqmandaqa.</para>
      </listitem>
    </orderedlist>
  </article>
  <article number="15">
    <title>15. Ch'unga pichqayuq (kinsi) kaq:</title>
    <orderedlist>
      <listitem>
	<para>Yumbay runakuna tukuy warmikuna dirichuyuq nasyunniyuq kanambaq. Peruwanukunata ama yanqa ninqallapachu: "Mananam peruwanuchu kangi" nishpaqa. Dirichuyuqpismi nasyunninmanda Iloqshinambaq.</para>
      </listitem>
      <listitem>
	<para>Manam atinllapachu ñigayta kambyanambaq nasyunninda.</para>
      </listitem>
    </orderedlist>
  </article>
  <article number="16">
    <title>16. Ch'unga suqtayuq (dyisisayis) kaq:</title>
    <orderedlist>
      <listitem>
	<para>Yumbay kasta ichu lutrinayuq runa, warmi, ch'ayashpa idarninman atinliapa kasarayta paykuna mayqan munashqanwan ruranambaq suq aylluta. Oliqo, warmi, kasarashpa, akrakashpa chayshinallam dirichuyuq.</para>
      </listitem>
      <listitem>
	<para>Manam pipis amalas suqkunata kasarachinanqachu. Suq runa warmiwan paykuna kikin munashpa, kasaranqallapa.</para>
      </listitem>
      <listitem>
	<para>Ayllunchiqkuna ancha balin. Chaymi awturidarkuna yanapanqa imashinapis pullan shumaqta, kawsanambaq.</para>
      </listitem>
    </orderedlist>
  </article>
  <article number="17">
    <title>17. Ch'unga qanch'isniyuq (dyisisyiti) kaq:</title>
    <orderedlist>
      <listitem>
	<para>Yumbay runam dirichuyuq ch'akrayuq, imayuq kananchiqpaqllapa. Sapalanlia manaqa suqkunawan ch'akrayuqqa atinchiq kayta.</para>
      </listitem>
      <listitem>
	<para>Manam pipis yanqa qoch'ikunqachu suq runapa imandaqa.</para>
      </listitem>
    </orderedlist>
  </article>
  <article number="18">
    <title>18. Ch'unga pusaqniyuq (dyisyocho) kaq:</title>
    <para>Yumbay runa atin yuyayta, kryiyta munashqambi. Chayrayku atin akrayta munashqan lutrinata. Munashpaqa atimbismi kambyayta lutrinandaqa. Chayshinam atin lutrinambaq rimayta, yach 'achikuyta kikin wasimbi manaqapis maypipis. Chayshinam atimbis adurayta Dyusninda may munashqambi.</para>
  </article>
  <article number="19">
    <title>19. Ch'unga isqonniyuq (dyisinwibi) kaq:</title>
    <para>Yumbay runakuna atin yuyayta munashqanda. Atin parlayta yuyashqanda. Manam pipis piñchinqachu chay runakunata yuyashqanda rimaptin. Dirichuyuqpismi runakuna yach'anambaq yumbay nutisyakunata.</para>
  </article>
  <article number="20">
    <title>20. Ishkay ch'unga (beynti) kaq:</title>
    <orderedlist>
      <listitem>
	<para>Yumbay runakuna shumaqta mana maqanakushpachu atin tandakayta suqkunawan.</para>
      </listitem>
      <listitem>
	<para>Manam pitapis atinchiqchu kamachiyta amalas tandakanan suqkunawan.</para>
      </listitem>
    </orderedlist>
  </article>
  <article number="21">
    <title>21. Ishkay ch'unga suqniyuq (beynti uno) kaq:</title>
    <orderedlist>
      <listitem>
	<para>Runapis, warmipis dirichuyuqmi karguyuq kanambaq llaqta masinguna akraptin. Paypis atin akrayta suqkunata karguyuq kanambaq.</para>
      </listitem>
      <listitem>
	<para>Yumbay runakuna, warmikunam pulla dirichuyuq parlanambaqllapa kamachikuqningunawan. Chay kamachikuqkunaqa ama suqkunapaqllachu kanqa. Ashwan yumbay llaqta masingunapaq pullapaq kanqa.</para>
      </listitem>
      <listitem>
	<para>Yumbay nasyumba gubyirnun kamachikunqa, llaqta masinguna munaptin kamachikunambaq. Chayri llaqta masinguna pakashpa ruranqa butasyunda, allita akrananllapa kamachikuqninda.</para>
      </listitem>
    </orderedlist>
  </article>
  <article number="22">
    <title>22. Ishkay ch'unga ishkayniyuq (beynti dos):</title>
    <para>Yumbay gubyirnukuna yanapanqa mana nimayuq llaqta masingunata, amana padisinambaqilapa, mas allita mantyinikanambaqllpa imata rurashpa.</para>
  </article>
  <article number="23">
    <title>23. Ishkay ch'unga kimsayuq (beynti tres):</title>
    <orderedlist>
      <listitem>
	<para>Dirichuyuqmi yumbay runakuna imata ruranambaq. Atimbismi munashqan trabajuta maskayta. Kapatasninguna shumaqta rikanqa ama wañunan, ama padisinan qeshyaywan chay trabajupi. Manam kanchu dirichu yanqaqa paykunataqa wichukunambaq chay trabajunmanda.</para>
      </listitem>
      <listitem>
	<para>Yumbay runakuna pullan ruraq suq trabajupilla dirichuyuqmi pullalla ch'askinan pagunda. Manam allichu wakin achkata ch'askinambaq, wakinnataq ashlitatalla ch'askinambaqllapa.</para>
      </listitem>
      <listitem>
	<para>Yumbay trabajadurmi dirichuyuq ch'askinan qellayta aypanan kawsanambaq, ama padisinan mana nimayuq kashpa. Mana aypaptin paypaq, ayllumbaq, gubyirnun yanapanqa imashinapis.</para>
      </listitem>
      <listitem>
	<para>Yumbay runam dirichuyuq tandakanan sindikatuwan, chayshina washakanambaqllapa.</para>
      </listitem>
    </orderedlist>
  </article>
  <article number="24">
    <title>24. Ishkay ch'unga ch'uskuyuq (beynti kwatro):</title>
    <para>Dirichuyuqmi yumbay runakuna samanambaq. Manam allichu qanch 'is (syiti) yumbay diyasninda trabaj anambaq. Atinllapapismi samayta bakasyunnimbi ganashpa.</para>
  </article>
  <article number="25">
    <title>25. Ishkay ch'unga pichqayuq (beynti sinko):</title>
    <orderedlist>
      <listitem>
	<para>Suq trabajaq runata pagaranqallpa atinambaq randiyta mikunanda, trapunda, kamanda, ambinda paypaq, ayllumbaqpis. Dirichuyuqpismi qeshyashpa choqrikashpa qellayta surqonambaq Siguro Sosyalmanda.</para>
      </listitem>
      <listitem>
	<para>Ukuyuq warmikuna, yumbay wambritukunapismi dirichuyuq ch'askinambaq Siguro Sosyalmanda ancha mana nimayuq kashpa, taytanguna kasadu kaptin, mana kasaduchu kaptimbis.</para>
      </listitem>
    </orderedlist>
  </article>
  <article number="26">
    <title>26. Ishkay ch'unga suqtayuq (beynti sayis):</title>
    <orderedlist>
      <listitem>
	<para>Yumbay runakuna warmikuna dirichuyuq yach'akunan iskwilapi primaryata ushyanangaman mana pagarakushpachu. Alli kanman sekundaryatapis chayshinalla ushyanambaq. Yumbay wambrakuna yach'akunqallapa iskwilapi. Yumbay ancha allita yach'akuqkuna, pubri kashpapis, kapuq kashpapis dirichuyuqmi yaykunan unibersidaman.</para>
      </listitem>
      <listitem>
	<para>Iskwilapi yach'akunqa allita yuyanambaq, shumaqta tiyanambaq Ilaqta masingunawan, suq llaqtamanda kaqkunawan, suq Iutrinayuqkunawan, yumbay nasyunmanda runakunawambis. Chayshinami yach'akunqallapa yanapanan Tandadu Nasyungunata ama pilyashpachu yumbay nasyunguna shumaqta kawsanambaqllapa.</para>
      </listitem>
      <listitem>
	<para>Taytanguna akranqa ima laya munashqan iskwilata, chaypi wambranguna yach'akunambaq.</para>
      </listitem>
    </orderedlist>
  </article>
  <article number="27">
    <title>27. Ishkay ch'unga qanch'isniyuq (beynti syete):</title>
    <orderedlist>
      <listitem>
	<para>Yumbay runakuna dirichuyuq Ilaqtamba kustumbringunata yach 'akunambaq. Kaptin llaqtambi biblyutika, atin liyiyta librungunata. Wakin runakuna yach'akushpa imata rurayta, yach'achinqa llaqta masingunatapis, chay suqkunapis yach'akunambaq.</para>
      </listitem>
      <listitem>
	<para>Chay punta imata ruraq runaqam dirichuyuq rurashqanda randikushpa, gananambaq. Manam allichu paypa rurashqanda suqkuna kupyashpa randikunambaq.</para>
      </listitem>
    </orderedlist>
  </article>
  <article number="28">
    <title>28. Ishkay ch'unga pusaqniyuq (beynti ocho):</title>
    <para>Yumbay nasyungunapa gubyirnun awturidarnindin kasunqa yumbay kay iskibridu dirichukunata, yumbay llaqta masinguna shumaqta kawsanambaq.</para>
  </article>
  <article number="29">
    <title>29. Ishkay ch'unga isqonniyuq (beynti nwibi):</title>
    <orderedlist>
      <listitem>
	<para>Yumbay runakuna yanapanqa chay may tiyashqan llaqtanda. Chayshina ubligasyunninda rurashpa, shumaqta atinllapa kawsayta.</para>
      </listitem>
      <listitem>
	<para>Yumbay runakuna atinllapa rurayta munashqanllapata, alli kaptin, mana dañachiptin suqkunata.</para>
      </listitem>
      <listitem>
	<para>Kay dirichukunaqa mana kuntranqachu Tandadu Nasyungunapa leyningunataqa.</para>
      </listitem>
    </orderedlist>
  </article>
  <article number="30">
    <title>30. Kimsa ch'unga (treynta):</title>
    <para>Kay dirichukunata liyishpa, ama ni suq gubyirnu, ni pipis yach'achikunqachu paylla munashqandaqa, qoch'inambaq llaqta masingunapa dirichungunata.</para>
  </article>
</udhr>
