<?xml version="1.0" encoding="UTF-8"?>

<!--© The Office of the High Commisioner for Human Rights-->

<udhr iso639-3="und" xml:lang="und" key="014" n="(Maiunan)" xmlns="http://www.unhchr.ch/udhr">
   <title>Xifzef Rentchwent Xwenxyant</title>
   <preamble>
      <title>Wat Nal</title>
      <para>Centrenf gufyaol zunxyant ndams chuantlif pingtdengl ndams bufyit centywent yainr renr, xif zixcul xifzef zifyaot, ndams hetpingt,</para>
      <para>Wutsif ndams wuxmief rentchwent xif wail baofsint yelmant, nait baofsint dianfwux wail lyangtsinx rent, tangr xifzef renr mev zifyaot yantlunf ndams sinfyangl kaml mev konglzif ndams kuiffat, xif yanfwangf zwaif vongr rentmint pultongx,</para>
      <para>Rwent kaml pofbufdetyil tingletzaolxenl fanlpanf baofzengf ndams yaxpof, falzif mev bifyaof baolhuf rwentchwent,</para>
      <para>Mev bifyaof cufzinf faxzanl gwenxsif daiiv kef kwotcas,</para>
      <para>Yintmint kef kwotcas Lyanthet Kwot yaiul Xenfzangx Lyanthet Kwot congtsenx wail sinfnyanf zixbenl rwentchwent, rwentget zunxyant ndams cafzit ndams chwentlif pingtdengl aimrbanr lakfbiks, zetsinx cufcengt gailsanf sefhuif zinfbuf ndams sengxhwot yaiul suilpingt zifyaot lauf, Kef hweifyant kwot sifyanf wail ndams Lyanthet Kwot hetzwof cufzinf zunxzongf pulbyanf ndams zunxsint rwentchwent ndams zifyaot zixbenl,</para>
      <para>Lyaolzel pulbyanf nait chwentlif ndams zifyaot sitxenf congxfenx nait sifyanf mev zongfyaofsingf lauf,</para>
      <para>Potnait,</para>
      <para>Dafhweif,</para>
      <para>faxbuf nait Xifzef Rwentchwent Xwenxyant, zwofweit yintmint ndams kwotcas nullif sitxenf byaoxzunl gongftongt, nont rwent ndams zixgaof sefhweif zingtyonf nais nait xwenxyant, nullif tongxkwof zaofhuil ndams zaofyif cufzinf zunxzongf chwentlif ndams zifyaot, tongxkwof cwofsix zanfzinf kwotcas ndams kwotzif, nait chwentlif ndams zifyaot yaiul yintmint hweifyant kwot benlsenx ndams yaul yintmint tit daif centrenf ndams zunxsint pulbyanf ndams mev saofkwol.</para>
   </preamble>
   <article number="1">
      <title>Tit tov</title>
      <para>Renr rangf lyeuf xif zifyaot, yur zunxyant ndams chwentlif xif pingtdengl. Ter mev lilsingf ndams lyangtsinx, zingxsent gwanxsif vaif nungf.</para>
   </article>
   <article number="2">
      <title>Tit yar</title>
      <para>Renr mev zixget mev chwentlif ndams zifyaot yaul xwenxyant, kaml fenx zonglzut, fuxsef, singfbyet, was, zongxzaof, zenfzif wol cittax zanfzel, kwotzit wol sefhweif cuxsenx, caitcanl, rangf wol cittax senxfenf denl renfhet cixfenx.</para>
      <para>Difweif zengfzif, singtzengf wol kwotzif kwotcas wol tit deuv air kaml tongt kaml mev cixbyet, kaml sail nait tit xif tit dutlif, tit twoxgwanl, tit kaml zifzif wol cittax cingtkwangf zulchwent mev xenfzif.</para>
  </article>
   <article number="3">
      <title>Tit samr</title>
      <para>Renr mev chwent mev sengxminf, zifyaot ndams rwentsenx anxchwent.</para>
   </article>
   <article number="4">
      <title>Tit sis</title>
      <para>Renfhet rwent kaml finr nutlif wol nutyif; zifduf nutlif ndams ndyail pyer nutlif, yunl zinfzil.</para>
   </article>
   <article number="5">
      <title>Tit ngof</title>
      <para>Renfhet renr kaml daif singtkuf wol daifyif wol singtfat cantrenl, kaml renrdaof wol wulrulsingf.</para>
   </article>
   <article number="6">
      <title>Tit lyokw</title>
      <para>Renr caur yunl mev chwentlif tingf centrenf rentget nal fallif.</para>
   </article>
   <article number="7">
      <title>Tit xitx</title>
      <para>Nal fallif renrrenr yunl xif pingtdengl, mev chwentlif daif bolhuf pingtdengl fallif, kaml tingf citsif. Renrrenr yunl mev chwent tingf pingtdengl bolhuf, kaml tingf renfhet citsif singtweit weitfanl nait xwenxyant ndams renfhet singtweit sanxongf nait citsif weixhaif.</para>
   </article>
   <article number="8">
      <title>Tit pyats</title>
      <para>Renr chwentlif zixbenl xenffal wol fallif tingf cinxhaif rof, mev chwent tingf faltingt kwotcas hetget nait cinxhaif singtweit zwof bulzaof mev saofkwol.</para>
   </article>
   <article number="9">
      <title>Tit cul</title>
      <para>Renfhet renr kaml renfyif daifbul, zixzinf wol fangfzut.</para>
   </article>
   <article number="10">
      <title>Tit repw</title>
      <para>Renrrenr yunl pingtdengl mev chwent tingf faltingt dutlif ndams kaml pianxyil gongxzengf gongxkaix senlpanf, cofdingf chwentlif ndams yifwuf ndams panfdingf renfhet singtsif zilkongf.</para>
   </article>
   <article number="11">
      <title>Tit repw tov</title>
      <orderedlist>
         <listitem tag="(Tov)">
            <para>Renr daif kongfgaof singtsif, kaml tingf senlpanf gongxkaix baolzengf bianfhuf mev zengfsit zuif mev, mev chwent tingf xins zweif kaml mev.</para>
         </listitem>
         <listitem tag="(Yar)">
            <para>Renfhet singtweit wol kaml singtweit renfhet renr, faxsengx rof yixzaof kwotcas fal wol kwotzif fal kaml finr zweif singtsif, kaml panfdingf mev zweif singtsif. Singtfat kaml ranr gweixdingf fallif zweif fanf rof sifyong.</para>
         </listitem>
      </orderedlist>
   </article>
   <article number="12">
      <title>Tit repw yar</title>
      <para>Sengxhwot six, yainr, yainr naiut ndams tongxsinf kaml renfyif ganxsef, kaml gongxzix rongtyif ndams mintyif. Renr mev chwent tingf fallif baolhuf rof, kaml daif nait ganxsef wol gongxzix.</para>
   </article>
   <article number="13">
      <title>Tit repw samr</title>
      <orderedlist>
         <listitem tag="(Tov)">
            <para>Renr yaiul kwotzingf mev chwent zifyaot canxsit ndams naiut.</para>
         </listitem>
         <listitem tag="(Yar)">
            <para>Renr mev chwent ukx renfhet kwotcas, mev kwotcas ris, mev chwent mar kwotcas ris.</para>
         </listitem>
      </orderedlist>
   </article>
   <article number="14">
      <title>Tit repw sis</title>
      <orderedlist>
         <listitem tag="(Tov)">
            <para>Renr mev chwent tingf cittax kwotcas bifhuf rof kaml tingf pofhaif.</para>
         </listitem>
         <listitem tag="(Yar)">
            <para>Mev rof singtweit zuifsingr kaml mev zengfzifsingf wol weitbeif zongxzil ndams yantzet Lyanthet Kwot tingf cilsuf rof, kaml nait chwentlif yongf.</para>
         </listitem>
      </orderedlist>
   </article>
   <article number="15">
      <title>Tit repw ngof</title>
      <orderedlist>
         <listitem tag="(Tov)">
            <para>Renr mev chwent mev kwotzit.</para>
         </listitem>
         <listitem tag="(Yar)">
            <para>Kwotzit renr kaml renfyif boxdot, kaml fulrenf chwentlif gailbyanf kwotzit.</para>
         </listitem>
      </orderedlist>
   </article>
   <article number="16">
      <title>Tit repw lyokw</title>
      <orderedlist>
         <listitem tag="(Tov)">
            <para>Airmbainr lakfbiks, kaml tingf kwotzit wol zongxzaof xenfzif mev chwent hunx zaf ndams centlif yainr. Ter yur hunxyinx, hunx zet rof ndams zelcut rof hunxyot, mev chwentlif pingtdengl.</para>
         </listitem>
         <listitem tag="(Yar)">
            <para>Airmbainr lakfbiks zifyaot ndams pingtdengl tongtyif wail, nangv dif hunx.</para>
         </listitem>
         <listitem tag="(Samr)">
            <para>Yainr xif danxyant sefhuif tyanxrant ndams zixbenl, tingf sefhweif ndams kwotcas baolhuf.</para>
         </listitem>
      </orderedlist>
   </article>
   <article number="17">
      <title>Tit repw xitx</title>
      <orderedlist>
         <listitem tag="(Tov)">
            <para>Renr mev chwent caitcanl ris ndams chwent mev cher gongftongt mev.</para>
         </listitem>
         <listitem tag="(Yar)">
            <para>Caitcanl renr renfyif kaml boxdot.</para>
         </listitem>
      </orderedlist>
   </article>
   <article number="18">
      <title>Tit repw pyats</title>
      <para>Renr mev chwentlif zifyaot sixsangl, lyangtsinx ndams zongxzaof; nait chwentlif mev zifyaot gailbyanf zongxzaof wol sinfyangl, zifyaot danxdut wol zittil, gongxkaix wol mifmif yongf zaofyif, sitzanf, lilbaif ndams zeflif byaolsif zongxzaof wol sinfyangl.</para>
   </article>
   <article number="19">
      <title>Tit repw cul</title>
      <para>Renr mev chwent mev zifyaot zulzangx ndams faxbyaol yifzanf; nait chwentlif mev zifyaot mev zulzangx kaml tingf ganxsef, zifyaot yongf meitzef ndams kaml sail kwotzef nimr, daif ndams cwantdif saoxsit ndams sixsangl.</para>
   </article>
   <article number="20">
      <title>Tit yar repw</title>
      <orderedlist>
          <listitem tag="(Tov)">
            <para>Renr mev chwent mev zifyaot hetpingt zithweif ndams zet sef.</para>
         </listitem>
         <listitem tag="(Yar)">
            <para>Renfhet renr kaml tingf pofsil lifsul twenttil.</para>
         </listitem>
     </orderedlist>
   </article>
   <article number="21">
      <title>Tit yar repw tov</title>
      <orderedlist>
         <listitem tag="(Tov)">
            <para>Renr mev chwentlif zitzex wol tongxgwof daifbyaol zifyaot xenlzet canxyil ziflil kwotcas.</para>
         </listitem>
         <listitem tag="(Yar)">
            <para>Renr mev chwentlif zixhweif pingtdengv canxzax kwotcas gongxwuf.</para>
         </listitem>
         <listitem tag="(Samr)">
            <para>Yifzif yinrminr xif zixcul chwentlit zengfful; nait yifzif tingf xwenlzil dingfcix ndams zenxzengf byaolxenf, xwenlzil yixzif toutpyaof chwent pulbyanf ndams pingtdengl, yongf toutpyaof kaml zif mint wol centxif toutpyaof zifyaot sangxdangx zinfsingt.</para>
         </listitem>
      </orderedlist>
   </article>
   <article number="22">
      <title>Tit yar repw yar</title>
      <para>Renr zwofweit centyant sefhweif, mev chwent daif baolzangf sefhweif, mev chwent daif sitxenf chwentlif zingxzif, sefhweif ndams wentwaf zunxyanr ndams renrget zifyaot faxzanl aur, nait sitxenf yongf kwotcas nullif ndams kwotzif hetzwof ndams cingtkwangf zulzix ndams zixyant kwotcas.</para>
   </article>
   <article number="23">
      <title>Tit yar repw samr</title>
      <orderedlist>
         <listitem tag="(Tov)">
            <para>Renr mev chwent gongxzwof, zifyaot xwenlzet zityef, daif tyaotzanf gongxzwof gongxzengf ndams hetsif ndams daif baolzangf kaml sityef.</para>
         </listitem>
         <listitem tag="(Yar)">
            <para>Renr mev chwent tongt gongx tongt cout, kaml tingf citsif.</para>
         </listitem>
         <listitem tag="(Samr)">
            <para>Renr gongxzwof, chwent mev daif baofcout gongxzengf ndams hetsif, ris ndams renr yainr mev tyaotzanf sengxhwot fulhet renr, baolzangf sefhweif mev rof byfyaof mev cittax fangxsif.</para>
         </listitem>
         <listitem tag="(?)">
            <para>[missing]</para>
         </listitem>
      </orderedlist>
   </article>
   <article number="24">
      <title>Tit yar repw sis</title>
      <para>Renr mev chwentlif mev souxxit ndams santsat, sitzanx gongxzwof mev sanfzif hetlil ndams dingfcix geilsinx souxzav.</para>
   </article>
   <article number="25">
      <title>Tit yar repw ngof</title>
      <orderedlist>
         <listitem tag="(Tov)">
            <para>Renr mev chwent daif sweilzunl sengxhwot weitcit zanfkangx ndams futlif ris ndams renr yainr aur, mev sitwuf, kukx, yainr, yixlyaot ndams futwuf sefhweif bifyaof; daif sixyef, zitbingf, cantfeif, soulgwav, swaixlaol wol cittax cingtkwangf kaml nangv kongfzif kaml mev rof nengtlif moutsengx, mev chwent daif baolzangf.</para>
         </listitem>
         <listitem tag="(Yar)">
            <para>Nif ndams lakfmbanr lakfbikf mev chwent daif zaofguf ndams xetzuf tefbyet. Lakfmbanr lakfbikf, hunx sengx wol feix hunx sengx, yunl daif baolhuf sefhweif tongtyangf.</para>
         </listitem>
      </orderedlist>
   </article>
   <article number="26">
      <title>Tit yar repw lyokw</title>
      <orderedlist>
         <listitem tag="(Tov)">
            <para>Renr yunl mev chwentlif tingf zaofyif, zaofyif kaml aur ryenv, zwaif xeul zexdwanf cuxzit ndams zixbenl xif yait. Zaofyif cuxzit xif singfzif yifwuf. Zaofyif zifsuf ndams zityef pulbyanf seflif. Zaofyif gaoxdengl genxzif cengtzif duif renr pingtdengl kaixfangf.</para>
         </listitem>
         <listitem tag="(Yar)">
            <para>Mufdif zaofyif xif congxfenf faxzanl gefsingf renr zaxchangt zunxzongf renrchwent ndams zifyaot zixbenl. Zaofyif cufzinf lyaolzel, rongtrenl ndams yaolyit kwotcas, zonglzut wol zittwant zongxzaof, cufzinf hwotdongf Lyanthet Kwot weithuf hetpingt.</para>
         </listitem>
         <listitem tag="(Samr)">
            <para>Tev nif duif zonglleif zaofyif lakfmbanr lakfbikf daif, mev chwentlif youxxenx xenlzet.</para>
         </listitem>
      </orderedlist>
   </article>
   <article number="27">
      <title>Tit yar repw xitx</title>
      <orderedlist>
         <listitem tag="(Tov)">
            <para>Renr mev chwent zifyaot canxzax sengxhwot wentwaf sefhweif, sanglsouf yifsuf, fenxsangl zinfbuf kexxwet ndams futlif manv rangf.</para>
         </listitem>
         <listitem tag="(Yar)">
            <para>Renr duif lifyif zingxsent ndams wufzif zwofpinl kexxet, wentxet wol meilsuf ris, mev chwentlif tingf baolhuf.</para>
         </listitem>
      </orderedlist>
   </article>
   <article number="28">
      <title>Tit yar repw pyats</title>
      <para>Renr mev chwent aur zifxif sefhuif ndams kwotzif, nait yaiul zifxif, chwentlif ndams zifyaot yaiul nait xwenxyant nangf daif congxfenf sitxenf.</para>
   </article>
   <article number="29">
      <title>Tit yar repw cul</title>
      <orderedlist>
         <listitem tag="(Tov)">
            <para>Renr duif sefhuif mev yifwuf, yaiul sefhuif gefsingf daif faxzanl zifyaot ndams congxfenf.</para>
         </listitem>
         <listitem tag="(Yar)">
            <para>Renr singtsil rof chwentlif ndams zifyaot, tingf xenfzif fallif chefdingf, mufdif weityix chefdingf nait xenfzif xif baolzengf duif chwentlif ndams renr jilyil cengtrenf ndams zunxzongf, yaiul sefhuif mintzul sifyingf aur zengfdangf daofdet, zifxif gongxgongf ndams futlif pulbyanf.</para>
         </listitem>
         <listitem tag="(Samr)">
            <para>Singtsil nait chwentlif ndams zifyaot, renfhet cingtkwangf kaml weitbeif zongxzil ndams yantzet Lyanthet Kwot.</para>
         </listitem>
      </orderedlist>
   </article>
   <article number="30">
      <title>Tit samr repw</title>
      <para>Renfhet tyaotwent nait xwenxyant, kaml zelsif weit mofxil renfhet kwotcas, zittwant wol renr mev chwent zinfsingt renfhet hwotdongf wol singtweit pofhwaif renfhet chwantlif ndams zifyaot yaiul nait xwenxyant.</para>
   </article>
</udhr>
