<?xml version="1.0" encoding="UTF-8"?>

<!--© The Office of the High Commissioner for Human Rights-->

<udhr iso639-3='pan' xml:lang='pa' key='pan' n='Panjabi, Eastern' xmlns="http://www.unhchr.ch/udhr">
  <title>ਮਨੁੱਖੀ ਅਧਿਕਾਰਾਂ ਬਾਰੇ ਵਿਸ਼ਵਵਿਆਪੀ ਐਲਾਨਨਾਮਾ</title>
  <note>
    <para>(10 ਦਸੰਬਰ 1948 ਦੇ ਆਮ ਇਜਲਾਸ ਦੇ ਮਤਾ ਨੰ: 217-ਏ(3) ਰਾਹੀਂ ਪ੍ਰਵਾਣ ਕੀਤਾ ਅਤੇ ਐਲਾਨਿਆ ਗਿਆ)</para>
    <para>10 ਦਸੰਬਰ 1948 ਨੂੰ ਸੰਯੁਕਤ ਰਾਸ਼ਟਰ ਦੇ ਆਮ ਇਜਲਾਸ ਨੇ ਮਨੁੱਖੀ ਹੱਕਾਂ ਦੇ ਵਿਸ਼ਵਵਿਆਪੀ ਐਲਾਨਨਾਮੇ ਨੂੰ ਪ੍ਰਵਾਨ ਕੀਤਾ ਅਤੇ ਐਲਾਨਿਆ, ਜਿਸ ਦਾ ਪੰਜਾਬੀ ਤਰਜ਼ਮਾ ਹੇਠਲੇ ਪੰਨਿਆਂ ਵਿੱਚ ਦਰਜ ਹੈ । ਇਸ ਇਤਿਹਾਸਕ ਕਦਮ ਤੋਂ ਬਾਅਦ ਇਜਲਾਸ ਨੇ ਸਾਰੇ ਮੈਂਬਰ ਦੇਸ਼ਾਂ ਨੂੰ ਇਸ ਐਲਾਨਨਾਮੇ ਦਾ ਪ੍ਰਚਾਰ ਕਰਨ ਅਤੇ ਬਿਨਾਂ ਕਿਸੇ ਰਾਜਸੀ ਜਾਂ ਖੇਤਰੀ ਭੇਦਭਾਵ ਦੇ ਇਸ ਨੂੰ ਵੰਡਣ, ਪ੍ਰਦਰਸ਼ਿਤ ਕਰਨ, ਪੜ੍ਹੇ ਜਾਣ ਅਤੇ ਇਸ ਬਾਰੇ ਸਕੂਲਾਂ ਅਤੇ ਹੋਰਨਾਂ ਵਿਦਿਅਕ ਅਦਾਰਿਆ ਵਿੱਚ ਯੋਗ ਜਾਣਕਾਰੀ ਦੇਣ ਦਾ ਸੱਦਾ ਦਿੱਤਾ ਹੈ ।</para>
  </note>
  <preamble>
    <title>ਮੁੱਖ ਬੰਦ :</title>
    <para>ਜਦ ਕਿ ਮਨੁੱਖੀ ਪਰਿਵਾਰ ਦੇ ਸਾਰੇ ਮੈਂਬਰਾਂ ਦੀ ਧੁਰ ਅੰਦਰਲੀ ਅੰਤਰੀਵ ਸ਼ਾਨ ਅਤੇ ਬਰਾਬਰੀ ਤੇ ਨਾ ਟਾਲੇ ਜਾ ਸਕਣ ਵਾਲੇ ਅਧਿਕਾਰ ਸੰਸਾਰ ਵਿਚ ਆਜ਼ਾਦੀ, ਇਨਸਾਫ ਅਤੇ ਅਮਨ ਦੀ ਨੀਂਹ ਹਨ ।</para>
    <para>ਜਦ ਕਿ ਮਨੁੱਖੀ ਅਧਿਕਾਰਾਂ ਪ੍ਰਤੀ ਨਿਰਾਦਰ ਅਤੇ ਨਫ਼ਰਤ ਦਾ ਸਿੱਟਾ ਉਜੱਡ ਕਿਸਮ ਦੀਆਂ ਕਾਰਵਾਈਆਂ ਨਿਕਲਿਆ ਹੈ ਜਿਸ ਨਾਲ ਮਾਨਵਤਾ ਦੀ ਜ਼ਮੀਰ ਨੂੰ ਸਦਮਾ ਪੁਜਾ ਹੈ ।</para>
    <para>ਅਤੇ ਇਹ ਅਜਿਹੇ ਸੰਸਾਰ ਦੇ ਆਗਮਨ ਦੀ ਤਾਂਘ ਤੇ ਰੀਝ ਆਮ ਲੋਕਾਂ ਦਾ ਐਲਾਨ ਹੈ ਜਿਸ ਵਿਚ ਸਾਰਾ ਇਨਸਾਨੀ ਭਾਈਚਾਰਾ ਬੋਲਣ ਦੀ ਆਜ਼ਾਦੀ, ਵਿਸ਼ਵਾਸ ਦੀ ਆਜ਼ਾਦੀ ਅਤੇ ਡਰ ਤੇ ਗਰੀਬੀ ਤੋਂ ਆਜ਼ਾਦੀ ਮਾਣ ਸਕੇ ।</para>
    <para>ਜਦਕਿ ਇਸ ਤੋਂ ਪਹਿਲਾਂ ਕਿ ਮਨੁੱਖ ਬੇਬਸ ਹੋ ਕੇ ਆਖਰੀ ਚਾਰੇ ਵਜੋਂ ਜ਼ੁਲਮ ਤੇ ਦਮਨ ਦੇ ਵਿਰੁਧ ਬਗਾਵਤ ਕਰਨ ਉਤੇ ਉੱਤਰ ਆਏ, ਇਹ ਜ਼ਰੂਰੀ ਹੈ ਕਿ ਮਨੁੱਖੀ ਅਧਿਕਾਰਾਂ ਦੀ ਰਾਖੀ ਕਾਨੂੰਨ ਰਾਹੀਂ ਕੀਤੀ ਜਾਏ ।</para>
    <para>ਜਦਕਿ ਇਹ ਜ਼ਰੂਰੀ ਹੈ ਕਿ ਮੁਲਕਾਂ ਦਰਮਿਆਨ ਸੰਬੰਧਾਂ ਦੇ ਵਿਕਾਸ ਨੂੰ ਉਤਸ਼ਾਹ ਮਿਲੇ ।</para>
    <para>ਜਦ ਕਿ ਸੰਯੁਕਤ ਰਾਸ਼ਟਰ ਦੇ ਦੇਸ਼ਾਂ ਨੇ ਆਪਣੇ ਚਾਰਟਰ ਵਿਚ ਮਨੁੱਖ ਦੇ ਬੁਨਿਆਦੀ ਅਧਿਕਾਰਾਂ, ਮਨੁੱਖ ਦੀ ਸ਼ਾਨੋਸ਼ੌਕਤ ਅਤੇ ਮਰਦਾਂ ਤੇ ਔਰਤਾਂ ਦੇ ਅਧਿਕਾਰਾਂ ਦੀ ਬਰਾਬਰੀ ਵਿਚ ਆਪਣਾ ਪੁਨਰਵਿਸ਼ਵਾਸ ਪ੍ਰਗਟ ਕੀਤਾ ਹੈ ਅਤੇ ਪ੍ਰਣ ਕੀਤਾ ਹੈ ਕਿ ਵਿਸ਼ਾਲ ਆਜ਼ਾਦੀ ਦੇ ਪ੍ਰਸੰਗ ਵਿਚ ਚੰਗੇਰੀ ਜਿ਼ੰਦਗੀ ਅਤੇ ਸਮਾਜਕ ਤਰੱਕੀ ਨੂੰ ਉਤਸ਼ਾਹਤ ਕੀਤਾ ਜਾਏਗਾ ।</para>
    <para>ਜਦ ਕਿ ਮੈਂਬਰ ਮੁਲਕਾਂ ਨੇ ਸੰਯੁਕਤ ਰਾਸ਼ਟਰ ਦੇ ਸਹਿਯੋਗ ਨਾਲ ਇਹ ਪ੍ਰਣ ਕੀਤਾ ਹੈ ਕਿ ਉਹ ਮਨੁੱਖੀ ਅਧਿਕਾਰਾਂ ਅਤੇ ਬੁਨਿਆਦੀ ਆਜ਼ਾਦੀਆਂ ਦੇ ਹੱਕ ਵਿਚ ਖਲੋਣ ਤੇ ਉਨ੍ਹਾਂ ਦੀ ਪਾਲਣਾ ਦੇ ਵਰਤਾਰੇ ਨੂੰ ਵਿਸ਼ਵਿਆਪੀ ਸਤਿਕਾਰ ਰਖਦਿਆਂ ਉਤਸ਼ਾਹਤ ਕੀਤਾ ਜਾਏਗਾ, ਜਦ ਕਿ ਇਨ੍ਹਾਂ ਹੱਕਾਂ ਤੇ ਆਜ਼ਾਦੀਆਂ ਦੀ ਸਾਂਝੀ ਸਮਝ ਉਕਤ ਪ੍ਰਣ ਨੂੰ ਪੂਰੀ ਤਰ੍ਹਾਂ ਸਾਕਾਰ ਕਰਨਾ ਇਕ ਅਤੀ ਮਹੱਤਵਪੂਰਣ ਗੱਲ ਹੈ ।</para>
    <para>ਇਸ ਲਈ ਹੁਣ ਯੂ.ਐਨ.ਓ ਦੀ ਜਨਰਲ ਅਸੈਂਬਲੀ ਐਲਾਨ ਕਰਦੀ ਹੈ ਕਿ ਮਨੁੱਖੀ ਅਧਿਕਾਰਾਂ ਬਾਰੇ ਵਿਸ਼ਵਵਿਆਪੀ ਐਲਾਨਨਾਮਾ ਸਭਨਾ ਲੋਕਾਂ ਤੇ ਸਭਨਾ ਮੁਲਕਾਂ ਦੀਆਂ ਸਾਂਝੀਆਂ ਪ੍ਰਾਪਤੀਆਂ ਦਾ ਇਕ ਮਾਪ ਦੰਡ ਹੈ ਅਤੇ ਜਿਸ ਦਾ ਉਦੇਸ਼ ਹੈ ਕਿ ਹਰ ਵਿਅਕਤੀ ਤੇ ਸਮਾਜ ਦਾ ਹਰੇਕ ਅੰਗ ਇਸ ਐਲਾਨਨਾਮੇ ਨੂੰ ਹਮੇਸ਼ਾਂ ਧਿਆਨ ਵਿਚ ਰਖਦਿਆਂ ਮਨੁੱਖੀ ਅਧਿਕਾਰਾਂ ਅਤੇ ਆਜ਼ਾਦੀਆਂ ਪ੍ਰਤੀ ਸਤਿਕਾਰ ਨੂੰ ਉਤਸ਼ਾਹਤ ਕਰਦਿਆਂ ਇਸ ਸੰਬੰਧੀ ਲੋਕਾਂ ਨੂੰ ਸਿਖਿਅਤ ਕਰੇਗਾ ਅਤੇ ਰਾਸ਼ਟਰੀ ਤੇ ਅੰਤਰਰਾਸ਼ਟਰੀ ਪੱਧਰ ਉਤੇ ਉਸਾਰੂ ਕਦਮ ਚੁਕੇਗਾ, ਉਨ੍ਹਾਂ ਅਧਿਕਾਰਾਂ ਤੇ ਆਜ਼ਾਦੀਆਂ ਦੀ ਸੰਸਾਰ ਪੱਧਰੀ ਅਤੇ ਪ੍ਰਭਾਵਸ਼ਾਲੀ ਮਾਨਤਾ ਤੇ ਪਾਲਣਾ ਕਰਵਾਏਗਾ ਅਤੇ ਇਹ ਕੰਮ ਮੈਂਬਰ ਮੁਲਕ ਆਪਣੇ ਆਪਣੇ ਮੁਲਕਾਂ ਵਿਚ ਉਨ੍ਹਾਂ ਦੇ ਅਧਿਕਾਰ ਹੇਠ ਆਉਂਦੇ ਇਲਾਕਿਆਂ ਵਿਚ ਵੀ ਕਰਨਗੇ ।</para>
  </preamble>
  <article number="1">
    <title>ਆਰਟੀਕਲ: 1</title>
    <para>ਸਾਰਾ ਮਨੁੱਖੀ ਪਰਿਵਾਰ ਆਪਣੀ ਮਹਿਮਾ, ਸ਼ਾਨ ਅਤੇ ਹੱਕਾਂ ਦੇ ਪੱਖੋਂ ਜਨਮ ਤੋਂ ਹੀ ਆਜ਼ਾਦ ਹੈ ਅਤੇ ਸੁਤੇ ਸਿੱਧ ਸਾਰੇ ਲੋਕ ਬਰਾਬਰ ਹਨ । ਉਨ੍ਹਾਂ ਸਭਨਾ ਨੂੰ ਤਰਕ ਅਤੇ ਜ਼ਮੀਰ ਦੀ ਸੌਗਾਤ ਮਿਲੀ ਹੋਈ ਹੈ ਅਤੇ ਉਨ੍ਹਾਂ ਨੂੰ ਭਰਾਤਰੀਭਾਵ ਦੀ ਭਾਵਨਾ ਰਖਦਿਆਂ ਆਪਸ ਵਿਚ ਵਿਚਰਣਾ ਚਾਹੀਦਾ ਹੈ ।</para>
  </article>
  <article number="2">
    <title>ਆਰਟੀਕਲ: 2</title>
    <para>ਹਰੇਕ ਵਿਅਕਤੀ ਨੂੰ ਭਾਵੇਂ ਉਸ ਦੀ ਕੋਈ ਨਸਲ, ਰੰਗ, ਲਿੰਗ, ਭਾਸ਼ਾ, ਧਰਮ, ਰਾਜਨੀਤਕ ਵਿਚਾਰਧਾਰਾ ਜਾਂ ਕੋਈ ਹੋਰ ਵਿਚਾਰਧਾਰਾ ਹੋਏ, ਭਾਵੇਂ ਉਸ ਦੀ ਕੋਈ ਵੀ ਜਾਇਦਾਦ ਹੋਵੇ ਅਤੇ ਭਾਵੇਂ ਉਸ ਦਾ ਕਿਤੇ ਵੀ ਜਨਮ ਹੋਇਆ ਹੋਵੇ ਤੇ ਉਸਦਾ ਕੋਈ ਵੀ ਰੁਤਬਾ ਹੋਵੇ, ਉਹ ਐਲਾਨਨਾਮੇ ਵਿਚ ਮਿਲੇ ਅਧਿਕਾਰਾਂ ਤੇ ਆਜ਼ਾਦੀਆਂ ਨੂੰ ਪ੍ਰਾਪਤ ਕਰਨ ਦਾ ਹੱਕ ਰਖਦਾ ਹੈ ।</para>
    <para>ਇਸ ਤੋਂ ਵੀ ਅੱਗੇ ਇਸ ਗੱਲ ਦਾ ਕੋਈ ਭੇਦ ਭਾਵ ਨਹੀਂ ਰਖਿਆ ਜਾਏਗਾ ਕਿ ਉਹ ਵਿਅਕਤੀ ਕਿਹੜੇ ਮੁਲਕ ਦਾ ਹੈ ਅਤੇ ਉਸ ਮੁਲਕ ਦਾ ਅੰਤਰਰਾਸ਼ਟਰੀ ਰੁਤਬਾ ਕਿਹੋ ਜਿਹਾ ਹੈ । ਇਸ ਗੱਲ ਦਾ ਵੀ ਖਿਆਲ ਨਹੀਂ ਰਖਿਆ ਜਾਏਗਾ ਕਿ ਉਹ ਵਿਅਕਤੀ ਕਿਸੇ ਆਜ਼ਾਦ ਮੁਲਕ ਦਾ ਹੈ, ਜਾਂ ਉਹ ਮੁਲਕ ਕਿਸੇ ਟਰੱਸਟ ਅਧੀਨ ਹੈ ਜਾਂ ਉਸ ਦਾ ਆਪਣਾ ਸਵੈਸ਼ਾਸਨ ਨਹੀਂ ਅਤੇ ਜਾਂ ਉਹ ਕਿਸੇ ਅਜਿਹੇ ਇਲਾਕੇ ਵਿਚ ਰਹਿੰਦਾ ਹੈ ਜਿਸ ਦੀ ਪ੍ਰਭੂਸੱਤਾ ਸੀਮਤ ਹੈ ।</para>
  </article>
  <article number="3">
    <title>ਆਰਟੀਕਲ: 3</title>
    <para>ਹਰੇਕ ਮਨੁੱਖ ਨੂੰ ਜਿ਼ੰਦਗੀ ਜੀਊਣ, ਆਜ਼ਾਦੀ ਅਤੇ ਸੁਰੱਖਿਆ ਦਾ ਹੱਕ ਹੈ ।</para>
  </article>
  <article number="4">
    <title>ਆਰਟੀਕਲ: 4</title>
    <para>ਕਿਸੇ ਵੀ ਵਿਅਕਤੀ ਨੂੰ ਗੁਲਾਮ ਜਾਂ ਦਾਸ ਨਹੀਂ ਬਣਾਇਆ ਜਾਏਗਾ ਅਤੇ ਗੁਲਾਮਾਂ ਦਾ ਵਪਾਰ ਭਾਵੇਂ ਉਹ ਕਿਸੇ ਵੀ ਸ਼ਕਲ ਵਿਚ ਹੋਵੇ, ਕਰਨ ਦੀ ਮਨਾਹੀ ਹੈ ।</para>
  </article>
  <article number="5">
    <title>ਆਰਟੀਕਲ: 5</title>
    <para>ਕਿਸੇ ਵੀ ਵਿਅਕਤੀ ਨੂੰ ਤਸੀਹੇ ਨਹੀਂ ਦਿਤੇ ਜਾਣਗੇ ਅਤੇ ਉਸ ਨਾਲ ਅਣਮਨੁੱਖੀ ਵਰਤਾਓ ਨਹੀਂ ਕੀਤਾ ਜਾਏਗਾ ਅਤੇ ਉਸ ਨੂੰ ਇਹੋ ਜਿਹੀ ਸਜ਼ਾ ਨਹੀਂ ਦਿੱਤੀ ਜਾਏਗੀ ਜਿਸ ਦਾ ਮਨੋਰਥ ਉਸ ਨੂੰ ਨੀਵਾਂ ਕਰਨਾ ਹੋਵੇ ।</para>
  </article>
  <article number="6">
    <title>ਆਰਟੀਕਲ: 6</title>
    <para>ਹਰੇਕ ਵਿਅਕਤੀ ਨੂੰ ਕਾਨੂੰਨ ਸਾਹਮਣੇ ਇਕ ਇਨਸਾਨ ਵਜੋਂ ਮਿਲਣ ਦਾ ਹੱਕ ਮਿਲੇਗਾ ।</para>
  </article>
  <article number="7">
    <title>ਆਰਟੀਕਲ: 7</title>
    <para>ਸਭਨਾ ਲੋਕਾਂ ਨੂੰ ਕਾਨੂੰਨ ਸਾਹਮਣੇ ਬਰਾਬਰ ਸਮਝਿਆ ਜਾਵੇਗਾ ਅਤੇ ਉਨ੍ਹਾਂ ਨੂੰ ਬਿਨਾਂ ਕਿਸੇ ਭੇਦ ਭਾਵ ਤੋਂ ਕਾਨੂੰਨ ਮੁਤਾਬਿਕ ਬਰਾਬਰ ਦੀ ਸੁਰੱਖਿਆ ਮਿਲੇਗੀ । ਸਭਨਾ ਲੋਕਾਂ ਨੂੰ ਕਿਸੇ ਵੀ ਭੇਦ ਭਾਵ ਦੇ ਖਿ਼ਲਾਫ ਬਰਾਬਰ ਦੀ ਸੁਰੱਖਿਆ ਮਿਲੇਗੀ ਅਤੇ ਭੇਦ ਭਾਵ ਕਰਨ ਵਾਲੀ ਉਕਸਾਹਟ ਵਿਰੁਧ ਵੀ ਉਸ ਨੂੰ ਬਰਾਬਰ ਦੀ ਸੁਰੱਖਿਆ ਮਿਲੇਗੀ ।</para>
  </article>
  <article number="8">
    <title>ਆਰਟੀਕਲ: 8</title>
    <para>ਜੇਕਰ ਕਿਸੇ ਵਿਅਕਤੀ ਨੂੰ ਮਹਿਸੂਸ ਹੁੰਦਾ ਹੈ ਕਿ ਸੰਵਿਧਾਨ ਜਾਂ ਕਾਨੂੰਨ ਤਹਿਤ ਮਿਲੇ ਬੁਨਿਆਦੀ ਅਧਿਕਾਰਾਂ ਦੀ ਉਲੰਘਣਾ ਹੋਈ ਹੈ ਤਾਂ ਉਸ ਵਿਅਕਤੀ ਨੂੰ ਯੋਗ ਨਿਆਂ ਪ੍ਰਾਪਤ ਕਰਨ ਲਈ ਰਾਸ਼ਟਰੀ ਟਿ੍ਰਬਿਊਨਲਾਂ ਤਕ ਪਹੁੰਚ ਕਰਨ ਦਾ ਹੱਕ ਹਾਸਲ ਹੈ ।</para>
  </article>
  <article number="9">
    <title>ਆਰਟੀਕਲ: 9</title>
    <para>ਕਿਸੇ ਵਿਅਕਤੀ ਨੂੰ ਐਵੇਂ ਆਪਹੁਦਰੇ ਢੰਗ ਜਾਂ ਮਨਮਰਜੀ ਨਾਲ ਗਿ੍ਰਫਤਾਰ, ਨਜ਼ਰਬੰਦ ਨਹੀਂ ਕੀਤਾ ਜਾਏਗਾ ਜਾ ਦੇਸ਼ ਨਿਕਾਲਾ ਨਹੀਂ ਦਿੱਤਾ ਜਾਏਗਾ ।</para>
  </article>
  <article number="10">
    <title>ਆਰਟੀਕਲ: 10</title>
    <para>ਹਰੇਕ ਵਿਅਕਤੀ ਨੂੰ ਫੌਜਦਾਰੀ ਦੋਸ਼ ਲਗਣ ਦੀ ਸੂਰਤ ਵਿਚ ਆਪਣੇ ਹੱਕਾਂ ਤੇ ਜਿ਼ੰਮੇਵਾਰੀਆਂ ਨੂੰ ਮਿਲਣ ਲਈ ਇਕ ਸੁਤੰਤਰ ਤੇ ਨਿਰਪੱਖ ਟਿ੍ਰਬਿਊਨਲ ਅੱਗੇ ਨਿਆਂ ਪੂਰਵਕ ਤੇ ਜਨਤਕ ਸੁਣਵਾਈ ਦਾ ਹੱਕ ਹਾਸਲ ਹੈ ।</para>
  </article>
  <article number="11">
    <title>ਆਰਟੀਕਲ: 11</title>
    <orderedlist>
      <listitem>
        <para>ਹਰ ਇਕ ਵਿਅਕਤੀ ਜਿਸ ਉਤੇ ਸਜ਼ਾ-ਯਾਫ਼ਤਾ ਜੁਰਮ ਕਰਨ ਦਾ ਇਲਜ਼ਾਮ ਹੈ, ਉਹ ਉਦੋਂ ਤਕ ਆਪਣੇ ਆਪ ਨੂੰ ਨਿਰਦੋਸ਼ ਮੰਨਣ ਦਾ ਹੱਕ ਰਖਦਾ ਹੈ ਜਦ ਤਕ ਕਾਨੂੰਨ ਮੁਤਾਬਿਕ ਖੁਲ੍ਹੇ ਮੁਕੱਦਮੇ ਵਿਚ ਉਸ ਨੂੰ ਦੋਸ਼ੀ ਨਹੀਂ ਕਰਾਰ ਦਿੱਤਾ ਜਾਂਦਾ । ਇਸ ਤੋਂ ਇਲਾਵਾ, ਉਸ ਵਿਅਕਤੀ ਨੂੰ ਦੋਸ਼ੀ ਤਾਂ ਹੀ ਠਹਿਰਾਇਆ ਜਾ ਸਕੇਗਾ ਜੇ ਉਸ ਨੂੰ ਮੁਕੱਦਮੇ ਵਿਚ ਆਪਣੀ ਸਫ਼ਾਈ ਲਈ ਲੋੜੀਂਦੀਆਂ ਤਮਾਮ ਸਹੂਲਤਾਂ ਤੇ ਸਾਧਨ ਮੁਹੱਈਆ ਕਰਾਏ ਗਏ ਹੋਣਗੇ ।</para>
      </listitem>
      <listitem>
        <para>ਕਿਸੇੇ ਵੀ ਵਿਅਕਤੀ ਨੂੰ ਕਿਸੇ ਗਲਤੀ ਕਰਨ ਕਰਕੇ ਕਿਸੇ ਦੰਡ-ਯੋਗ ਜੁਰਮ ਦਾ ਦੋਸ਼ੀ ਨਹੀਂ ਮੰਨਿਆ ਜਾਏਗਾ ਜੋ ਕਿਸੇ ਰਾਸ਼ਟਰੀ ਜਾਂ ਅੰਤਰਰਾਸ਼ਟਰੀ ਕਾਨੂੰਨ ਅਧੀਨ ਜੁਰਮ ਕਰਨ ਦੇ ਸਮੇਂ ਜੁਰਮ ਦੀ ਸੂਚੀ ਵਿਚ ਨਾ ਆਉਂਦਾ ਹੋਏ । ਨਾ ਹੀ ਉਸ ਵਿਅਕਤੀ ਨੂੰ ਉਸ ਤੋਂ ਵਧ ਸਜ਼ਾ ਦਿਤੀ ਜਾ ਸਕਦੀ ਹੈ ਜੋ ਜੁਰਮ ਕਰਨ ਸਮੇਂ ਉਸ ਜੁਰਮ ਲਈ ਨਿਰਧਾਰਤ ਕੀਤੀ ਗਈ ਸੀ ।</para>
      </listitem>
    </orderedlist>
  </article>
  <article number="12">
    <title>ਆਰਟੀਕਲ: 12</title>
    <para>ਕਿਸੇ ਵੀ ਵਿਅਕਤੀ ਦੇ ਨਿਜੀ ਜੀਵਨ ਵਿਚ, ਘਰ, ਪਰਿਵਾਰ ਜਾਂ ਉਸ ਦੇ ਚਿੱਠੀ ਪੱਤਰ ਵਿਚ ਆਪਹੁਦਰੀ ਦਜ਼ਲਅੰਦਾਜ਼ੀ ਨਹੀਂ ਕੀਤੀ ਜਾਏਗੀ ਅਤੇ ਨਾ ਹੀ ਉਸ ਦੇ ਮਾਣ ਸਨਮਾਨ ਤੇ ਸ਼ੋਹਰਤ ਨੂੰ ਧੱਕਾ ਪਹੁੰਚਾਇਆ ਜਾਏਗਾ । ਹਰੇਕ ਅਜਿਹੇ ਵਿਅਕਤੀ ਨੂੰ ਅਜਿਹੀ ਦਜ਼ਲਅੰਦਾਜ਼ੀ ਵਿਰੁਧ ਕਾਨੂੰਨ ਹੇਠ ਸੁਰੱਖਿਆ ਮਿਲੇਗੀ ।</para>
  </article>
  <article number="13">
    <title>ਆਰਟੀਕਲ: 13</title>
    <orderedlist>
      <listitem>
        <para>ਹਰੇਕ ਵਿਅਕਤੀ ਨੂੰ ਕਿਸੇ ਵੀ ਮੁਲਕ ਵਿਚ ਕਿਤੇ ਵੀ ਘੁੰਮਣ ਫਿਰਣ ਤੇ ਘਰ ਬਣਾਉਣ ਦੀ ਆਜ਼ਾਦੀ ਹੈ ।</para>
      </listitem>
      <listitem>
        <para>ਹਰੇਕ ਵਿਅਕਤੀ ਨੂੰ ਕਿਸੇ ਵੀ ਦੇਸ਼ ਨੂੰ ਛਡ ਕੇ ਜਾਣ ਦਾ ਹੱਕ ਹਾਸਲ ਹੈ ਅਤੇ ਇਸ ਵਿਚ ਉਸ ਦਾ ਆਪਣਾ ਮੁਲਕ ਵੀ ਸ਼ਾਮਲ ਹੈ ਅਤੇ ਉਸ ਨੂੰ ਆਪਣੇ ਮੁਲਕ ਪਰਤਣ ਦਾ ਹੱਕ ਵੀ ਹਾਸਲ ਹੈ ।</para>
      </listitem>
    </orderedlist>
  </article>
  <article number="14">
    <title>ਆਰਟੀਕਲ: 14</title>
    <orderedlist>
      <listitem>
        <para>ਹਰੇਕ ਵਿਅਕਤੀ ਨੂੰ ਕਿਸੇ ਵੀ ਅਤਿਆਚਾਰ ਤੋਂ ਬਚਣ ਲਈ ਕਿਸੇ ਦੂਜੇ ਮੁਲਕ ਵਿਚ ਸ਼ਰਨ ਲੈਣ ਦਾ ਹੱਕ ਹਾਸਲ ਹੈ ।</para>
      </listitem>
      <listitem>
        <para>ਉਕਤ ਅਧਿਕਾਰ ਉਸ ਸੂਰਤ ਵਿਚ ਨਹੀਂ ਲਿਆ ਜਾ ਸਕਦਾ ਜਦੋਂ ਸੰਬੰਧਿਤ ਵਿਅਕਤੀ ਉਤੇ ਗੈਰਰਾਜਸੀ ਕਾਰਨਾਂ ਕਰਕੇ ਮੁਕੱਦਮਾ ਚਲ ਰਿਹਾ ਹੋਵੇ ਜਾਂ ਉਸ ਦੇ ਕੰਮ ਯੂ.ਐਨ.ਓ ਦੇ ਉਦੇਸ਼ਾਂ ਅਤੇ ਸਿਧਾਂਤਾਂ ਦੇ ਉਲਟ ਜਾਂਦੇ ਹੋਣ ।</para>
      </listitem>
    </orderedlist>
  </article>
  <article number="15">
    <title>ਆਰਟੀਕਲ: 15</title>
    <orderedlist>
      <listitem>
        <para>ਹਰੇਕ ਵਿਅਕਤੀ ਨੂੰ ਕੌਮੀਅਤ ਦਾ ਹੱਕ ਹਾਸਲ ਹੈ ।</para>
      </listitem>
      <listitem>
        <para>ਕਿਸੇ ਵੀ ਵਿਅਕਤੀ ਨੂੰ ਆਪਹੁਦਰੇ ਢੰਗ ਨਾਲ ਉਸ ਦੀ ਕੌਮੀਅਤ ਤੋਂ ਵੰਚਿਤ ਨਹੀਂ ਕੀਤਾ ਜਾ ਸਕਦਾ ਅਤੇ ਨਾ ਹੀ ਉਸ ਤੋਂ ਆਪਣੀ ਕੌਮੀਅਤ ਬਦਲਣ ਦਾ ਅਧਿਕਾਰ ਖੋਹਿਆ ਜਾ ਸਕਦਾ ਹੈ ।</para>
      </listitem>
    </orderedlist>
  </article>
  <article number="16">
    <title>ਆਰਟੀਕਲ: 16</title>
    <orderedlist>
      <listitem>
        <para>ਸਭ ਬਾਲਗ ਮਰਦਾਂ ਤੇ ਔਰਤਾਂ ਨੂੰ ਕਿਸੇ ਵੀ ਨਸਲ, ਕੌਮੀਅਤ ਜਾਂ ਧਰਮ ਆਦਿ ਦੇ ਬੰਧਨਾਂ ਤੋਂ ਮੁਕਤ ਹੋ ਕੇ ਵਿਆਹ ਕਰਨ ਦਾ ਅਤੇ ਆਪਣਾ ਪਰਿਵਾਰ ਸਿਰਜਣ ਦਾ ਹੱਕ ਹਾਸਲ ਹੈ । ਉਨ੍ਹਾਂ ਨੂੰ ਜਿਥੋਂ ਤਕ ਵਿਆਹਾਂ ਦਾ ਸੰਬੰਧ ਹੈ, ਬਰਾਬਰ ਹੱਕ ਹਾਸਲ ਹਨ ਅਤੇ ਸ਼ਾਦੀ ਦੇ ਸਮੇਂ ਤੇ ਤਲਾਕ ਆਦਿ ਦੇ ਸਮੇਂ ਜੋ ਮਿਲਦਾ ਹੈ ਜਾਂ ਦਿਤਾ ਜਾਂਦਾ ਹੈ, ਉਸ ਦੇ ਵੀ ਉਹ ਬਕਾਇਦਾ ਹੱਕਦਾਰ ਹਨ ।</para>
      </listitem>
      <listitem>
        <para>ਵਿਆਹ ਤਾਂ ਹੀ ਹੋ ਸਕੇਗਾ ਜੇਕਰ ਜੋੜੇ ਵਿਚੋਂ ਦੋਵਾਂ ਦੀ ਪੂਰੀ ਤੇ ਸੁਤੰਤਰ ਸਹਿਮਤੀ ਹੋਏਗੀ ।</para>
      </listitem>
      <listitem>
        <para>ਪਰਿਵਾਰ ਸਮਾਜ ਦੀ ਬੁਨਿਆਦੀ ਤੇ ਕੁਦਰਤੀ ਇਕਾਈ ਹੈ ਅਤੇ ਸਮਾਜ ਅਤੇ ਸਟੇਟ ਪਰਿਵਾਰ ਨੂੰ ਸੁਰੱਖਿਆ ਪ੍ਰਦਾਨ ਕਰੇਗੀ ।</para>
      </listitem>
    </orderedlist>
  </article>
  <article number="17">
    <title>ਆਰਟੀਕਲ: 17</title>
    <orderedlist>
      <listitem>
        <para>[missing]</para>
      </listitem>
      <listitem>
        <para>ਹਰ ਇਕ ਨੂੰ ਇਕੱਲੇ ਜਾਂ ਮਿਲਕੇ ਜਾਇਦਾਦ ਖਰੀਦਣ ਦਾ ਹੱਕ ਹੈ ।</para>
      </listitem>
    </orderedlist>
  </article>
  <article number="18">
    <title>ਆਰਟੀਕਲ: 18</title>
    <orderedlist>
      <listitem>
        <para>ਕਿਸੇ ਵੀ ਵਿਅਕਤੀ ਨੂੰ ਆਪਹੁਦਰੇ ਢੰਗ ਨਾਲ ਉਸ ਦੀ ਜਾਇਦਾਦ ਤੋਂ ਵੰਚਿਤ ਨਹੀਂ ਕੀਤਾ ਜਾ ਸਕਦਾ ।</para>
      </listitem>
      <listitem>
        <para>ਹਰ ਇਕ ਵਿਅਕਤੀ ਨੂੰ ਵਿਚਾਰਾਂ ਦੀ ਆਜ਼ਾਦੀ ਹੈ, ਜ਼ਮੀਰ ਦੀ ਆਜ਼ਾਦੀ ਹੈ ਅਤੇ ਧਰਮ ਦੀ ਆਜ਼ਾਦੀ ਹੈ । ਇਸ ਅਧਿਕਾਰ ਵਿਚ ਆਪਣਾ ਧਰਮ ਜਾਂ ਵਿਸ਼ਵਾਸ ਬਦਲਣ ਦਾ ਹੱਕ ਸ਼ਾਮਲ ਹੈ । ਇਸ ਵਿਚ ਉਸਨੂੰ ਇਕੱਲੇ ਜਾਂ ਭਾਈਚਾਰਕ ਰੂਪ ਵਿਚ, ਗੁਪਤ ਜਾਂ ਪ੍ਰਗਟ ਰੂਪ ਵਿਚ ਆਪਣੇ ਧਰਮ ਦੀਆਂ ਸਿਖਿਆਵਾਂ ਦੇਣ ਦਾ, ਰਵਾਇਤਾਂ ਕਾਇਮ ਰਖਣ ਦਾ, ਪਾਠ ਪੂਜਾ ਕਰਨ ਦਾ ਅਤੇ ਤਿਉਹਾਰ ਵਗੈਰਾ ਮਨਾਉਣ ਦਾ ਹੱਕ ਵੀ ਸ਼ਾਮਲ ਹੈ ।</para>
      </listitem>
    </orderedlist>
  </article>
  <article number="19">
    <title>ਆਰਟੀਕਲ: 19</title>
    <para>ਹਰੇਕ ਵਿਅਕਤੀ ਨੂੰ ਆਪਣੀ ਰਾਏ ਰੱਖਣ ਅਤੇ ਪ੍ਰਗਟ ਕਰਨ ਦਾ ਹੱਕ ਹਾਸਲ ਹੈ । ਇਸ ਹੱਕ ਵਿਚ ਬਗੈਰ ਕਿਸੇ ਦਜ਼ਲ ਅੰਦਾਜ਼ੀ ਤੋਂ ਆਪਣੀ ਰਾਏ ਰੱਖਣ ਦੀ ਆਜ਼ਾਦੀ ਸ਼ਾਮਲ ਹੈ ਅਤੇ ਦੇਸ਼ ਕਾਲ ਦੀਆਂ ਹੱਦਾਂ ਤੋਂ ਮੁਕਤ ਹੋ ਕੇ ਕਿਸੇ ਵੀ ਮਾਧਿਅਮ ਰਾਹੀਂ ਜਾਣਕਾਰੀ ਤੇ ਵਿਚਾਰ ਮੰਗਣ, ਲੈਣ ਤੇ ਜਾਣਕਾਰੀ ਦੇਣ ਦਾ ਹੱਕ ਇਸ ਅਧਿਕਾਰ ਵਿਚ ਸ਼ਾਮਲ ਹੈ ।</para>
  </article>
  <article number="20">
    <title>ਆਰਟੀਕਲ: 20</title>
    <orderedlist>
      <listitem>
        <para>ਹਰੇਕ ਵਿਅਕਤੀ ਨੂੰ ਪੁਰਅਮਨ ਇਕੱਠ ਕਰਨ ਅਤੇ ਸਭਾਵਾਂ ਬਣਾਉਣ ਦਾ ਹੱਕ ਹਾਸਲ ਹੈ ।</para>
      </listitem>
      <listitem>
        <para>ਕਿਸੇ ਨੂੰ ਵੀ ਜਬਰਨ ਕਿਸੇ ਸਭਾ ਦਾ ਮੈਂਬਰ ਨਹੀਂ ਬਣਾਇਆ ਜਾ ਸਕਦਾ ।</para>
      </listitem>
    </orderedlist>
  </article>
  <article number="21">
    <title>ਆਰਟੀਕਲ: 21</title>
    <orderedlist>
      <listitem>
        <para>ਹਰ ਇਕ ਵਿਅਕਤੀ ਨੂੰ ਆਪਣੇ ਮੁਲਕ ਵਿਚ ਸਿਧੇ ਜਾਂ ਸੁਤੰਤਰ ਢੰਗ ਨਾਲ ਚੁਣੇ ਨੁਮਾਇੰਦਿਆਂ ਰਾਹੀਂ ਸਰਕਾਰ ਵਿਚ ਸ਼ਮੂਲੀਅਤ ਦਾ ਹੱਕ ਹਾਸਲ ਹੈ ।</para>
      </listitem>
      <listitem>
        <para>ਹਰੇਕ ਬੰਦੇ ਨੂੰ ਜਨਤਕ ਸੇਵਾਵਾਂ ਤਕ ਰਾਸ਼ਟਰੀਕਰਨ ਦਾ ਹੱਕ ਹਾਸਲ ਹੈ ।</para>
      </listitem>
      <listitem>
        <para>ਸਰਕਾਰ ਦੀ ਸੱਤਾ ਤੇ ਉਸਦੀ ਮਰਜ਼ੀ ਲੋਕਾਂ ਦੀ ਮਰਜ਼ੀ ਉਤੇ ਆਧਾਰਤ ਹੋਏਗੀ । ਇਸ ਮਰਜ਼ੀ ਦਾ ਪ੍ਰਗਟਾਵਾ ਸਮੇਂ ਸਮੇਂ ਹੋਣ ਵਾਲੀਆਂ ਗੁਪਤ ਚੋਣ ਪਰਚੀਆਂ ਰਾਹੀਂ ਨਿਰਪੱਖ ਚੋਣਾਂ ਦੁਆਰਾ ਜਾਂ ਇਸ ਨਾਲ ਮੇਲ ਖਾਂਦੀਆਂ ਹੋਰ ਸੁੰਤਤਰ ਵਿਧੀਆਂ ਰਾਹੀ ਕੀਤਾ ਜਾਏਗਾ ।</para>
      </listitem>
    </orderedlist>
  </article>
  <article number="22">
    <title>ਆਰਟੀਕਲ: 22</title>
    <para>ਹਰੇਕ ਵਿਅਕਤੀ ਨੂੰ ਸਮਾਜ ਦਾ ਮੈਂਬਰ ਹੋਣ ਤੇ ਨਾਤੇ ਸਮਾਜਕ ਸੁਰੱਖਿਆ ਦਾ ਅਧਿਕਾਰ ਹੈ ਅਤੇ ਉਹ ਰਾਸ਼ਟਰੀ ਯਤਨਾਂ ਰਾਹੀਂ ਜਾਂ ਅੰਤਰਰਾਸ਼ਟਰੀ ਸਹਿਯੋਗ ਰਾਹੀਂ ਅਤੇ ਸਬੰਧਿਤ ਮੁਲਕ ਦੇ ਸਾਧਨਾਂ ਦੀ ਵਰਤੋਂ ਕਰਦਾ ਹੋਇਆ ਆਪਣੇ ਆਰਥਕ, ਸਮਾਜਕ ਤੇ ਸਭਿਆਚਾਰਕ ਹੱਕਾਂ ਦੀ ਪੂਰਤੀ ਕਰਨ ਦਾ ਹੱਕਦਾਰ ਹੈ ਜੋ ਉਸ ਦੀ ਸ਼ਖਸੀਅਤ ਦੇ ਸੁਤੰਤਰ ਵਿਕਾਸ ਤੇ ਉਸਦੇ ਮਾਣ ਤਾਨ ਲਈ ਜ਼ਰੂਰੀ ਹੁੰਦੇ ਹਨ ।</para>
  </article>
  <article number="23">
    <title>ਆਰਟੀਕਲ: 23</title>
    <orderedlist>
      <listitem>
        <para>ਹਰੇਕ ਵਿਅਕਤੀ ਨੂੰ ਕੰਮ ਕਰਨ ਦਾ ਅਧਿਕਾਰ ਆਪਣੀ ਮਰਜ਼ੀ ਮੁਤਾਬਿਕ ਨੌਕਰੀ ਦੀ ਚੋਣ ਕਰਨ, ਨੌਕਰੀ ਦੀਆਂ ਸੁਖਾਵੀਆਂ ਤੇ ਨਿਆਂਪੂਰਨ ਹਾਲਤਾਂ ਮਾਨਣ ਦਾ ਅਧਿਕਾਰ ਹੈ ਅਤੇ ਨਾਲ ਹੀ ਉਸ ਨੂੰ ਬੇਰੁਜ਼ਗਾਰੀ ਵਿਰੁੱਧ ਸੁਰੱਖਿਆ ਪ੍ਰਦਾਨ ਕੀਤੇ ਜਾਣ ਦਾ ਹੱਕ ਹੈ ।</para>
      </listitem>
      <listitem>
        <para>ਹਰੇਕ ਵਿਅਕਤੀ ਨੂੰ ਬਿਨਾਂ ਕਿਸੇ ਭੇਦ ਭਾਵ ਤੋਂ ਬਰਾਬਰ ਕੰਮ ਲਈ ਬਰਾਬਰ ਤਨਜ਼ਾਹ ਲੈਣ ਦਾ ਹੱਕ ਹੈ ।</para>
      </listitem>
      <listitem>
        <para>ਜਿਹੜਾ ਵੀ ਵਿਅਕਤੀ ਕੰਮ ਕਰਦਾ ਹੈ ਉਸ ਨੂੰ ਨਿਆਂਪੂਰਨ ਅਤੇ ਮੁਨਾਸਿਬ ਮੇਹਨਤਾਨਾ ਹਾਸਲ ਕਰਣ ਦਾ ਹੱਕ ਹੈ । ਜਿਸ ਨਾਲ ਉਹ ਇਸ ਹੱਦ ਤਕ ਆਪਣੀ ਤੇ ਆਪਣੇ ਪਰਿਵਾਰ ਦੀ ਉਦਰ ਪੂਰਤੀ ਕਰ ਸਕੇ ਜਿਸ ਵਿਚ ਮਨੁੱਖੀ ਸ਼ਾਨ ਦਾ ਝੰਡਾ ਬੁਲੰਦ ਰਹੇ ਅਤੇ ਜੇਕਰ ਲੋੜ ਪਵੇ ਤਾਂ ਉਸ ਨੂੰ ਸਮਾਜਕ ਸੁਰੱਖਿਆ ਦੇ ਹੋਰ ਸਾਧਨਾਂ ਰਾਹੀਂ ਇਹ ਮੰਜਿ਼ਲ ਹਾਸਲ ਕਰਨ ਦਾ ਹੱਕ ਹੋਏਗਾ ।</para>
      </listitem>
      <listitem>
        <para>ਹਰੇਕ ਵਿਅਕਤੀ ਨੂੰ ਆਪਣੇ ਹਿੱਤਾਂ ਲਈ ਵਪਾਰਕ ਸੰਗਠਨ ਬਣਾਉਣ ਤੇ ਇਨ੍ਹਾਂ ਵਿਚ ਸ਼ਾਮਲ ਹੋਣ ਦਾ ਹੱਕ ਹੈ ।</para>
      </listitem>
    </orderedlist>
  </article>
  <article number="24">
    <title>ਆਰਟੀਕਲ: 24</title>
    <para>ਹਰ ਇਕ ਵਿਅਕਤੀ ਨੂੰ ਆਰਾਮ ਤੇ ਵਿਹਲ ਮਾਨਣ ਦਾ ਹੱਕ ਹੈ । ਇਸ ਵਿਚ ਕੰਮ ਦੇ ਮੁਨਾਸਿਬ ਘੰਟਿਆਂ ਦੀ ਹੱਦ ਸ਼ਾਮਿਲ ਹੈ ਅਤੇ ਸਮੇਂ ਸਮੇਂ ਤਨਖਾਹ ਸਮੇਤ ਛੁਟੀਆਂ ਲੈਣ ਦਾ ਹੱਕ ਵੀ ਸ਼ਾਮਲ ਹੈ ।</para>
  </article>
  <article number="25">
    <title>ਆਰਟੀਕਲ: 25</title>
    <orderedlist>
      <listitem>
        <para>ਹਰ ਇਕ ਵਿਅਕਤੀ ਨੂੰ ਆਪਣੀ ਤੇ ਆਪਣੇ ਪਰਿਵਾਰ ਦੀ ਸਿਹਤ ਤੇ ਭਲਾਈ ਲਈ ਇਕ ਚੰਗੇਰੇ ਜੀਵਨ ਮਿਆਰ ਮਾਨਣ ਦਾ ਹੱਕ ਹੈ । ਇਸ ਵਿਚ ਜ਼ੁਰਾਕ, ਕਪੜਾ, ਰਿਹਾਇਸ਼ ਅਤੇ ਡਾਕਟਰੀ ਸਹੂਲਤ ਅਤੇ ਲੋੜੀਂਦੀਆਂ ਸਮਾਜਕ ਸੇਵਾਵਾਂ ਸ਼ਾਮਲ ਹਨ । ਇਸ ਤੋਂ ਇਲਾਵਾ ਇਸ ਵਿਚ ਬੇਰੁਜ਼ਗਾਰੀ, ਬੀਮਾਰੀ, ਅਪੰਗਤਾ, ਵਿਧਵਾਪਨ, ਬੁਢੇਪਾ ਜਾਂ ਬੇਵੱਸ ਹਾਲਤਾਂ ਵਿਚ ਰੋਜ਼ੀ ਦੀ ਅਣਹੋਂਦ ਤੋਂ ਸਮਾਜਕ ਸੁਰੱਖਿਆ ਦੀ ਸਹੂਲਤ ਵੀ ਸ਼ਾਮਲ ਹੈ ।</para>
      </listitem>
      <listitem>
        <para>ਬੱਚੇ ਦੇ ਜੰਮਣ ਮੌਕੇ ਮਾਤਾ ਅਤੇ ਬਚਪਨ ਵਿਚ ਬੱਚੇ ਨੂੰ ਵਿਸ਼ੇਸ਼ ਧਿਆਨ ਤੇ ਸਹਾਇਤਾ ਪ੍ਰਾਪਤ ਕਰਨ ਦਾ ਹੱਕ ਹਾਸਲ ਹੈ । ਸਾਰੇ ਬੱਚੇ ਭਾਵੇਂ ਉਹ ਵਿਆਹ ਤੋਂ ਪਿਛੋਂ ਪੈਦਾ ਹੋਣ ਤੇ ਭਾਵੇਂ ਵਿਆਹ ਤੋਂ ਪਹਿਲਾਂ ਉਨ੍ਹਾਂ ਨੂੰ ਉਕਤ ਸਮਾਜਕ ਸੁਰੱਖਿਆ ਮਾਨਣ ਦਾ ਹੱਕ ਹੈ ।</para>
      </listitem>
    </orderedlist>
  </article>
  <article number="26">
    <title>ਆਰਟੀਕਲ: 26</title>
    <orderedlist>
      <listitem>
        <para>ਹਰੇਕ ਵਿਅਕਤੀ ਨੂੰ ਵਿਦਿਆ ਹਾਸਲ ਕਰਨ ਦਾ ਹੱਕ ਹੈ । ਵਿਦਿਆ ਮੁਫ਼ਤ ਹੋਏਗੀ । ਘਟ ਤੋਂ ਘਟ ਪ੍ਰਾਇਮਰੀ ਵਿਦਿਆ ਮੁਫ਼ਤ ਹੋਏਗੀ । ਪ੍ਰਾਇਮਰੀ ਵਿਦਿਆ ਲਾਜ਼ਮੀ ਹੋਏਗੀ । ਤਕਨੀਕੀ ਤੇ ਕਿੱਤਾ ਸਿਖਿਆ ਤਕ ਹਰ ਇਕ ਦੀ ਪਹੁੰਚ ਹੋਏਗੀ । ਇਸੇ ਤਰ੍ਹਾਂ ਉਚੇਰੀ ਵਿਦਿਆ ਯੋਗਤਾ ਦੇ ਆਧਾਰ ਉਤੇ ਹਰ ਇਕ ਨੂੰ ਮਿਲ ਸਕੇਗੀ ।</para>
      </listitem>
      <listitem>
        <para>ਮਨੁੱਖੀ ਸਖਸ਼ੀਅਤ ਦੀ ਮੁਕੰਮਲ ਪ੍ਰਫ਼ੁਲਤਾ ਵਿਦਿਆ ਦਾ ਉਦੇਸ ਹੋਏਗਾ ਅਤੇ ਸਾਰੇ ਮੁਲਕਾਂ, ਨਸਲੀ ਤੇ ਧਾਰਮਿਕ ਸੰਗਠਨਾ ਵਿਚ ਮਨੁੱਖੀ ਅਧਿਕਾਰਾਂ ਪ੍ਰਤੀ ਦੋਸਤੀ ਤੇ ਸਤਿਕਾਰ ਦੀ ਭਾਵਨਾ ਨੂੰ ਮਜ਼ਬੂਤ ਕਰਨਾ, ਵਿਦਿਆ ਦੀ ਮੰਜਿ਼ਲ ਹੋਏਗਾ ਅਤੇ ਸ਼ਾਂਤੀ ਕਾਇਮ ਰਖਣ ਲਈ ਸੰਪੂਰਣ ਰਾਸ਼ਟਰ ਦੀਆਂ ਸਰਗਰਮੀਆਂ ਨੂੰ ਅੱਗੇ ਲੈ ਕੇ ਜਾਏਗੀ ।</para>
      </listitem>
      <listitem>
        <para>ਬੱਚਿਆਂ ਨੂੰ ਕਿਸ ਕਿਸਮ ਦੀ ਸਿੱਖਿਆ ਦੇਣੀ ਹੈ, ਇਸ ਦੀ ਚੋਣ ਕਰਨ ਦੀ ਪਹਿਲ ਮਾਪਿਆਂ ਨੂੰ ਮਿਲੇਗੀ ।</para>
      </listitem>
    </orderedlist>
  </article>
  <article number="27">
    <title>ਆਰਟੀਕਲ: 27</title>
    <orderedlist>
      <listitem>
        <para>ਹਰ ਇਕ ਵਿਅਕਤੀ ਨੂੰ ਆਪਣੇ ਭਾਈਚਾਰੇ ਦੀ ਸਭਿਆਚਾਰਕ ਜਿ਼ੰਦਗੀ ਵਿਚ ਖੁੱਲ੍ਹ ਕੇ ਭਾਗ ਲੈਣ ਦਾ ਹੱਕ ਹੋਏਗਾ । ਉਸ ਨੂੰ ਕੋਮਲ ਕਲਾਵਾਂ ਦਾ ਆਨੰਦ ਮਾਨਣ ਅਤੇ ਵਿਗਿਆਨਕ ਉੱਨਤੀ ਤੇ ਇਸ ਤੋਂ ਮਿਲੇ ਫ਼ਾਇਦਿਆਂ ਵਿਚੋਂ ਹਿੱਸਾ ਲੈਣ ਦਾ ਹੱਕ ਹੈ ।</para>
      </listitem>
      <listitem>
        <para>ਹਰ ਇਕ ਵਿਅਕਤੀ ਨੂੰ ਆਪਣੀ ਵਿਗਿਆਨਕ, ਸਾਹਿਤਕ ਜਾਂ ਕਲਾਤਮਕ ਕਿ੍ਰਤ ਦੇ ਨਤੀਜੇ ਵਜੋਂ ਇਜ਼ਲਾਕੀ ਤੇ ਮਾਇਕ ਪੱਖੋਂ ਸੁਰੱਖਿਆ ਲੈਣ ਦਾ ਹੱਕ ਹਾਸਲ ਹੈ ।</para>
      </listitem>
    </orderedlist>
  </article>
  <article number="28">
    <title>ਆਰਟੀਕਲ: 28</title>
    <para>ਹਰ ਇਕ ਵਿਅਕਤੀ ਨੂੰ ਸਮਾਜਕ ਤੇ ਅੰਤਰਰਾਸ਼ਟਰੀ ਨਿਜ਼ਾਮ ਵਿਚ ਵਿਚਰਣ ਦਾ ਹੱਕ ਹੈ ਜਿਥੇ ਇਸ ਐਲਾਨਨਾਮੇ ਵਿਚ ਸ਼ਾਮਲ ਕੀਤੇ ਹੱਕ ਤੇ ਆਜ਼ਾਦੀਆਂ ਨੂੰ ਪੂਰੀ ਤਰ੍ਹਾਂ ਸਾਕਾਰ ਕੀਤਾ ਜਾ ਸਕੇ ।</para>
  </article>
  <article number="29">
    <title>ਆਰਟੀਕਲ: 29</title>
    <orderedlist>
      <listitem>
        <para>ਹਰ ਇਕ ਬੰਦੇ ਦੇ ਭਾਈਚਾਰੇ ਪ੍ਰਤੀ ਕਰਤੱਵ ਹਨ ਜਿਸ ਵਿਚ ਵਿਚਰ ਕੇ ਹੀ ਉਸ ਦੀ ਸ਼ਖਸੀਅਤ ਦਾ ਸੁਤੰਤਰ ਤੇ ਮੁਕੰਮਲ ਵਿਕਾਸ ਸੰਭਵ ਹੈ ।</para>
      </listitem>
      <listitem>
        <para>ਉਕਤ ਅਧਿਕਾਰਾਂ ਅਤੇ ਆਜ਼ਾਦੀਆਂ ਨੂੰ ਇਸਤੇਮਾਲ ਕਰਦਿਆਂ ਹਰੇਕ ਵਿਅਕਤੀ ਉਤੇ ਸਿਰਫ਼ ਕਾਨੂੰਨ ਮੁਤਾਬਿਕ ਬੰਦਸ਼ਾਂ ਲਾਈਆਂ ਜਾ ਸਕਦੀਆਂ ਅਤੇ ਇਨ੍ਹਾਂ ਦਾ ਮਨੋਰਥ ਕੇਵਲ ਏਨਾ ਹੀ ਹੈ ਤਾਂ ਜੋ ਹੋਰਨਾਂ ਦੇ ਹੱਕ ਤੇ ਆਜ਼ਾਦੀਆਂ ਨੂੰ ਮਾਨਤਾ ਦਵਾਈ ਜਾ ਸਕੇ ।</para>
      </listitem>
      <listitem>
        <para>ਉਕਤ ਅਧਿਕਾਰਾਂ ਤੇ ਆਜ਼ਾਦੀਆਂ ਨੂੰ ਕਿਸੇ ਵੀ ਹਾਲਤ ਵਿਚ ਉਨ੍ਹਾਂ ਉਦੇਸ਼ਾਂ ਤੇ ਸਿਧਾਤਾਂ ਲਈ ਨਹੀਂ ਵਰਤਿਆ ਜਾਏਗਾ ਜੋ ਯੂ.ਐਨ.ਓ ਦੇ ਉਦੇਸ਼ਾਂ ਦੇ ਸਿਧਾਤਾਂ ਦੀ ਉਲੰਘਣਾ ਕਰਦੇ ਹੋਣ ।</para>
      </listitem>
    </orderedlist>
  </article>
  <article number="30">
    <title>ਆਰਟੀਕਲ: 30</title>
    <para>ਇਸ ਐਲਾਨਨਾਮੇ ਵਿਚ ਦਿਤੀ ਕਿਸੇ ਵੀ ਗੱਲ ਜਾਂ ਨੁਕਤੇ ਦੀ ਵਿਆਖਿਆ ਬਾਰੇ ਕਿਸੇ ਸਟੇਟ, ਗਰੁੱਪ ਜਾਂ ਵਿਅਕਤੀ ਨੂੰ ਇਹ ਹੱਕ ਨਹੀਂ ਮਿਲਦਾ ਕਿ ਉਹ ਕੋਈ ਅਜਿਹੀ ਸਰਗਰਮੀ ਕਰੇ ਜਾਂ ਕੋਈ ਇਹੋ ਜਿਹਾ ਕੰਮ ਕਰੇ ਜਿਸ ਦਾ ਮਨੋਰਥ ਐਲਾਨਨਾਮੇ ਵਿਚ ਦਿਤੇ ਹੱਕਾਂ ਤੇ ਆਜ਼ਾਦੀਆਂ ਨੂੰ ਤਬਾਹ ਕਰਨਾ ਹੋਏ ।</para>
  </article>
</udhr>

