<?xml version="1.0" encoding="UTF-8"?>

<!--© The Office of the High Commisioner for Human Rights-->

<udhr iso639-3='tur' xml:lang='tr' key='tur' n='Turkish' xmlns="http://www.unhchr.ch/udhr">
   <title>İnsan hakları evrensel beyannamesi</title>
   <preamble>
      <title>Önsöz</title>
      <para>İnsanlık ailesinin bütün üyelerinde bulunan haysiyetin ve bunların eşit ve devir kabul etmez haklarının tanınması hususunun, hürriyetin, adaletin ve dünya barışının temeli olmasına,</para>
      <para>İnsan haklarının tanınmaması ve hor görülmesinin insanlık vicdanını isyana sevkeden vahşiliklere sebep olmuş bulunmasına, dehşetten ve yoksulluktan kurtulmuş insanların, içinde söz ve inanma hürriyetlerine sahip olacakları bir dünyanın kurulması en yüksek amaçları oralak ilan edilmiş bulunmasına,</para>
      <para>İnsanin zulüm ve baskıya karşı son çare olarak ayaklanmaya mecbur kalmaması için insan haklarının bir hukuk rejimi ile korunmasının esaslı bir zaruret olmasına,</para>
      <para>Uluslararasında dostça ilişkiler geliştirilmesini teşvik etmenin esaslı bir zaruret olmasına,</para>
      <para>Birleşmiş Milletler halklarının, Antlaşmada, insanın ana haklarına, insan şahsının haysiyet ve değerine, erkek ve kadınların eşitliğine olan imanlarını bir kere daha ilan etmiş olmalarına ve sosyal ilerlemeyi kolaylaştırmaya, daha geniş bir hürriyet içerisinde daha iyi hayat şartları kurmaya karar verdiklerini beyan etmiş bulunmalarına,</para>
      <para>Üye devletlerin, Birleşmiş Milletler Teşkilatı ile işbirliği ederek insan haklarına ve ana hürriyetlerine bütün dünyada gerçekten saygı gösterilmesinin teminini taahhüt etmiş olmalarına,</para>
      <para>Bu haklar ve hürriyetlerin herkesçe aynı şekilde anlaşılmasının yukarıdaki taahhüdün yerine getirilmesi için son derece önemli bulunmasına göre,</para>
      <para>Birleşmiş Milletler Genel Kurulu,</para>
      <para>İnsanlık topluluğunun bütün fertleriyle uzuvlarının bu beyannameyi daima gözönünde tutarak</para>
      <para>öğretim ve eğitim yoluyla bu haklar ve hürriyetlere saygıyı geliştirmeye, gittikçe artan milli ve milletlerarası tedbirlerle gerek bizzat üye devletler ahalisi gerekse bu devletlerin idaresi altındaki ülkeler ahalisi arasında bu hakların dünyaca fiilen tanınmasını ve tatbik edilmesini sağlamaya gayret etmeleri amacıyla bütün halklar ve milletler için ulaşılacak ortak ideal olarak işbu İnsan Hakları Evrensel Beyannamesini ilan eder.</para>
   </preamble>
   <article number="1">
      <title>Madde 1</title>
      <para>Bütün insanlar hür, haysiyet ve haklar bakımından eşit doğarlar. Akıl ve vicdana sahiptirler ve birbirlerine karşı kardeşlik zihniyeti ile hareket etmelidirler.</para>
   </article>
   <article number="2">
      <title>Madde 2</title>
      <para>Herkes, ırk, renk, cinsiyet, dil, din, siyasi veya diğer herhangi bir akide, milli veya içtimai menşe, servet, doğuş veya herhangi diğer bir fark gözetilmeksizin işbu Beyannamede ilan olunan tekmil haklardan ve bütün hürriyetlerden istifade edebilir.</para>
      <para>Bundan başka, bağımsız memleket uyruğu olsun, vesayet altında bulunan, gayri muhtar veya sair bir egemenlik kayıtlamasına tabi ülke uyruğu olsun, bir şahıs hakkında, uyruğu bulunduğu memleket veya ülkenin siyasi, hukuki veya milletlerarası statüsü bakımından hiçbir ayrılık gözetilmeyecektir.</para>
   </article>
   <article number="3">
      <title>Madde 3</title>
      <para>Yaşamak, hürriyet ve kişi emniyeti her ferdin hakkıdır.</para>
   </article>
   <article number="4">
      <title>Madde 4</title>
      <para>Hiç kimse kölelik veya kulluk altında bulundurulamaz; kölelik ve köle ticareti her türlü şekliyle yasaktır.</para>
   </article>
   <article number="5">
      <title>Madde 5</title>
      <para>Hiç kimse işkenceye, zalimane, gayriinsani, haysiyet kırıcı cezalara veya muamelelere tabi tutulamaz.</para>
   </article>
   <article number="6">
      <title>Madde 6</title>
      <para>Herkes her nerede olursa olsun hukuk kişiliğinin tanınması hakkını haizdir.</para>
   </article>
   <article number="7">
      <title>Madde 7</title>
      <para>Kanun önünde herkes eşittir ve farksız olarak kanunun eşit korumasından istifade hakkını haizdir. Herkesin işbu Beyannameye aykırı her türlü ayırdedici mualeleye karşı ve böyle bir ayırdedici muamele için yapılacak her türlü kışkırtmaya karşı eşit korunma hakkı vardır.</para>
   </article>
   <article number="8">
      <title>Madde 8</title>
      <para>Her şahsın kendine anayasa veya kanun ile tanınan ana haklara aykırı muamelelere karşı fiilli netice verecek şekilde milli mahkemelere müracaat hakkı vardır.</para>
   </article>
   <article number="9">
      <title>Madde 9</title>
      <para>Hiç kimse keyfi olarak tutuklanamaz, alıkonulanamaz veya sürülemez.</para>
   </article>
   <article number="10">
      <title>Madde 10</title>
      <para>Herkes, haklarının, vecibelerinin veya kendisine karşı cezai mahiyette herhangi bir isnadın tespitinde, tam bir eşitlikle, davasının bağımsız ve tarafsız bir mahkeme tarafından adil bir şekilde ve açık olarak görülmesi hakkına sahiptir.</para>
   </article>
   <article number="11">
      <title>Madde 11</title>
      <orderedlist>
         <listitem>
            <para>Bir suç işlemekten sanık herkes, savunması için kendisine gerekli bütün tertibatın sağlanmış bulunduğu açık bir yargılama ile kanunen suçlu olduğu tespit edilmedikçe masum sayılır.</para>
         </listitem>
         <listitem>
            <para>Hiç kimse işlendikleri sırada milli veya milletlerarası hukuka göre suç teşkil etmeyen fiillerden veya ihmallerden ötürü mahkum edilemez. Bunun gibi, suçun işlendiği sırada uygulanabilecek olan cezadan daha şiddetli bir ceza verilemez.</para>
         </listitem>
      </orderedlist>
   </article>
   <article number="12">
      <title>Madde 12</title>
      <para>Hiç kimse özel hayatı, ailesi, meskeni veya yazışması hususlarında keyfi karışmalara, şeref ve şöhretine karşı tecavüzlere maruz bırakılamaz. Herkesin bu karışma ve tecavüzlere karşı kanun ile korunmaya hakkı vardır.</para>
   </article>
   <article number="13">
      <title>Madde 13</title>
      <orderedlist>
         <listitem>
            <para>Herkes herhangi bir devletin sınırları dahilinde serbestçe dolaşma ve yerleşme hakkına haizdir.</para>
         </listitem>
         <listitem>
            <para>Herkes, kendi memleketi de dahil, herhangi bir memleketi terketmek ve memleketine dönmek hakkına haizdir.</para>
         </listitem>
      </orderedlist>
   </article>
   <article number="14">
      <title>Madde 14</title>
      <orderedlist>
         <listitem>
            <para>Herkes zulüm karşısında başka memleketlerden mülteci olarak kabulü talep etmek ve memleketler tarafından mülteci muamelesi görmek hakkını haizdir.</para>
         </listitem>
         <listitem>
            <para>Bu hak, gerçekten adi bir cürüme veya Birleşmiş Milletler prensip ve amaçlarına aykırı faaliyetlere müstenit kovuşturmalar halinde ileri sürülemez.</para>
         </listitem>
      </orderedlist>
   </article>
   <article number="15">
      <title>Madde 15</title>
      <orderedlist>
         <listitem>
            <para>Her ferdin bir uyrukluk hakkı vardır.</para>
         </listitem>
         <listitem>
            <para>Hiç kimse keyfi olarak uyrukluğundan ve uyrukluğunu değiştirmek hakkından mahrum edilemez.</para>
         </listitem>
      </orderedlist>
   </article>
   <article number="16">
      <title>Madde 16</title>
      <orderedlist>
         <listitem>
            <para>Evlilik çağına varan her erkek ve kadın, ırk, uyrukluk veya din bakımından hiçbir kısıtlamaya tabi olmaksızın evlenmek ve aile kurmak hakkına haizdir. Her erkek ve kadın evlenme konusunda, evlilik süresince ve evliliğin sona ermesinde eşit hakları haizdir.</para>
         </listitem>
         <listitem>
            <para>Evlenme akdi ancak müstakbel eşlerin serbest ve tam rızasıyla yapılır.</para>
         </listitem>
         <listitem>
            <para>Aile, cemiyetin tabii ve temel unsurudur, cemiyet ve devlet tarafından korunmak hakkını haizdir.</para>
         </listitem>
      </orderedlist>
   </article>
   <article number="17">
      <title>Madde 17</title>
      <orderedlist>
         <listitem>
            <para>Her şahıs tek başına veya başkalarıyla birlikte mal ve mülk sahibi olmak hakkını haizdir.</para>
         </listitem>
         <listitem>
            <para>Hiç kimse keyfi olarak mal ve mülkünden mahrum edilemez.</para>
         </listitem>
      </orderedlist>
   </article>
   <article number="18">
      <title>Madde 18</title>
      <para>Her şahsın, fikir, vicdan ve din hürriyetine hakkı vardır; bu hak, din veya kanaat değiştirmek hürriyeti, dinini veya kanaatini tek başına veya topluca, açık olarak veya özel surette, öğretim, tatbikat, ibadet ve ayinlerle izhar etmek hürriyetini içerir.</para>
   </article>
   <article number="19">
      <title>Madde 19</title>
      <para>Her ferdin fikir ve fikirlerini açıklamak hürriyetine hakkı vardır. Bu hak fikirlerinden ötürü rahatsız edilmemek, memleket sınırları mevzubahis olmaksızın malümat ve fikirleri her vasıta ile aramak, elde etmek veya yaymak hakkını içerir.</para>
   </article>
   <article number="20">
      <title>Madde 20</title>
      <orderedlist>
         <listitem>
            <para>Her şahıs saldırısız toplanma ve dernek kurma ve derneğe katılma serbestisine maliktir.</para>
         </listitem>
         <listitem>
            <para>Hiç kimse bir derneğe mensup olmaya zorlanamaz.</para>
         </listitem>
      </orderedlist>
   </article>
   <article number="21">
      <title>Madde 21</title>
      <orderedlist>
         <listitem>
            <para>Her şahıs, doğrudan doğruya veya serbestçe seçilmiş temsilciler vasıtasıyla, memleketin kamu işleri yönetimine katılmak hakkını haizdir.</para>
         </listitem>
         <listitem>
            <para>Her şahıs memleketin kamu hizmetlerine eşitlikle girme hakkını haizdir.</para>
         </listitem>
         <listitem>
            <para>Halkın iradesi kamu otoritesinin esasıdır; bu irade, gizli şekilde veya serbestliği sağlayacak muadil bir usul ile cereyan edecek, genel ve eşit oy verme yoluyla yapılacak olan devri ve dürüst seçimlerle ifade edilir.</para>
         </listitem>
      </orderedlist>
   </article>
   <article number="22">
      <title>Madde 22</title>
      <para>Her şahsın, cemiyetin bir üyesi olmak itibariyle, sosyal güvenliğe hakkı vardır; haysiyeti için ve şahsiyetinin serbestçe gelişmesi için zaruri olan ekonomik, sosyal ve kültürel hakların milli gayret ve milletlerarası işbirliği yoluyla ve her devletin teşkilatı ve kaynaklarıyla mütenasip olarak gerçekleştirilmesine hakkı vardır.</para>
   </article>
   <article number="23">
      <title>Madde 23</title>
      <orderedlist>
         <listitem>
            <para>Her şahsın çalışmaya, işini serbestçe seçmeye, adil ve elverişli çalışma şartlarına ve işsizlikten korunmaya hakkı vardır.</para>
         </listitem>
         <listitem>
            <para>Herkesin, hiçbir fark gözetilmeksizin, eşit iş karşılığında eşit ücrete hakkı vardır.</para>
         </listitem>
         <listitem>
            <para>çalışan her kimsenin kendisine ve ailesine insanlık haysiyetine uygun bir yaşayış sağlayan ve gerekirse her türlü sosyal koruma vasıtalarıyla da tamamlanan adil ve elverişli bir ücrete hakkı vardır.</para>
         </listitem>
         <listitem>
            <para>Herkesin menfaatlerinin korunmasi için sendikalar kurmaya ve bunlara katılmaya hakkı vardır.</para>
         </listitem>
      </orderedlist>
   </article>
   <article number="24">
      <title>Madde 24</title>
      <para>Her şahsın dinlenmeye, eğlenmeye, bilhassa çalışma müddetinin makul surette sınırlandırılmasına ve muayyen devrelerde ücretli tatillere hakkı vardır.</para>
   </article>
   <article number="25">
      <title>Madde 25</title>
      <orderedlist>
         <listitem>
            <para>Her şahsın, gerek kendisi gerekse ailesi için, yiyecek, giyim, mesken, tıbbi bakım, gerekli sosyal hizmetler dahil olmak üzere sağlığı ve refahını temin edecek uygun bir hayat seviyesine ve işsizlik, hastalık, sakatlık, dulluk, ihtiyarlık veya geçim imkânlarından iradesi dışında mahrum bırakacak diğer hallerde güvenliğe hakkı vardır.</para>
         </listitem>
         <listitem>
            <para>Ana ve çocuk özel ihtimam ve yardım görmek hakkını haizdir. Bütün çocuklar, evlilik içinde veya dışında doğsunlar, aynı sosyal korunmadan faydalanırlar.</para>
         </listitem>
      </orderedlist>
   </article>
   <article number="26">
      <title>Madde 26</title>
      <orderedlist>
         <listitem>
            <para>Her şahsın öğrenim hakkı vardır. Öğrenim hiç olmazsa ilk ve temel safhalarında parasızdır. İlk öğretim mecburidir. Teknik ve mesleki öğretimden herkes istifade edebilmelidir. Yüksek öğretim, liyakatlerine göre herkese tam eşitlikle açık olmalıdır.</para>
         </listitem>
         <listitem>
            <para>Öğretim insan şahsiyetinin tam gelişmesini ve insan haklarıyla ana hürriyetlerine saygının kuvvetlenmesini hedef almalıdır. Öğretim bütün milletler, ırk ve din grupları arasında anlayış, hoşgörü ve dostluğu teşvik etmeli ve Birleşmiş Milletlerin barışın idamesi yolundaki çalışmalarını geliştirmelidir.</para>
         </listitem>
         <listitem>
            <para>Ana baba, çocuklarına verilecek eğitim türünü seçmek hakkını öncelikle haizdirler.</para>
         </listitem>
      </orderedlist>
   </article>
   <article number="27">
      <title>Madde 27</title>
      <orderedlist>
         <listitem>
            <para>Herkes, topluluğun kültürel faaliyetine serbestçe katılmak, güzel sanatları tatmak, ilim sahasındaki ilerleyişe iştirak etmek ve bundan faydalanmak hakkını haizdir.</para>
         </listitem>
         <listitem>
            <para>Herkesin yarattığı, her türlü bilim, edebiyat veya sanat eserlerinden mütevellit manevi ve maddi menfaatlerin korunmasına hakkı vardır.</para>
         </listitem>
      </orderedlist>
   </article>
   <article number="28">
      <title>Madde 28</title>
      <para>Herkesin, işbu Beyannamede derpiş edilen hak ve hürriyetlerin tam tatbikini sağlayacak bir sosyal ve milletlerarası nizama hakkı vardır.</para>
   </article>
   <article number="29">
      <title>Madde 29</title>
      <orderedlist>
         <listitem>
            <para>Her şahsın, şahsiyetinin serbest ve tam gelişmesi ancak bir topluluk içinde mümkündür ve şahsın bu topluluğa karşı görevleri vardır.</para>
         </listitem>
         <listitem>
            <para>Herkes, haklarının ve hürriyetlerinin kullanılmasında, sadece, başkalarının haklarının ve hürriyetlerinin gereğince tanınması ve bunlara saygı gösterilmesi amacıyla ve ancak demokratik bir cemiyette ahlâkın, kamu düzeninin ve genel refahın haklı icaplarını yerine getirmek maksadıyla kanunla belirlenmiş sınırlamalara tabi tutulabilir.</para>
         </listitem>
         <listitem>
            <para>Bu hak ve hürriyetler hiçbir veçhile Birleşmiş Milletlerin amaç ve prensiplerine aykırı olarak kullanılamaz.</para>
         </listitem>
      </orderedlist>
   </article>
   <article number="30">
      <title>Madde 30</title>
      <para>İşbu Beyannamenin hiçbir hükmü, herhangi bir devlete, zümreye ya da ferde, bu Beyannamede ilan olunan hak ve hürriyetleri yoketmeye yönelik bir faaliyete girişme ya da eylemde bulunma hakkını verir şekilde yorumlanamaz.</para>
   </article>
</udhr>