<?xml version="1.0" encoding="UTF-8"?>

<!--© The Office of the High Commisioner for Human Rights-->

<udhr iso639-3='evn' xml:lang='evn' key='evn' n='Evenki' xmlns="http://www.unhchr.ch/udhr">
   <title>Упкатңи  илэл  Буга̄ду бидерӣтын</title>
   <note>
      <para>гӯнмувнэ, гавча̄  резолюцият Генеральнай Ассамблеян 217 A (III)   откӣ дягӣ тырганӣдук 1948 анңанӣду</para>
   </note>
   <preamble>
      <title>Элэкэс дукувнадук</title>
      <para>Эрэвэр ичэтчэнэ,  упкатту илэлду са̄рӣча̄н бисин,  нуңарңитын тэгэ̄̄р ты нмукитын, тэдетын, аяра̄лдынтын;</para>
      <para>эрэвэр ичэтчэнэ, сэлдэн, алтыссадян ичэтмэин илэ тэденду эмэврэ эрупчулвэ о̄ нилва, авгул упкатва илэлвэ, бидерӣлвэ Буга дуннэдут, тыкунңӣвкэ̄̄ндерэ, о̄ вканми аяра̄лды̄̄нма, эмаду илэл тэдевэ турэ̄̄нмэ, дялдалва, дёгордук, ңэ̄лэвсидук ты̄нмукит бидеңэ̄тын, тар илэл турэ̄нтын со̄ һэгды;</para>
      <para>эрэвэр ичэтчэнэ, гэлэвкэ̄, илэ тэдевэтын законит дысутчэдэ̄̄н, илэ эдэ̄н илми һ уски болгӣчанду, кэсэгивунду;</para>
      <para>эрэвэр ичэтчэнэ, Объединеннаил Нациял тэгэ̄лтын Уставду мэ̄нңи тэдедерӣвэт дукура, илэтыкин һэгдывэ̄н, со̄ткувэ̄н, бэел, асӣл-да урэ̄тывэ̄тын гӯнэ, илгэ̄рэ-дэ бэлэгэ̄ми социальнай прогрессту, аятмарит о̄ми илэл бидэ̄вэтын;</para>
      <para>эрэвэр ичэтчэнэ, государствал – членил Объединеннай Нациял Органицациянун бэлэгэ̄р һавалилды̄дэ̄вэр, упкатту аявривэн, илэ тэдевэн, ты̄нмувэн гэлэ̄вдерэ;</para>
      <para>эрэвэр ичэтчэнэ, упкат тэгэ̄л илэл тэдентын тылдеривэтэн эр ганава дярин  со̄ һ эгды бисин.</para>
      <para>Генеральный Ассамблея эр упкатңи илэл Бугаду бидерӣтэн гундерэн о̄мачин дярин, экунтыки упкат государствал авадытыкин тэгэ̄л,  о̄дяңа̄ ңитын, авадытыкин илэ, авадытыкин общества органин, эр Декларациява дявучадяна, элэдэдэ̄тын аяврит, упкат илэл, упкат тэгэ̄л прогрессивнай һава дяритын.</para>
   </preamble>
   <article number="1">
      <title>Умукэ̄гӣ  статьян</title>
      <para>Упкат илэл ты̄нмукирди, урэ̄лди мэ̄нңи са̄рича̄ди балдыдяра. Нуңартын дялитви, һалдяндыви биси, мэмэгӣлвэр аяралды̄дяна тэдет о̄мамачитын.</para>
   </article>
   <article number="2">
      <title>Ге̄ статьян</title>
      <para>Илэтыкин упкачин тынмукитыт,  тэдери бисимэчин,  о̄н эр Декларацияду дукувча, гӯнмувча, эвунтыки-вэл, ңитки-вэл, эма дэрэн, һуңту итын, бэе-вэл, асӣ-вэл, турэ̄н-мэл, Бугатки ичэдэн, бай-вэл, дядаң-мэл, һэгдыкэ̄тчэрӣ-вэл  – упкат тар илэл урэ̄т биси.</para>
      <para>Илэл урэ̄т-тэ упкат Бургадут, эмаду дуннэду-вэл бидерӣл, авады-вэл суверенитет бисиндун.</para>
   </article>
   <article number="3">
      <title>Илӣ статьян</title>
      <para>Илэтыкин индэ̄ви, мэ̄нңи илэчэврэви тэдет бимэчин.</para>
   </article>
   <article number="4">
      <title>Дыгӣ статьян</title>
      <para>Ңи-вэл болгичавдяна эден бидеми; болгичан, болгичан униекит-да̄ итымнадяран.</para>
   </article>
   <article number="5">
      <title>Тунңӣ статьян</title>
      <para>Ңи-вэл кэсэгӣчивунду, са̄рича̄нинду эвки бидемэчин.</para>
   </article>
   <article number="6">
      <title>Нюңӣ статьян</title>
      <para>Илэтыкин, иду-вэл нуңан биденэ, тэдет бидемэчин.</para>
   </article>
   <article number="7">
      <title>Нады̄ статьян</title>
      <para>Упкат илэл иты дюлэдун урэ̄тчэрэ, умунтэгир дысучинди биси. Упкат илэл дысучинмэ, эр Декларация дукувнаду, дявучадяра, ңи-вэл супкумэчин эдан.</para>
   </article>
   <article number="8">
      <title>Дяпкӣ статьян</title>
      <para>Илэтыкин һэгдыгу уңкилды̄мэткӣтылду тэдэт аюсмачин, о̄кин нуңанңи итылван сукчадяңа̄тын.</para>
   </article>
   <article number="9">
      <title>Егӣ статьян</title>
      <para>Ңи-вэл дявамачин, турӣнмумачин, эрэ̄смэчин эсин о̄да.</para>
   </article>
   <article number="10">
      <title>Дягӣ статьян</title>
      <para>Илэтыкин, о̄кин нуңанман сэлэ̄деңэ̄тын, тэдевэ гэлэ̄ктэлдеңэ̄н, нуңанңи о̄мачин тэдэмэт, тоңнот судту ичэвкэ̄нмэчин.</para>
   </article>
   <article number="11">
      <title>Дян умукэ̄гӣ статьян</title>
      <orderedlist>
         <listitem>
            <para>Илэтыкин, эрӯ о̄мачинду сэлэ̄врэкин, эрӯн эвки гӯниврэ эрдэлэ̄н, о̄кин законит тэдевкэ̄ндеңэ̄н, тар-да дысучинма бӯдеңэ̄тын.</para>
         </listitem>
         <listitem>
            <para>Ңи-вэл эрӯ о̄на дярин эден сот сэлэ̄мэчин биси, тар илэвэ эси  уңкилдырэ һ эгдытмэрит, суд дэсутчэңэн.</para>
         </listitem>
      </orderedlist>
   </article>
   <article number="12">
      <title>Дян ге̄ статьян</title>
      <para>Ңи-вэл,  илэ индун,  нуңанңи дю̄ган бинидун эвки камнӣка̄тчэрэ,  дю̄лан, дукумачиндун, итыдун эвки ӣрэ, таңна. Тар эрӯдук илэтыкин дысумачин.</para>
   </article>
   <article number="13">
      <title>Дян илӣ статьян</title>
      <orderedlist>
         <listitem>
            <para>Илэтыкин авадытыкин государстваду бимчэ̄, гиркумчэ̄.</para>
         </listitem>
         <listitem>
            <para>Илэтыкин авадытыкин государстводук сурумчэ̄, тартыки эмэмчэ̄-дэ̄.</para>
         </listitem>
      </orderedlist>
   </article>
   <article number="14">
      <title>Дян дыгӣ статьян</title>
      <orderedlist>
         <listitem>
            <para>Илэтыкин эрӯ асактандук мэ̄нду дю̄ви бакамачин ге̄л дуннэлду, таду-да бимчэ̄.</para>
         </listitem>
         <listitem>
            <para>Эр илэ тэден эвки о̄мачин биси, о̄кин илэ тэдет эрӯе о̄ран. Илэ тэдет-та эруе о̄ ран, эма Объединеннай Нациял Организацияңитын принципил гуннэвэтын.</para>
         </listitem>
      </orderedlist>
   </article>
   <article number="15">
      <title>Дян тунңӣ статьян</title>
      <orderedlist>
         <listitem>
            <para>Илэтыкин гражданствоват тэдет бимчэ̄.</para>
         </listitem>
         <listitem>
            <para>Ңи-вэл мэ̄нңи гражданствови эсин а̄чин о̄ми, һуңтуңми-гу.</para>
         </listitem>
      </orderedlist>
   </article>
   <article number="16">
      <title>Дян нюңӣ статьян</title>
      <orderedlist>
         <listitem>
            <para>Дян дяпкун анңанӣлва иста, тэдэт асӣчӣ, эдычӣ о̄мачир.</para>
         </listitem>
         <listitem>
            <para>Бэе асӣ̄чӣ, асӣ  – эдычӣ, аяралдына мэ̄н мэ̄нми, о̄мачир.</para>
         </listitem>
         <listitem>
            <para>Дю̄ган – общество ячейкан, государство тарива дысучимачин.</para>
         </listitem>
      </orderedlist>
   </article>
   <article number="17">
      <title>Дян нады̄ статьян</title>
      <orderedlist>
         <listitem>
            <para>Илэтыкин идэгэви, авдуви тэдет умукин-гу, һуңтулнун-гу мэнңӣмэдемэчин.</para>
         </listitem>
         <listitem>
            <para>Ңи-вэл илэдук идэгэен, авдуян  тэдэт а̄чина эвки ты̄рэ.</para>
         </listitem>
      </orderedlist>
   </article>
   <article number="18">
      <title>Дян дяпкӣ статьян</title>
      <para>Илэтыкин дялдана, һалдяна, бугатки мургунэ тэдет бивки; тар тэденди илэ һ уңту бугатки мургунэ дюгэлдывдеңэ̄; мэ̄нэкэ̄н-гу, гелнун-гу илэлнун, делӯмнэкэ̄ н-ңу, тоңнот-ку бугатки мургумчэ̄н.</para>
   </article>
   <article number="19">
      <title>Дян егӣ статьян</title>
      <para>Илэтыкин тэдэт мэ̄нңи дялдатчэриви, гӯннэтынми бивки; тар тэден илэду бӯ дерэн гэлэ̄ктэдеми, гадями, са̄вкандями улгуври, дялдалви авадытыкирди о̄наяди ӣду-вэл биденэ.</para>
   </article>
   <article number="20">
      <title>Дюр дя̄рӣ статьян</title>
      <orderedlist>
         <listitem>
            <para>Илэтакин эси кусимудерилдула сугланилдула,  умунупкитылдула тэдет гиркумачин.</para>
         </listitem>
         <listitem>
            <para>Ңи-вэл авады-вал умунупкиттула эңэсит эвки ӣвувра.</para>
         </listitem>
      </orderedlist>
   </article>
   <article number="21">
      <title>Дюр дяр умукэ̄гӣ статьян</title>
      <orderedlist>
         <listitem>
            <para>Илтыкин нуңнӣтчэдэ̄ви мэ̄нңи дуннэтви тэдет о̄мачин, мэ̄нэкэ̄н-ңу, синмавчагу илэл бэлэгэ̄дин.</para>
         </listitem>
         <listitem>
            <para>Илэтыкин мэ̄нңи Дуннэдуви государственнай службатки урэ̄т ӣвун бимчэ̄.</para>
         </listitem>
         <listitem>
            <para>Тэгэ̄ о̄мудярӣван  – правительства эңэсӣн; тар о̄мудярӣн тэдемэмэлду сӣ нманду бакамачин; упкатңи, урэ̄тңи-да сӣнмакӣтту тэден о̄мачин тар синманду.</para>
         </listitem>
      </orderedlist>
   </article>
   <article number="22">
      <title>Дюр дяр ге̄ статьян</title>
      <para>Илэтыкин, о̄н общества илэн, социальнай обеспечениевэ гамча̄, тарит илэ са̄рича̄ нин экономическайду, социальнайду, культурнайду-да һанилду гэлэ̄вдяри бимчэ̄. Международнай сотрудничество бэлэгэдин, государствотыкин дёкиндядин.</para>
   </article>
   <article number="23">
      <title>Дюр дяр илӣ статьян</title>
      <orderedlist>
         <listitem>
            <para>Илэтыкин һавави тэдэт гамча̄, һава тэдемэвэ сӣнманман, тоңно, аямама итыл һава дярин, һавая а̄чиндук дысучинма бимчэ̄.</para>
         </listitem>
         <listitem>
            <para>Илэтыкин урэ̄т һава дярин, урэ̄т һава таманин дярин тэдэт гамча̄.</para>
         </listitem>
         <listitem>
            <para>Һавамнӣтыкин тоңноё,  һэгдые, аямая тамана тэдет гамча̄, тарит нуңанңи дюганин  аяма бини о̄мачин, һа̄вувдерилди ге̄лди тамавурди-да.</para>
         </listitem>
         <listitem>
            <para>Илтыкин һавады умунупинми итывдяңамачин, мэ̄нэкэ̄н-дэ̄ таргачирдула умунипиндула мэ̄нңи дӣвэ̄ри дысучин дярин ӣвмачин.</para>
         </listitem>
      </orderedlist>
   </article>
   <article number="24">
      <title>Дюр дяр дыгӣ статьян</title>
      <para>Илэтыкин дэрумкичэ̄нма тэдет бимчэ̄, иргэчивэ  камничивунма һавады тырганӣ я-да, тамавдяри дэрумкичэ̄нмэ-дэ̄.</para>
   </article>
   <article number="25">
      <title>Дюр дяр тунңӣ статьян</title>
      <orderedlist>
         <listitem>
            <para>Илэтыкин таргачина биния: дебгэ̄е, тэтые, дю̄я, аитъя, һуңтуе-дэ̄ аяя тэдет бимчэ̄, экудыл илэду, нуңанңи дю̄ганду-да̄ гэлэ̄вдери. Окин илэ һавая а̄чин о̄дян, энӯлдян, асӣя-гу, эды̄я-гу сокордён, сагдандян, һуңту эрӯ-гу о̄дян, тэ̄ли илэ тэдет дысутчэмэчин.</para>
         </listitem>
         <listitem>
            <para>Энин бинэ, куңака̄н бинэ тэдет бэлэнэ гэлэ̄дерэ. Упкат куңака̄р, амӣчӣ бинэл, амӣна а̄чир бинэл, социальнай дысучина бимчэл.</para>
         </listitem>
      </orderedlist>
   </article>
   <article number="26">
      <title>Дюр дяр нюңӣ статьян</title>
      <orderedlist>
         <listitem>
            <para>Илэтыкин татыга̄на тэдет гамча. Татыга̄н тамана а̄чин бимчэ̄ – нонопты, дулугу. Нонопты татыга̄н упкатту о̄̄ңат. Техническайды, профессиональнайды тамага̄н упкатту иеэлду ӣвун бимчэ̄, һэгдытку татыга̄н-да савка илэлду.</para>
         </listitem>
         <listitem>
            <para>Илэду татыган һэгдые, са̄рича̄нэ будерэн; тылинэ, маңӣчана, аяралдына-да̄ авадытыкир  тэгэ̄л  сигдылэ̄дутын.  Татыган  Объединеннаил  Нация Организациядутын аяралдыл дярин  тэдет бэлэгэ̄мэчин.</para>
         </listitem>
         <listitem>
            <para>Амтыл мэ̄нңи һутэлду татыганматын синмами тэдет бэлэмэчир.</para>
         </listitem>
      </orderedlist>
   </article>
   <article number="27">
      <title>Дюр дяр нады̄ статьян</title>
      <orderedlist>
         <listitem>
            <para>Илэтыкин культурнай биниду бисимэчин, искусствово аявдяна, научнай прогрессту участвойдяна, таридук аяя гадяна.</para>
         </listitem>
         <listitem>
            <para>Илэтыкин мэ̄нңи научнай-гу, литературнай-гу, художественнай-гу һавави тэдет дысумачин.</para>
         </listitem>
      </orderedlist>
   </article>
   <article number="28">
      <title>Дюр дяр дяпкӣ статьян</title>
      <para>Илэтыкин социальнай, международнай-да итылва тэдет бимчэ̄, туги о̄дяна илэ тэден, ты̄нмукитын эр Декларация дукувнал о̄мачир.</para>
   </article>
   <article number="29">
      <title>Дюр дяр егӣ статьян</title>
      <orderedlist>
         <listitem>
            <para>Илтыкин о̄мачинди общество дярин бисин, эмаду нуңан аямамат һэгдындерэн.</para>
         </listitem>
         <listitem>
            <para>Илэ тэден, ты̄нмукитын тэ̄ли, камнӣчивдяңа о̄кин һуңту илэл тэдетын, ты̄ нмукитын, итыду дукувнал, болгитчамэчин.</para>
         </listitem>
         <listitem>
            <para>Эр илэ тэден, ты̄нмукитын о̄мачир Объединеннай Нациял Организациятын эдеңэ̄тын һускӣ гӯндеми.</para>
         </listitem>
      </orderedlist>
   </article>
   <article number="30">
      <title>Илан дяри статьян</title>
      <para>Экун-мал эр Декларацияду эвки эсин тэдет таңивра, дялданэ – он эмаду-вал государстводу, умукэн-ну илэду һавалми-гу, оми-гу таргачир омачилва, эмал илэл тэделвэтын, тынмукилвэтын ачинңими, эр Декларация дукувналватын.</para>
   </article>
</udhr>