<?xml version="1.0" encoding="UTF-8"?>

<!--© The Office of the High Commisioner for Human Rights-->

<udhr iso639-3='kat' xml:lang='ka' key='kat' n='Georgian' xmlns="http://www.unhchr.ch/udhr">

  <title>ადამიანის უფლებათა საყოველთაო დეკლარაცია</title>

  <preamble>
    <title>პრეამბულა</title>

    <para>ვინაიდან ადამიანთა ოჯახის ყველა წევრისათვის დამახასიათებელი ღირსების და თანასწორი და განუყოფელი უფლებების აღიარება წარმოადგენს თავისუფლების, სამართლიანობის და საყოველთაო მშვიდობის საფუძველს; და</para>
    <para>ვინაიდან ადამიანის უფლებათა უგულებელყოფამ და აბუჩად აგდებამ გამოიწვია ბარბაროსული აქტები, რაც აღაშფოთებს კაცობრიობის სინდისს, და რომ ისეთი მსოფლიოს შექმნა, რომელშიც ადამიანებს ექნებათ სიტყვისა და რწმენის თავისუფლება და რომელშიც ისინი იცხოვრებენ შიშისა და გაჭირვების გარეშე, გამოცხადებულია როგორც ადამიანთა მაღალი მისწრაფება; და</para>
    <para>ვინაიდან აუცილებელია უფლებებს იცავდეს კანონის ძალა იმის უზრუნველსაყოფად, რათა ადამიანი იძულებული არ გახდეს მიმართოს აჯანყებას, როგორც უკანასკნელ საშუალებას ტირანიისა და ჩაგვრის წინააღმდეგ; და</para>
    <para>ვინაიდან აუცილებელია ხელის შეწყობა ხალხათა შორის მეგობრულ ურთიერთობათა განვითარებისათვის; და</para>
    <para>ვინაიდან გაერთიანებული ერების ხალხებმა წესდებაში დაადასტურეს თავიანთი რწმენა ადამიანის ძირითადი უფლებებისადმი, ადამიანის პიროვნების ღირსებისა და ღირებულების და კაცებისა და ქალების თანასწორუფლებიანობისადმი და გადაწყვიტეს ხელი შეუწყონ სოციალურ პროგრესსა და ცხოვრების უკეთეს დონეს მეტი თავისუფლების პირობებში; და</para>
    <para>ვინაიდან წევრმა სახელმწიფოებმა იკისრეს ვალდებულება გაერთიანებული ერების ორგანიზაციასთან თანამშრომლობაში ხელი შეუწყონ ადამიანის უფლებათა და ძირითად თავისუფლებათა საყოველთაო ატივისცემასა და დაცვას; და</para>
    <para>ვინაიდან ასეთ უფლებათა და თავისუფლებათა საყოველთაო გაგებას უდიდესი მნიშვნელობა აქვს ამ ვალდებულების მთლიანად შესრულებისათვის,</para>

    <para>გენერალური ასამბლეა აცხადებს</para>

    <para>ადამისანის უფლებათა ამ საყოველთაო დეკლარაციას ისეთ ამოცანად, რომლის შესრულებას უნდა ელტვოდეს ყველა ხალხი და სახელმწიფო, რათა ყოველი ადამიანი და საზოგადოების ყოველი ორგანო, ნიადაგ გაითვალისწინებს რა ამ დეკლარაციას, მიისწრაფოდეს სწავლა-განათლების მეშვეობით ხელი შეუწყოს ამ უფლებათა და თავისუფლებათა პატივისცემას და მათი საყოველთაო და ეფექტიანი აღიარება-განხორციელების უზრუნველყოფას ნაციონალური თუ საერთაშორისო პროგრესული ღონისძიებებით როგორც ორგანიზაციის წევრ სახელმწიფოთა ხალხებში, ასევე ამ სახელმწიფოების იურისდიქციისადმი დაქვემდარებულ ტერიტორიათა ხალხებში.</para>
  </preamble>

  <article number="1">
    <title>მუხლი 1.</title>
    <para>ყველა ადამიანი იბადება თავისუფალი და თანასწორი თავისი ღირსებითა და უფლებებით. მათ მინიჭებული აქვთ გონება და სინდისი და ერთმანეთის მიმართ უნდა იქცეოდნენ ძმობის სულისკვეთებით.</para>
  </article>
  <article number="2">
    <title>მუხლი 2.</title>
    <para>ამ დეკლარაცით გამოცხადებული ყველა უფლება და ყველა თავისუფლება მინიჭებული უნდა ჰქონდეს ყოველ ადამიანს განურჩევლად რაიმე განსხვავების, სახელდობრ, რასის, კანის ფერის, სქესის, ენის, რელიგიის, პოლიტიკური თუ სხვა რწმენის, ეროვნული თუ სოციალური წარმომავლობის, ქონებრივი, წოდებრივი თუ სხვა მდგომარეობისა.</para>
    <para>გარდა ამისა, დაუშვებელია რაიმე განსხვავება იმ ქვეყნის თუ ტერიტორიის პოლიტიკური, სამართლებრივი ან საერთაშორისო სტატუსის საფუძველზე, რომელსაც ადამიანი ეკუთვნის, მიუხედავად იმისა, თუ როგორია ეს ტერიტორია - დამოუკიდებელი, სამეურვეო, არათვითმმართველი თუ სხვაგვარად შეზღუდული თავის სევერენიტეტში.</para>
  </article>
  <article number="3">
    <title>მუხლი 3.</title>
    <para>ყოველ ადამიანს აქვს სიცოცხლის, თავისუფლებისა და პირადი ხელშეუხებლობის უფლება.</para>
  </article>
  <article number="4">
    <title>მუხლი 4.</title>
    <para>არავინ არ უნდა იმყოფებოდეს მონობაში ან ძალმომრეობით მორჩილების მდგომარეობაში. ყველა სახის მონობა და მონათვაჭრობა აკრძალულია.</para>
  </article>
  <article number="5">
    <title>მუხლი 5.</title>
    <para>არავის მიმართ არ უნდა იქნეს გამოყენებული წამება ან სასტიკი, არაადამიანური თუ მისი ღირსების დამამცირებელი მოპყრობა და სასჯელი.</para>
  </article>
  <article number="6">
    <title>მუხლი 6.</title>
    <para>ყოველ ადამიანს, სადაც უნდა იმყოფებოდეს იგი, იმის უფლება აქვს, რომ აღიარებულ იქნეს მისი სამართალსუბიექტობა.</para>
  </article>
  <article number="7">
    <title>მუხლი 7.</title>
    <para>ყველა ადამიანი თანასწორია კანონის წინაშე და, განურჩევლად რაიმე განსხვავებისა, ყველას აქვს უფლება თანაბრად იყოს დაცული კანონის მიერ. ყველა ადამიანს აქვს უფლება თანაბრად იყოს დაცული ამ დეკლარაციის დამრღვევი ყოველგვარი დისკრიმინაციისაგან და ასეთი დისკრიმინაციის ყოველგვარი წაქეზებისაგან.</para>
  </article>
  <article number="8">
    <title>მუხლი 8.</title>
    <para>ყოველ ადამიანს აქვს უფლება ეფექტიანად იქნეს აღდგენილი უფლებებში კომპეტენტური ნაციონალური სასამართლოების მიერ იმ შემთხვევაში, როცა დარღვეულია მისთვის კონსტიტუციით თუ კანონით მინიჭებული ძირითადი უფლებები.</para>
  </article>
  <article number="9">
    <title>მუხლი 9.</title>
    <para>არავის დაპატიმრება, დაჭერა ან გაძევება არ შეიძლება თვითნებურად.</para>
  </article>
  <article number="10">
    <title>მუხლი 10.</title>
    <para>ყოველ ადამიანს მის უფლება-მოვალეობათა განსაზღვრისათვის და მისთვის წაყენებული სისხლისსამართლებრივი ბრალდების საფუძვლიანობის დასადგენად აქვს, სრული თანასწორობის საფუძველზე, იმის უფლება, რომ მისი საქმე საქვეყნოდ და სამართლიანობის ყველა მოთხოვნის დაცვით გაარჩიოს დამოუკიდებელმა და მიუკერძოებელმა სასამართლომ.</para>
  </article>
  <article number="11">
    <title>მუხლი 11.</title>
    <orderedlist>
      <listitem>
	<para>ყოველ ადამიანს, რომელსაც ბრალად ედება დანაშაულის ჩადენა, უფლება აქვს ითვლებოდეს უდანაშაულოდ მანამ, სანამ მისი დამნაშავეობა დადგენილი არ იქნება კანონიერი წესისამებრ საჯარო სასამართლო განხილვით, რომლის დროსაც მისთვის უზრუნველყოფილია დაცვის ყველა შესაძლებლობა.</para>
      </listitem>
      <listitem>
	<para>არავის არ შეიძლება მსჯავრი დაედოს დანაშაულისათვის რაიმე ისეთი მოქმედების ჩადენის საფუძველზე, ანდა ისეთი უმოქმედობისათვის, რომლებიც ჩადენის დროს არ შეადგენდა დანაშაულს ნაციონალური კანონის ან საერთაშორისო სამართლის მიხედვით. არ შეიძლება აგრეთვე უფრო მძიმე სასჯელის დადება, ვიდრე ის, რომელიც შეიძლებოდა გამოყენებული ყოფილიყო იმ დროს, როცა ჩადენილ იქნა დანაშაული.</para>
      </listitem>
    </orderedlist>
  </article>
  <article number="12">
    <title>მუხლი 12.</title>
    <para>არავის მიმართ არ შეიძლება თვითნებური ჩარევა მის პირადსა და ოჯახურ ცხოვრებაში, თვითნებური ხელყოფა მისი საცხოვრებელი ბინის ხელშეუხებლობის, მისი კორესპონდენციის საიდუმლოების,ანდა მისიპატივისა და რეპუტაციისა. ყოველ ადამიანს აქვს უფლება დაცული იყოს კანონის მიერ ასეთი ჩარევისა თუ ხელყოფისაგან.</para>
  </article>
  <article number="13">
    <title>მუხლი 13.</title>
    <orderedlist>
      <listitem>
	<para>ყოველ ადამიანს აქვს უფლება დაუბრკოლებლად იცვლიდეს ადგილსამყოფელს და ირჩევდეს თავის საცხოვრებელ ადგილს ყოველი სახელმწიფოს ფარგლებში.</para>
      </listitem>
      <listitem>
	<para>ყოველ ადამიანს აქვს უფლება დატოვოს ყოველი ქვეყანა, მათ შორის თავისიც, და დაბრუნდეს თავს ქვეყანაში.</para>
      </listitem>
    </orderedlist>
  </article>
  <article number="14">
    <title>მუხლი 14.</title>
    <orderedlist>
      <listitem>
	<para>ყოველ ადამიანს აქვს უფლება ეძიოს დევნისაგან თავშესაფარი სხვა ქვეყნებში და ისარგებლოს ამ თავშესაფრით.</para>
      </listitem>
      <listitem>
	<para>ეს უფლება არ შეიძლება გამოყენებულ იქნეს ისეთი დევნის შემთხვევაში, რომლის საფუძველს ნამდვილად წარმოადგენს ჩადენა არაპოლიტიკური დანაშაულისა, ანდა ქმედობისა, რომელიც ეწინააღმდეგება გაერთიანებული ერების ორგანიზაციის მიზნებსა და პრინციპებს.</para>
      </listitem>
    </orderedlist>
  </article>
  <article number="15">
    <title>მუხლი 15.</title>
    <orderedlist>
      <listitem>
	<para>ყოველ ადამიანს აქვს მოქალაქეობის უფლება.</para>
      </listitem>
      <listitem>
	<para>არავის არ შეიძლება თვითნებურად ჩამოერთვას მოქალაქეობა ან უფლება თავისი მოქალაქეობის შეცვლისა.</para>
      </listitem>
    </orderedlist>
  </article>
  <article number="16">
    <title>მუხლი 16.</title>
    <orderedlist>
      <listitem>
	<para>სრულასაკოვნებას მიღწეულ კაცებსა და ქალებს უფლება აქვთ რასის, ეროვნების ან რელიგიის ნიშნით რაიმე შეზღუდვის გარეშე, დაქორწინდნენ და ოჯახი დააფუძნონ. ისინი სარგებლობენ ერთნაირი უფლებებით დაქორწინებისას, ქორწინებაში ყოფნის დროს და განქორწინებისას.</para>
      </listitem>
      <listitem>
	<para>დაქორწინება შესაძლებელია მხოლოდ ორივე მექორწინე მხარის თავისუფალი და სრული თანხმობისას.</para>
      </listitem>
      <listitem>
	<para>ოჯახი არის საზოგადოების ბუნებრივი და ძირითადი უჯრედი და მას უფლება აქვს დაცული იყოს საზოგადოებისა და სახელმწიფოს მხრივ.</para>
      </listitem>
    </orderedlist>
  </article>
  <article number="17">
    <title>მუხლი 17.</title>
    <orderedlist>
      <listitem>
	<para>ყოველ ადამიანს აქვს უფლება ფლობდეს ქონებას როგორც ერთპიროვნულად, ასევე სხვებთან ერთად.</para>
      </listitem>
      <listitem>
	<para>არავის არ უნდა ჩამოერთვას ქონება თვითნებურად.</para>
      </listitem>
    </orderedlist>
  </article>
  <article number="18">
    <title>მუხლი 18.</title>
    <para>ყოველ ადამიანს აქვს უფლება აზრის, სინდისისა და რელიგიის თავისუფლებისა; ეს უფლება მოიცავს თავისუფლებას თავისი რელიგიის თუ რწმენის შეცვლისა და თავისუფლებას თავისი რელიგიის თუ რწმენის აღმსარებლობისა როგორც ერთპიროვნულად, ასევე სხვებთან ერთად, მოძღვრებაში ღთვისმსახურებაში და რელიგიურ და რიტუალურ წესჩვეულებ ათა შესრულებაში საჯარო თუ კერძო წესით.</para>
  </article>
  <article number="19">
    <title>მუხლი 19.</title>
    <para>ყოველ ადამიანს აქვს უფლება მრწამსის თავისუფლებისა და მისი თავისუფლად გამოთქმისა; ეს უფლება მოიცავს ადამიანის თავისუფლებას დაუბრკოლებლად იქონიოს თავისი მრწამსი და ეძიოს, მიიღოს და გაავრცელოს ინფორმაცია და იდეები ყოველგვარი საშუალებებით და სახელმწიფო საზღვრებისაგან დამოუკიდებლად.</para>
  </article>
  <article number="20">
    <title>მუხლი 20.</title>
    <orderedlist>
      <listitem>
	<para>ყოველ ადამიანს აქვს უფლება მშვიდობიანი კრებებისა და ასოციაციების თავისუფლებისა.</para>
      </listitem>
      <listitem>
	<para>არავის იძულება არ შეიძლება რაიმე ასოციაციაში შესასვლელად.</para>
      </listitem>
    </orderedlist>
  </article>
  <article number="21">
    <title>მუხლი 21.</title>
    <orderedlist>
      <listitem>
	<para>ყოველ ადამიანს აქვს უფლება მონაწილეობდეს თავისი ქვეყნის მართვა-გამგეობაში ან უშუალოდ, ანდა თავისუფლად არჩეულ წარმომადგენელთა მეშვეობით.</para>
      </listitem>
      <listitem>
	<para>ყოველ ადამიანს აქვს უფლება თანაბარ საფუძველზე შევიდეს თავისი ქვეყნის სახელმწიფო სამსახურში.</para>
      </listitem>
      <listitem>
	<para>ხალხის ნება უნდა იყოს საფუძველი მთავრობის ძალაუფლებისა; ეს ნება უნდა გამოიხატებოდეს პერიოდულ და გაუყალბებელ არჩევნებში, რომლებიც უნდა ტარდებოდეს საყოველთაო და თანასწორი საარჩევნო უფლების პირობებში, ფარული კენჭისყრით, ანდა სხვა თანაბარმნიშვნელოვანი ფორმების მეშვეობით, რომლებიც უზრუნველყოფენ ხმის მიცემის თავისუფლებას.</para>
      </listitem>
    </orderedlist>
  </article>
  <article number="22">
    <title>მუხლი 22.</title>
    <para>ყოველ ადამიანს, როგორც საზოგადოების წევრს, აქვს სოციალური უზრუნველყოფის უფლება და უფლება განახორციელოს ეკონომიკურ, სოციალურ და კულტურულ დარგებში, ნაციონალური მეცადინეობისა და საერთაშორისო თანამშრომლობის მეშვეობით და ყოველი სახელმწიფოს სტრუქტურისა და რესურსების შესაბამისად, ის უფლებები, რომლებიც აუცილებელია მისი ღირსების შენარჩუნების თავისუფალი განვითარებისათვის.</para>
  </article>
  <article number="23">
    <title>მუხლი 23.</title>
    <orderedlist>
      <listitem>
	<para>ყოველ ადამიანს აქვს შრომის, სამუშაოს თავისუფალი არჩევის, შრომის სამართლიანი და ხელსაყრელი პირობების და უმუშევრობისაგან დაცვის უფლება.</para>
      </listitem>
      <listitem>
	<para>ყოველ ადამიანს აქვს უფლება თანაბარი შრომის თანაბრად ანაზღაურებისა ყოველგვარი დისკრიმინაციის გარეშე.</para>
      </listitem>
      <listitem>
	<para>ყოველ მუშაკს აქვს უფლება იღებდეს სამართლიანსა და დამაკმაყოფილებელ გასამრჯელოს, რომელიც უზრუნველყოფს ღირსეულ ადამიანურ არსებობას თვითონ მისთვის და მისი ოჯახისათვის და რომელსაც, როცა აუცილებელია, ემატება სოციალური უზრუნველყოფის სხვა სახსრები.</para>
      </listitem>
      <listitem>
	<para>ყოველ ადამიანს აქვს უფლება შექმნას პროფესიული კავშირები და შევიდეს პროფესიულ კავშირებში თავისი ინტერესების დასაცავად.</para>
      </listitem>
    </orderedlist>
  </article>
  <article number="24">
    <title>მუხლი 24.</title>
    <para>ყოველ ადამიანს აქვს დასვენებისა და მოცალეობის უფლება სამუშაო დღის გონივრული შეზღუდვისა და ანაზღაურებული პერიოდული შვებულების უფლების ჩათვლით.</para>
  </article>
  <article number="25">
    <title>მუხლი 25.</title>
    <orderedlist>
      <listitem>
	<para>ყოველ ადამიანს აქვს უფლება ჰქონდეს ცხოვრების ისეთი დონე, საკვების, ტანსაცმლის, ბინის, სამედიცინო მოვლისა და საჭირო სოციალური მომსახურეობის ჩათვლით, რომელიც აუცილებელია თვითონ მისი და მისი ოჯახის ჯანმრთელობისა და კეთილდღეობის შესანარჩუნებლად, და უფლება უზრუნველყოფილი იყოს უმუშევრობის, ავადმყოფობის, ინვალიდობის, ქვრივობის, მოხუცობულობის ან მისგან დამოუკიდებელ გარემოებათა გამო არსებობის საშუალებათა დაკარგვის სხვა შემთხვევაში.</para>
      </listitem>
      <listitem>
	<para>დედობა და ჩვილი ყრმის ასაკი იძლევა განსაკუთრებული მზრუნველობითა და დახმარებით სარგებლობის უფლებას. ყველა ბავშვი, დაბადებული ქორწინებაში თუ ქორწინების გარეშე, უნდა სარგებლობდეს ერთნაირი სოციალური დაცვით.</para>
      </listitem>
    </orderedlist>
  </article>
  <article number="26">
    <title>მუხლი 26.</title>
    <orderedlist>
      <listitem>
	<para>ყოველ ადამიანს აქვს განათლების უფლება. განათლება დაწყებითი და ზოგადი მაინც, უფასო უნდა იყოს. დაწყებითი განათლება უნდა იყოს სავალდებულო. ტექნიკური და პროფესიული განათლება უნდა იყოს ხელმისაწვდომი, უმაღლესი განათლება კი - ერთაირად მისაწვდომი ყველასათვის თითოეულის უნარისამბერ.</para>
      </listitem>
      <listitem>
	<para>განათლება მიმართული უნდა იყოს ადამიანის პიროვნების სრული განვითარებისა და ადმიანის უფლებათა ძირითად თავისუფლებათა პატივისცემის გადიდებისაკენ. განათლებამ ხელი უნდა შეუწყოს ყველა ხალხის, ყველა რასობრივი თუ რელიგიური ჯგუფის ურთიერთ გაგებას, შემწყნარებლობასა და მეგობრობას და ხელი უნდა შეუწყოს გაერთიანებული ერების ორგანიზაციის მოღვაწეობას მშვიდობის შესანარჩუნებლად.</para>
      </listitem>
      <listitem>
	<para>მშობლებს აქვთ პრიორიტეტის უფლება აირჩიონ რა სახის განათლებაც სურთ თავიანთი მცირეწლოვანი შვილებისათვის.</para>
      </listitem>
    </orderedlist>
  </article>
  <article number="27">
    <title>მუხლი 27.</title>
    <orderedlist>
      <listitem>
	<para>ყოველ ადამიანს აქვს უფლება თავისუფლად მონაწილეობდეს საზოგადოების კულტურულ ცხოვრებაში, ტკბებოდეს ხელოვნებით, მონაწილეობდეს მეცნიერულ პროგრესში და სარგებლობდეს მისი სიკეთით.</para>
      </listitem>
      <listitem>
	<para>ყველა ადამიანს აქვს უფლება დაცული იყოს მისი მორალური და მატერიალური ინტერესები, როგორც შედეგი იმ მეცნიერული, ლიტერატურულიდა მხატვრული ნაშრომებისა, რომელთა ავტორს იგი წარმოადგენს.</para>
      </listitem>
    </orderedlist>
  </article>
  <article number="28">
    <title>მუხლი 28.</title>
    <para>ყოველ ადამიანს აქვს უფლება ისეთ სოციალურ და საერთაშორისო წესრიგზე, რომლის პირობებშიც შესაძლებელია ამ დეკლარაციაში ჩამოთვლილი უფლებათა და თავისუფლებათა მთლიანად განხორციელება.</para>
  </article>
  <article number="29">
    <title>მუხლი 29.</title>
    <orderedlist>
      <listitem>
	<para>ყოველ ადამიანს აქვს მოვალეობანი საზოგადოების წინაშე, რადგან მხოლოდ საზოგადოებაშია შესაძლებელი მისი პიროვნების თავისუფალი და სრული განვითარება.</para>
      </listitem>
      <listitem>
	<para>თავისი უფლებათა და თავისუფლებათა განხორციელებისას ყოველი ადამიანი უნდა განიცდიდეს მხოლოდ ისეთ შეზღუდვებს, როგორიც კანონითაა დადგენილი მარტოოდენ იმ მიზნით, რათა უზრუნველყოფილ იქნეს სხვების უფლებათა და თავისუფლებათა ჯეროვანი აღიარება და პატივისცემა და დაკმაყოფილდეს ზნეობის, საზოგადოებრივი წესრიგისა და საერთო კეთილდღეობის სამართლიანი მოთხოვნები დემოკრატიულ საზოგადოებაში.</para>
      </listitem>
      <listitem>
	<para>ამ უფლებათა და თავისუფლებათა განხორციელება არვითარ შემთხვეავში არ უნდა ეწინააღმდეგებოდეს გაერთიანებული ერების ორგანიზაციის მიზნებსა და პრინციპებს.</para>
      </listitem>
    </orderedlist>
  </article>
  <article number="30">
    <title>მუხლი 30.</title>
    <para>ამ დეკლარაციაში არაფერი არ უნდა განიმარტოს, როგორც მინიჭება რომელიმე სახელმწიფოსათვის, პირთა ჯგუფისა თუ ცალკეული პიროვნებისათვის უფლებისა, ეწეოდნენ ისეთ საქმიანობას ან ჩაიდინონ ისეთი მოქმედება, რომლებიც მიმართულია ამ დეკლარაციაში ჩამოთვლილ უფლებათა და თავისუფლებათა მოსასპობად.</para>
  </article>
</udhr>
