<?xml version="1.0" encoding="UTF-8"?>

<!--© The Office of the High Commisioner for Human Rights-->

<udhr iso639-3='lat' xml:lang='la' key='lat_1' n='Latin (1)' xmlns="http://www.unhchr.ch/udhr">
   <title>UNIVERSALIS DE JURE HOMINUM DECLARATIO</title>
   <note>
      <para>quae, decreto CCXVII A (III), a Communi Conventu probata et edicta est, Anno Domini MCMIIL, a.d.IV Idus Decembres.</para>
   </note>
   <preamble>
      <title>Praefatio</title>
      <para>Cum dignitatis infixae omnibus humanae familiae partibus et eorum jurum aequalium, quae abalienari non possunt, agnitio constituat et in orbe terrarum libertatis et justitiae et pacis fundamentum,</para>
      <para>Cum hominis jurum mala cognitio contemptioque barbariae facta, quae humanitatis conscientiam ad rebellionem incitant, adduxerint, cumque mundi initium in quo homines, liberati a terrore et miseria, loquendi credendique libertatem habebunt, renuntiatum sit ut hominis altissima affectatio,</para>
      <para>Cum praecipuum sit hominum jura civitatis forma quae justa est tegi, ne homo cogatur, ultimo perfugio, ut rebellionem faciat in tyranniam oppressionemque,</para>
      <para>Cum praecipuum sit progressionem amicitiarum inter nationes incitari,</para>
      <para>Cum in Carta gentes Conjunctarum Nationum rursus pronuntiaverint suam fidem in juribus praecipuis hominum, in dignitate et virtute hominis, in aequabilitate jurum virorum et feminarum, et se dixerint prompti ad favendum progressui civili et ad gignendum meliores conditiones vitae in majore libertate,</para>
      <para>Cum sociae civitates pollicitae sint se affirmaturas esse verecundiam universam veramque jurum hominis et libertatum praecipuarum, temperatione Nationum Conjunctarum adjuvante,</para>
      <para>Cum quaedam communis conceptio horum jurum et libertatum gravissima sit, ut obligatio haec plane expleatur,</para>
      <para>Communis Conventus jurum hominis praesentem universalem Declarationem pronuntiat ut communis perfectus qui petatur ab omnibus populis et omnibus nationibus, ut societatis singuli homines et omnes partes, habentes hanc declarationem constanter in mente, institutione et educatione conantur ut horum jurum libertatumque respectus evolvatur, et firmentur ordinis nationalis et internationalis consiliorum incessu gratia et universalis veraque admotio tam in ipsarum sociarum civitatum populationibus quam in finium populationibus quae eorum jurisdictioni subactae sunt.</para>
      <para>Universalis de hominis juribus declaratio</para>
   </preamble>
   <article number="1">
      <title>I</title>
      <para>Omnes homines liberi aequique dignitate atque juribus nascuntur. Ratione conscientiaque praediti sunt et alii erga alios cum fraternitate se gerere debent.</para>
   </article>
   <article number="2">
      <title>II</title>
      <para>Quisque potest sibi assumere libertates omnes omnesque jures in hac declaratione pronuntiatos, sine ulla distinctione gentis, coloris, sexus, linguae, religionis, politicae sententiae aut omnis generis sententiae, nationis originis aut civitatis, divitiarum aut ortus aut omnis generis situs.</para>
      <para>Praeterea fietur nulla distinctio condita in civili decreto, juridico aut internationali gentis aut finium cujus est aliquis, sive gens aut fines liberi sunt, sive sub tutella, sive non suae potestatis sive subacti termino aliquo sui imperii.</para>
   </article>
   <article number="3">
      <title>III</title>
      <para>Quisque jus habet vivere, liber esse et in tuto vivere.</para>
   </article>
   <article number="4">
      <title>IV</title>
      <para>Nemo servitudine tenebitur. Omnes servitudines omnibus modis prohibentur.</para>
   </article>
   <article number="5">
      <title>V</title>
      <para>Nullus cruciabitur neque poenis nec tractationibus, quae humanae sunt, objicietur.</para>
   </article>
   <article number="6">
      <title>VI</title>
      <para>Quisque jus habet suam juridicam personam in omnibus locis accipi.</para>
   </article>
   <article number="7">
      <title>VII</title>
      <para>Omnes ante legem aequi sunt et sine ulla distinctione jus habent aequum praesidium legis habere. Omnes jus habent praesidio aequo contra omnem discrimen qui hanc Declarationem violet et contra omnem incitationem ad talem discrimen.</para>
   </article>
   <article number="8">
      <title>VIII</title>
      <para>Omnis jus habet recurrere pro idoneo judice gentis contra facta violantia jures suffundatos quae sibi recognescuntur a constitutione aut lege.</para>
   </article>
   <article number="9">
      <title>IX</title>
      <para>Nullus ex libidine apprehendi in vinculis esse, exsulari potest.</para>
   </article>
   <article number="10">
      <title>X</title>
      <para>Omnes jus habent in tota aequitate suam causam recte et publice a judicibus liberis aequabilibusque audiri, qui statuunt vel de juribus obligationibusque, vel de veritate omnis criminis contra se.</para>
   </article>
   <article number="11">
      <title>XI</title>
      <orderedlist>
         <listitem>
            <para>Quisquis accusatus delicto innocens est dum noxa sua jure statuata est publico judicio ubi obsides omnes necessariae ad se defendendum affirmatae erunt.</para>
         </listitem>
         <listitem>
            <para>Nemo damnabitur propter acta vel praetermissiones quae, cum commitata sunt, non constituebant delictum ex jure suae gentis vel universarum gentium. Item nulla gravior culpa irrogabitur quam illa quae applicari potuit cum delictum factum est.</para>
         </listitem>
      </orderedlist>
   </article>
   <article number="12">
      <title>XII</title>
      <para>Nemo patibitur intercessiones ab arbitrio in rebus privatis, in familia, domo aut in epistularum consuetudine, nec ictus contra honorem famamque. Omnis jus habet lege protegi contra tales intercessiones aut talia vulnera.</para>
   </article>
   <article number="13">
      <title>XIII</title>
      <orderedlist>
         <listitem>
            <para>Quisque jus habet libenter iter facere et in civitate suam domum eligere.</para>
         </listitem>
         <listitem>
            <para>Omnis jus habet ex omni et sua patria abire et in suam patriam redire.</para>
         </listitem>
      </orderedlist>
   </article>
   <article number="14">
      <title>XIV</title>
      <orderedlist>
         <listitem>
            <para>In vexatione omnis jus habet perfugium quaerere et perfugium ab aliis regionibus impetrare.</para>
         </listitem>
         <listitem>
            <para>Hoc jus non invocari potest in casu actionum vere constitutarum in communis juris scelere aut in factis adversus metas principiaque Conjunctarum Nationum.</para>
         </listitem>
      </orderedlist>
   </article>
   <article number="15">
      <title>XV</title>
      <orderedlist>
         <listitem>
            <para>Omnis jus habet nationis esse.</para>
         </listitem>
         <listitem>
            <para>Nemo ex libidine a sua gente privari potest neque gentis mutandae a jure privari.</para>
         </listitem>
      </orderedlist>
   </article>
   <article number="16">
      <title>XVI</title>
      <orderedlist>
         <listitem>
            <para>Ex matrimonio se jugendi aetate, vir mulierque jus habent, nullo genere, nulla gente aut religione id nequaquam impediente, matrimonio se jungere et familiam constituere. Jura equalia habent pro matrimonio, per matrimonium et per divortium.</para>
         </listitem>
         <listitem>
            <para>Matrimonium confici non potest sine conjugum pleno liberoque consensu.</para>
         </listitem>
         <listitem>
            <para>Familia societatis naturale praecipuumque elementum est et jus habet a societate et rei publica muniri.</para>
         </listitem>
      </orderedlist>
   </article>
   <article number="17">
      <title>XVII</title>
      <orderedlist>
         <listitem>
            <para>Omnis, vel solus vel conjucte, mancipii jus habet.</para>
         </listitem>
         <listitem>
            <para>Nemo potest ab arbitrio a mancipio privatus esse.</para>
         </listitem>
      </orderedlist>
   </article>
   <article number="18">
      <title>XVIII</title>
      <para>Omnis jus sentientae, conscientiae religionisque libertati habet. Hoc jus religionem aut conscientiam mutandi libertatem atque libertatem religionem aut fidem solam aut communem manifestam faciendi implicat, tam publice quam private, doctrina, religionibus, sacris ritorum effectuque.</para>
   </article>
   <article number="19">
      <title>XIX</title>
      <para>Omnis jus opinionis et verba dicendi libertati habet; quod jus non ob opiniones suas inquietari implicat, atque jus petendi, recipiendi divulgandique sine finium considerationibus percontationes cogitationesque quacumque elocutione</para>
   </article>
   <article number="20">
      <title>XX</title>
      <orderedlist>
         <listitem>
            <para>Omnis homo jus habet libertati pacificae consociationis conventusque</para>
         </listitem>
         <listitem>
            <para>Nemo potest coagi ut consociationi intersit.</para>
         </listitem>
      </orderedlist>
   </article>
   <article number="21">
      <title>XXI</title>
      <orderedlist>
         <listitem>
            <para>Omnis homo jus habet suae gentis rerum publicarum administrationi interesse, vel directo, vel per repraesentes libere lectos.</para>
         </listitem>
         <listitem>
            <para>Omnis homo jus habet conditione aequa ad suae patriae officia publica accedere.</para>
         </listitem>
         <listitem>
            <para>Populi voluntas publicorum imperiorum auctoritatis fundamentum est; illa voluntas creatione honesta exprimi debet, quae statis diebus fieri debent, universali aequo suffragio secretaque tabella vel secundum aequalem judiciorum formulam suffragii libertatem in tuto collocantem.</para>
         </listitem>
      </orderedlist>
   </article>
   <article number="22">
      <title>XXII</title>
      <para>Omnis homo, ut rei publicae socius, sociali securitati jus habet; hic homo jus habet satisfactionem impetrare jurum publicorum, sociorum humanorumque quae necessaria ad suam dignitatem et progressum liberum sui est, per laborem suae patriae et operam aliarum gentium, pro temperatione et divitiis omnis gentis.</para>
   </article>
   <article number="23">
      <title>XXIII</title>
      <orderedlist>
         <listitem>
            <para>Omnis homo, labori, liberae optioni laboris, conditionibus aequis idoneisque laboris et tutelae adversus inopiam laboris jus habet.</para>
         </listitem>
         <listitem>
            <para>Universi, sine discrimine,aequo praemio aequo labore jus habent.</para>
         </listitem>
         <listitem>
            <para>Quiscumque laborat, jus habet aequae remunerationi idoneaeque quae sibi familiaeque confirmat vitam consentaneam humanae dignitati et, si oportet, completae omnibus ceteribus rationibus sociae tutelae.</para>
         </listitem>
         <listitem>
            <para>Omnis homo cum aliis hominibus consociationes condere et consociationibus socios sibi adjungere ad commoda defendenda jus habet.</para>
         </listitem>
      </orderedlist>
   </article>
   <article number="24">
      <title>XXIV</title>
      <para>Omnes jus habent cum quieti et otiis tum circumscriptioni modicae temporis laboris et commeatibus statis quae pecunia soluuntur</para>
   </article>
   <article number="25">
      <title>XXV</title>
      <orderedlist>
         <listitem>
            <para>Omnes jus habent satis altae vitae ut suam valetudinem et suae familiae et suam voluptatem confirmet, praesertim quod pertinet ad cibum, vestem, domum, medicinales curas et beneficia socialia quae necesseria sunt. Omnes jus habent securitati in penuria laboris aut in morbo aut in infirmitate aut in viduitate aut in senectute aut in aliis casibus in quibus copia vivendi esse non potest, temporibus voluntatem non sequentibus.</para>
         </listitem>
         <listitem>
            <para>Mater et infans jus habent auxilio et praesentiae propriae. Omnes pueri, sive in matrmonio sive extra matrimonium nati sunt, eodem sociali praesidio fruuntur.</para>
         </listitem>
      </orderedlist>
   </article>
   <article number="26">
      <title>XXVI</title>
      <orderedlist>
         <listitem>
            <para>Omnis jus habet educationi. Educatio debet gratuita esse, quod saltem pertinet ad primas praecipuasque litteras. Primae litterae sunt necessariae. Doctrinae ad scientiam et ad professionem pertinentes multis exponenda est; oportet aditum studiis superis in tota aequalitate omnibus secundum meritum patere.</para>
         </listitem>
         <listitem>
            <para>Oportet educationem spectare ad totam hominum beatitudinem et ad respectus jurum hominis et libertatum primarum confirmationem.Oportet educationem favere cogitationi, patientiae amicitiaeque inter omnes gentes, omnia generum aut religionum globos; oportet educationem favere progressioni operarum nationum sociatarum ad pacis conservationem.</para>
         </listitem>
         <listitem>
            <para>Parentes in primis jus habent eligere genus educationis quod interest dare liberis suis.</para>
         </listitem>
      </orderedlist>
   </article>
   <article number="27">
      <title>XXVII</title>
      <orderedlist>
         <listitem>
            <para>Omnis homo jus habet libere interesse culturae societatis, et frui artibus, et interesse profectibus scientiae et beneficiis quae id sequuntur.</para>
         </listitem>
         <listitem>
            <para>Omnis jus habet tutelae beneficiorum moralium et materialium generatorum omni procreatione scientiae, litterarum aut artium quorum auctor est.</para>
         </listitem>
      </orderedlist>
   </article>
   <article number="28">
      <title>XXVIII</title>
      <para>Omnis jus habet in socialibus et externis rebus ordinem regnari, ut jura et libertates enuntiatae in hac Declaratione fieri possint.</para>
   </article>
   <article number="29">
      <title>XXIX</title>
      <orderedlist>
         <listitem>
            <para>Cuique officia sunt erga societatem, in qua solum liberum plenumque incrementum ingenii fieri potest.</para>
         </listitem>
         <listitem>
            <para>In usu jurium et fructu libertatum, quisque subjicitur solum finibus lege conditis, ut solum firmet gratiam et respectum jurium libertatumque alieni, et satisfaciat rectis expostulationibus honesti, reipublicae concordiae et universae in sociatate populari valetudinis.</para>
         </listitem>
         <listitem>
            <para>Haec jura libertatesque nullo modo exerceri poterunt adversus proposita et principia Nationum Conjunctorum.</para>
         </listitem>
      </orderedlist>
   </article>
   <article number="30">
      <title>XXX</title>
      <para>Nullum decretum hujus Declarationis interpretari potest quasi civitati, societati aut cuidam homini jus aliquid implicans se dedendi alicui facinori aut aliquid faciendi ad libertates et jura evertenda, quae hoc loco enuntiata sunt.</para>
   </article>
</udhr>