<?xml version="1.0" encoding="UTF-8"?>

<!--© The Office of the High Commisioner for Human Rights-->

<udhr iso639-3='lun' xml:lang='lun' key='lun' n='Lunda' xmlns="http://www.unhchr.ch/udhr">
  <title>KUDITEJA CHA KAYI KEJIMA HA NSHIMBI JA WUNTU</title>
  <preamble>
    <title>PREAMBLE</title>
    <para>Kuhitila mu kwiteja nakulemesha muntu, chakubuka kwambula chisaka cha muntu wejima munu mukayi hichikunku kwafuma kulubuka nakudimena, wusompeshi hamu na kuwunda munu mu kayi kejima.</para>
    <para>Kubula kulondela nshimbi ja wuntu chinaleteshi kubula kutiyangana hakachi kwawantu atela kwikala na nshimbi jakudihoshela kuditongojokela chakadi kutiya nachu woma, chuma chalema mu kuhanda kwamuntu.</para>
    <para>Chekala chasweja kulema neyi abuli kunukanjikija nakukenga kufubukila akwawu adi na kumukakesha, ilanga muntu watela kukinge wa na nshimbi.</para>
    <para>Mu chitiyangenu chawaka United Nations, eteja chikuhwelelu chawu mu nshimbi ja wuntu, ekala iyala hela mubanda, nikumona nawu antu enjima anatwali kumbidi chahandilu.</para>
    <para>Matunga amu United Nations adishika kumona nawu hadichitiyangenu, kalemesha ni kulondela nshimbi ja wuntu.</para>
    <para>Nshimbi yeniyi ya kayi kejima ya Wuntu wa Muntu, hi njila yimu yakuwahishilamu chihandilu chawantu hamu nanyidimu yamatunga, dichi muntu wejima hela yipompelu yawantu eteja kulondela nshimbi yamuchidiwu watela kuzata mweneni nakumona neyi natangishi nshimbi ja wuntu, mu kukenga kuleta chitiyangenu mu kachi kamatunga hamu ekala ma memba hamu nawantu ejima munu mu kayi.</para>
    <para>INSHIMBI JETUNG'A JAWUNTU</para>
  </preamble>
  <article number="1">
    <title>Chikunku 1</title>
    <para>Muntu wejima wasemuka walukbuka wesekana hamu ni akwawu mukumulemesha. Wenkewa kutong'ojoka nikuzatila hamu nimukwawu muntu muwunta'a.</para>
  </article>
  <article number="2">
    <title>Chikunku 2</title>
    <para>Muntu wejima watela kwiluka inshimbi jawuntu nikwila wakasuluka kulondela kudishika kweniku chakadi kusakula muchidi, ikowa, iyala indi mubanda hela kuchisaka kwafumahi nikutala hamaheta. Nayuma yikwawu.</para>
    <para>Kosi kumwekesha chambu hakachi kawantu mulongg'a wakutala hetung'a kwafumayi itung'a neyi datambula chiyulu indi tahindi nehi hela kutala munjila adina itung'a chadiyulang'awu.</para>
  </article>
  <article number="3">
    <title>Chikunku 3</title>
    <para>Muntu wejima watela kuhanda chiwahi mukushakama kwindi, walubuka nikumona nawu waking'ewa mumakabi adi ejima.</para>
  </article>
  <article number="4">
    <title>Chikunku 4</title>
    <para>Kosi muntu akahembawu chineyi indung'u hela kwikala indung'u. Yuma yejima yadikuma kuwundung'u yatela kulekewa.</para>
  </article>
  <article number="5">
    <title>Chikunku 5</title>
    <para>Kosi muntu akayandishawu munjila yakubula kutela hela kubabeshewa munjila yidi yejoma yatama.</para>
  </article>
  <article number="6">
    <title>Chikunku 6</title>
    <para>Muntu wejima atela kumulemesha kwejima kwadiyi kulondela inshimbi jetung'a.</para>
  </article>
  <article number="7">
    <title>Chikunku 7</title>
    <para>Antu ejima ekala esekana muchihandilu chawu kweseka nanshimbi dichi itung'a datela kuking'a ona muntu mukulondela muchitiyang'enu chenichi.</para>
  </article>
  <article number="8">
    <title>Chikunku 8</title>
    <para>Muntu wejima wekala nang'ovu jakudiking'a munyilong'a yidi yejima mukulondela inshimbi jakuking'a muntu.</para>
  </article>
  <article number="9">
    <title>Chikunku 9</title>
    <para>Kosi muntu akakasawu chakadi kulondela inshimbi hela kutumewa mwitung'a dacheng'i chakadi kulondela inshimbi.</para>
  </article>
  <article number="10">
    <title>Chikunku 10</title>
    <para>Muntu wejima wenkewa ing'ovu jakumona nindi anasompi nyilong'a yindi chiwahi mu chota chanyilong'a mukulondela inshimbi nakudiking'a omweni munyilong'a.</para>
  </article>
  <article number="11">
    <title>Chikunku 11</title>
    <orderedlist>
      <listitem>
	<para>Muntu wejima anawani namulong'a atela kumuhemba neyi muntu walong'a ninichi chakumusompeshawu nakumuwana namulong'a.</para>
      </listitem>
      <listitem>
	<para>Kosi kwinka muntu mulong'a chakadi wunsahu walalaku. Muntu neyi nazati mulong' dichi enza nakumusompesha henohu inshimbi jamatung'a jinahimpewi, iwu muntu atela kumukasa kulondela impinji yamuweniwu namulong'a bayi neyi kulondela inshimbi jajihaku.</para>
      </listitem>
    </orderedlist>
  </article>
  <article number="12">
    <title>Chikunku 12</title>
    <para>Kosi muntu akalung'esahwu muchihandilu chindi hela inshakaminu yindi nachisaka chindiku hela kutamisha ijina dindiku. Muntu wejima watela kuking'ewa muyuma yamuchidiwu.</para>
  </article>
  <article number="13">
    <title>Chikunku 13</title>
    <orderedlist>
      <listitem>
	<para>Muntu wejima watela kwenda munakukeng'elayi omweni nikushakama kwilug'a kunakuke'a omwenindi.</para>
      </listitem>
      <listitem>
	<para>Muntu wejima natweshi kuya kwitung'a dacheng'i nikufunta mwitung'a dindi chakadi kuwana kukala mukwenda kwindi.</para>
      </listitem>
    </orderedlist>
  </article>
  <article number="14">
    <title>Chikunku 14</title>
    <orderedlist>
      <listitem>
	<para>Muntu wejima wenkewa ing'ovu jakuya nakushaka mwitung'a dacheng'i kuchina nyilong'a mwitung'a dindi.</para>
      </listitem>
      <listitem>
	<para>Ilang'a iyi nshimbi hiyinatweshi kuzata kudi muntu nazati mulong'a wadikuma mukutamisha nfulumendi yetung'a dinaku hela nabuli kulondela inshimbi jawaka United Nations.</para>
      </listitem>
    </orderedlist>
  </article>
  <article number="15">
    <title>Chikunku 15</title>
    <orderedlist>
      <listitem>
	<para>Muntu wejima natweshi kusemukila kwitung'a kudi kwejima.</para>
      </listitem>
      <listitem>
	<para>Kosi muntu akayandishawu mulong'a wakwiilung'a kwasemukilayi hela kuhimpa.</para>
      </listitem>
    </orderedlist>
  </article>
  <article number="16">
    <title>Chikunku 16</title>
    <orderedlist>
      <listitem>
	<para>Mayala ni ambanda akula dhim enkewa ing'ovu jakusakula muntu wakusumbula chakadi kusakula ikowa muchidi chakala nakenji omwendindi. Awa enkewa ing'ovu jakushakama muntu namuketala didindi ninichi chacadisengawi.</para>
      </listitem>
      <listitem>
	<para>Antu akadisumbula mukukeng'a kwawu.</para>
      </listitem>
      <listitem>
	<para>Chisaka hichuma chanentesha neyi kwikali kushakama hamu mwitung'a dichi chisaka chatela kuking'ewa.</para>
      </listitem>
    </orderedlist>
  </article>
  <article number="17">
    <title>Chikunku 17</title>
    <orderedlist>
      <listitem>
	<para>Muntu wekala nang'ovu jakwikala namaheta inkawindi hela nawakwawu antu.</para>
      </listitem>
      <listitem>
	<para>Kosi muntu akatambulawu maheta chakadi kuchikeng'a omweni.</para>
      </listitem>
    </orderedlist>
  </article>
  <article number="18">
    <title>Chikunku 18</title>
    <para>Muntu wejima wenkewa ing'ovu jakuditong'ojokela nikusakula kuchachi kunakukeng'ayi omweni, natweshi kuya kuchachi yacheng'i neyi nachimoni nindi chalo'a mukuzatila hamu ni akwawu, kutang'isha nikulondela inshimbi mukulombela kwindi.</para>
  </article>
  <article number="19">
    <title>Chikunku 19</title>
    <para>Muntu wejima wenkewa ing'ovu yakutong'ojoka nikuhosha hansang'a yidi yejima chakadi kutiya womaku mukukeng'a kwiluka wunsahu walala hansang'u yinakuleng'ayi kwiluka chiwahi.</para>
  </article>
  <article number="20">
    <title>Chikunku 20</title>
    <orderedlist>
      <listitem>
	<para>Muntu wejima wenkewa ing'ovu jakudiwana nawakwawu muyipompelu.</para>
      </listitem>
      <listitem>
	<para>Kosi muntu akakanjikijawu kwikala membala muchipompelu chidi chejima.</para>
      </listitem>
    </orderedlist>
  </article>
  <article number="21">
    <title>Chinkuku 21</title>
    <orderedlist>
      <listitem>
	<para>Muntu wejima wenkewa ing'ovu jakuzatila nfulumendi hela kuhitila mudi akwawu mukukeng'a kwindi.</para>
      </listitem>
      <listitem>
	<para>Muntu wejima wenkewa ing'ovu jakuzata nyidimu yanfulumendi mwitung'a dindi.</para>
      </listitem>
      <listitem>
	<para>Itung'a dikayulewa mukukeng'a kwawantu hanyima yakusakula kwawantu akuyiemenaku chikekalang'a hampinji hampinji.</para>
      </listitem>
    </orderedlist>
  </article>
  <article number="22">
    <title>Chikunku 22</title>
    <para>Muntu wejima wenkew ing'ovu jakudiking'a muchihandilu chindi kuhitila muku zatila hamu nikulondela maheta etung'a chihandilu chamuntu nichisemwa mulong'a chakadi yena kwikala wakashinshi hikunatweshi kutwala chihandilu chindi kumbidiku.</para>
  </article>
  <article number="23">
    <title>Chikunku 23</title>
    <orderedlist>
      <listitem>
	<para>Muntu wejima wenkewa ing'ovu jakuzata mudimu tinakukeng'ayi nikumona nindi ndiking'a hanyidimu yindi.</para>
      </listitem>
      <listitem>
	<para>Muntu wejima chakadi kusakula hela kunentahu chambu watela kutambula infwetu jindi kwesekana nanyidimu yinakuzatayi.</para>
      </listitem>
      <listitem>
	<para>Muntu wejima watela kumona nindi infwetu jindi jinatweshi kukwasha yena hamu nichisaka chindi muchihandilu chawu.</para>
      </listitem>
      <listitem>
	<para>Muntu wejima natweshi kwikala membala wachibalu chatalang'a hadi ankong'i mukuyikwasha mumakabi awu.</para>
      </listitem>
    </orderedlist>
  </article>
  <article number="24">
    <title>Chikunku 24</title>
    <para>Muntu wejima watela kunoka nikuzata mumpinji yatela nikuya nakunooka ninfwetu jindi. Muntu wejima wenkewa ing'ovu jakumona hanyidimu yindi nikumona nindi natambuli infwetu jindi impinji achidiyi nakunoka.</para>
  </article>
  <article number="25">
    <title>Chikunku 25</title>
    <orderedlist>
      <listitem>
	<para>Muntu wejima wenkewa ing'ovu jakumona nindi chisaka chindi chinakuhanda chiwahi, anakuda chiwahi anakukama mwitala dadiwahi, anakutambula yitumbu yalong'a kuchipatela nikumona nindi mumpinji yakuleka nyidimu iwu muntu anamuking'i mulong'a hadaha wakata, chifwayi nakuli nankashi dichi hanatweshi kutwalekahu nakuzataku hela wafwisha hela kudi chuma chinanenteshi nawu abuli kutwalekahu nakuzata nyidimu.</para>
      </listitem>
      <listitem>
	<para>Mukweyayai hamu nimwana atela kuking'ewa nikuhembewa chiwahi nikumona nawu anakuyikwasha. Anyana ejima asemuka muwujila hela achidi kushakama nawanvwali jawu atela kuking'ewa munjila yidi yejima.</para>
      </listitem>
    </orderedlist>
  </article>
  <article number="26">
    <title>Chikunku 26</title>
    <orderedlist>
      <listitem>
	<para>Muntu wejima amwinka ing'ovu jakuya kushikola nakutang'a. Kosi muntu wakafwetang mali hakutang'isha kumasikola anyanya. Muntu wejima natweshi kutwalekahu kutang'a kulondela maana adiyi nawu amweni.</para>
      </listitem>
      <listitem>
	<para>Kutang'a kukekalang'a koku kulonda chikakwashi muntu muchihandilu chindi nikumona nindi anakumulemesha kulondela inshimbi jamuntu. Chikakwasha antu kutiyang'ana hakachi kamatung'a, nyichidi nikumona nawu anakushakama mwilung'a mudi chiwunda kulondela inshimbi jawaka United Nations.</para>
      </listitem>
      <listitem>
	<para>Anvwali ekala nang'ovu jakusakula mashikola awanyaanawu.</para>
      </listitem>
    </orderedlist>
  </article>
  <article number="27">
    <title>Chikunku 27</title>
    <orderedlist>
      <listitem>
	<para>Muntu wejima wenkewa ing'ovu jakuzatila hamu mukutwala chisemwa cawu kumbidi mwilung'a nunakushakamawu nikunoma nawu chinakuyikwasha.</para>
      </listitem>
      <listitem>
	<para>(missing)</para>
      </listitem>
    </orderedlist>
  </article>
  <article number="28">
    <title>Chikunku 28</title>
    <para>Muntu wejima wenkewa ing'ovu muchihandilu chindi mwitung'a. Muntu wejima wenkewa ing'ovu jakumona nindi ichi chitiyang'enu chamukayi kejima anachinjikiji muchihandilu chindi.</para>
  </article>
  <article number="29">
    <title>Chikunku 29</title>
    <orderedlist>
      <listitem>
	<para>Muntu wejima wekala namudimu wakumona nindi yuma yinakuya kumbidi mwilung'a munakushakamayi.</para>
      </listitem>
      <listitem>
	<para>Mukuzatisha ing'ovu jamwinkawu muntu, muntu wejima wakazatila hamu ni antu lenkawu ing'ovu jakuyula akwawu mukuking'a nikulemesha inshimbi jawuntu mwilung'a dawu.</para>
      </listitem>
      <listitem>
	<para>Iji nshimbi hijatela kuzatishewa munjila yabula kulong'a nakwesekana nanshimbi jawaka United Nations.</para>
      </listitem>
    </orderedlist>
  </article>
  <article number="30">
    <title>Chikunku 30</title>
    <para>Iji nshimbi hijatela kuluwang'eshaku mwitung'a hela muntu mukukeng'a kujikisa muijila yidi yejima.</para>
  </article>
</udhr>
