<?xml version="1.0" encoding="UTF-8"?>

<!--© The Office of the High Commisioner for Human Rights-->

<udhr iso639-3='cbs' xml:lang='cbs' key='cbs' n='Cashinahua' xmlns="http://www.unhchr.ch/udhr">
  <title>JAVADA JUNIBUN MAl DASIBÍ AUN AKAIBUN, JATU NEMATIDUBUMAKI</title>

  <note>
    <para>10 de diciembre de 1948 anu, xanen ibu ichapa ichaxun, na jancha kenenibuki. Xanen ibu tibin javen nabu jau yuinunven, na janchadan.</para>
  </note>

  <preamble>
    <title>Preambulo</title>

    <para>Ainbu inun juni yudakuinki, yuinakamadan. Jabiaskadi xinain, pepanametidubuki, detenamemadan. Jaska xinanma, sinatakin, yuda betsa chakabu va, nuitapamisbuki. Ikunkin, yuikin, xinain, xinan pepamisbuki, dateamadan.</para>
    <para>Detenamekatsi ikama, xanen ibubun jancha pepa jau chibanunbunven. Javen nabu jivea pepa uinmatidubuki. Dasibi jau medabenamenunbunven, jaibunameidan.</para>
    <para>Yudabu dasibi pepa xinain, juni inun ainbu jau dua vanunbunven, jabiaskadi vakinan. Yuda dasibi pe jivenunbunan. Jaska xinankin, xanen ibun javen nabu pepa vakatsi imiski.</para>
    <para>Jaskaven taexun, yuda dasibibun unayan, xanen ibubu ichapa ichaxun, na jancha kenenibuki.</para>
  </preamble>

  <article number="1">
    <title>Artículo 1</title>
    <para>Yudabu dasibi jabiaskadi akin, xinantidubuki. Javen taea jau jaibunamenunbunven.</para>
  </article>

  <article number="2">
    <title>Artículo 2</title>
    <para>Na jancha dasibibun atidubuki, yuda mexupabu, yuda taxipabu, yuda juxupabu jusia, jancha betsa betsapabu, ikuain betsa betsapabu, baiyabu, baiumabu, jene betsa betsapaven jiveabu, bekex betsa betsapaven jiveabu, na dasibi jau duanamenunbunven, jabiaskadi vaidan.</para>
  </article>

  <article number="3">
    <title>Artículo 3</title>
    <para>Dasibi unanuma maniabun, juni betsa betsapan jau nemayamanunbunven.</para>
  </article>

  <article number="4">
    <title>Artículo 4</title>
    <para>Tsumavakin, dayamakin, java inamadan, chakabuki. Jau nemanunbunven.</para>
  </article>

  <article number="5">
    <title>Artículo 5</title>
    <para>Ichakanika chakabuki. Jau nemanunbunven.</para>
  </article>

  <article number="6">
    <title>Artículo 6</title>
    <para>Gobierno xanen ibubun yudabu dasibi jau dua vanunbunven, jabiaskadidan, javen jaibu bestimadan.</para>
  </article>

  <article number="7">
    <title>Artículo 7</title>
    <para>Xanen ibu bexmastun jancha pepa chibanma, yudabu ichaka vaya, javen xanen ibun jau pevanunven.</para>
  </article>

  <article number="8">
    <title>Artículo 8</title>
    <para>Ichaka vaken, gobierno xanen ibubun jau medabe vanunbunven, dau vakinan.</para>
  </article>

  <article number="9">
    <title>Artículo 9</title>
    <para>Chakabu xinankin, guardiabun achixun, jau bichiyamanunbunven. Jakia pe xinankin, atiduki. Jabiaskadi achixun, mae betsanu jau nichinyamanunbunven.</para>
  </article>

  <article number="10">
    <title>Artículo 10</title>
    <para>Yuda betsan yuikin -Ja juni chakabuki -ivanan, kupimakatsi ika, gobierno xanen ibubun javen xinan pepa, ninkakin, ¿Jadatu pemen? akin, yukabaunkin, jau katununbunven, unankinan.</para>
  </article>

  <article number="11">
    <title>Artículo 11</title>
    <para>Ja dukun juni pepa xanen ibun jau uinunven. Xinanxun javen chakabu uinkin -Juni chakabuki -ixun, xinantiduki. -En peki -ixun, uinmakatsi ika, xanen ibun ja juní jau medabe vanunven.</para>
  </article>

  <article number="12">
    <title>Artículo 12</title>
    <para>Juni betsa jiveabu ichaka vatimaki. Unanma, juni betsa kidi chakabu yuitimaki. Unanma, juni betsa kidi chakabu vaken, xanen ibun jau nemanunven, medabe vakinan.</para>
  </article>

  <article number="13">
    <title>Artículo 13</title>
    <para>Janida jivekatsi iki, itiduki. Javen mae jenebaini, katiduki. Xinan ana jukatsi iki, jutiduki.</para>
  </article>

  <article number="14">
    <title>Artículo 14</title>
    <para>Javen mae anu ichaka vaya, mae betsa anu ka, janu unanuma jívetiduki.</para>
  </article>

  <article number="15">
    <title>Artículo 15</title>
    <para>Dasibi mae jayabuki. Chakabu jayamaken, xanen ibun nichintidumaki.</para>
  </article>

  <article number="16">
    <title>Artículo 16</title>
    <orderedlist>
      <listitem>
	<para>Junin ainbu eva ain vantiduki. Ainbun juni eva bene vatiduki. Ja dabe jabiaskadi itiduki.</para>
      </listitem>
      <listitem>
	<para>Ja dabe bechipainamei, beneyamiski. Bechipaiamaken, bimatimaki.</para>
      </listitem>
      <listitem>
	<para>Javen nabubes jivea, peki. Javen nabuuma, unanuma jivetidubumaki. Javen nabu xanen ibun jau mekenunven.</para>
      </listitem>
    </orderedlist>
  </article>

  <article number="17">
    <title>Artículo 17</title>
    <para>Dasibi bai jayatidubuki. Pakamaxun, gobierno jatu mebintidumaki.</para>
  </article>

  <article number="18">
    <title>Artículo 18</title>
    <para>Javada ikuankin, yuikin, yusinkin, ken vankin, juni betsa ichaka vama, itidubuki. Jau nemayamanunbunven.</para>
  </article>

  <article number="19">
    <title>Artículo 19</title>
    <para>Dasibi xinankin, javada xinankin, juni betsa ichaka vama, yuitidubuki. Xanen ibubun jau nemayamanunbunven.</para>
  </article>

  <article number="20">
    <title>Artículo 20</title>
    <para>Ikatsi iki, dasibi ichatidubuki. Ikatsi ikamaken, jatu icha vayamanunbunven.</para>
  </article>

  <article number="21">
    <title>Artículo 21</title>
    <para>Mae tibi anu, dasibibun javen xanen ibu jau kabenunbunven. Xanen ibubun yuda tibi jau medabe vanunbunven, jabiaskadi vakinan.</para>
  </article>

  <article number="22">
    <title>Artículo 22</title>
    <para>Juni yusinan inun juni dauya inankin, padanaibu nemakin, xanen ibubun yuda tibi jau medabe vanunbunven. Jaskaven taea unanuma dasibi evatidubuki.</para>
  </article>

  <article number="23">
    <title>Artículo 23</title>
    <orderedlist>
      <listitem>
	<para>Dasibi jau dayanunbunven. Javada dayakatsi iki, itidubuki. Daya jayamaken, xanen ibu akin, dayamatidubuki.'</para>
      </listitem>
      <listitem>
	<para>Juni dabe jabias dayaken, jabiaskadi jau pakanunven, padanmadan.</para>
      </listitem>
      <listitem>
	<para>Javada bikatsi ikin, bia, javen daya pei ikamaken, chakabuki. Xanen ibubun jau medabe vanunbunven.</para>
      </listitem>
      <listitem>
	<para>Akatsi ikin, Cooperativo icha vatidubuki.</para>
      </listitem>
    </orderedlist>
  </article>

  <article number="24">
    <title>Artículo 24</title>
    <para>Dasibi beyustidubuki, dayabestimadan.</para>
  </article>

  <article number="25">
    <title>Artículo 25</title>
    <orderedlist>
      <listitem>
	<para>Piti inun, tadi inun, jive inun, dau inun, yusinanan, dasibi bikatsi ikaibun, jayamaken, xanen ibubun jau medabe vanunbunven.</para>
      </listitem>
      <listitem>
	<para>Ainbu bakeya xanen ibubun pepa vakin, jau medabe vanunbunven.</para>
      </listitem>
    </orderedlist>
  </article>

  <article number="26">
    <title>Artículo 26</title>
    <para>Dasibi escuelanu butidubuki. Bakemixtibu escuelanu jau bununbunven, pakamadan. Dasibitun kene pe jaida vai, escuela anua evatiduki. Keneama, ana escuelanu jikitidubumaki. Juni betsa dua vakín, escuelanu jau tapinunbunven jaibu keskaidan.</para>
  </article>

  <article number="27">
    <title>Artículo 27</title>
    <orderedlist>
      <listitem>
	<para>Javen nabu ichaya, dasibi ichatidubuki. Juni bestichai nematidubumaki.</para>
      </listitem>
      <listitem>
	<para>Javada junin akin, javen pepa javenaki. Juni betsan jau yumetsuyamanunven.</para>
      </listitem>
    </orderedlist>
  </article>

  <article number="28">
    <title>Artículo 28</title>
    <para>Jaska na jancha yuia, janida unanuma jivekin, dasibi bikatsis ikikiki.</para>
  </article>

  <article number="29">
    <title>Artículo 29</title>
    <orderedlist>
      <listitem>
	<para>Dasibi javen mae jau dayaxununbunven.</para>
      </listitem>
      <listitem>
	<para>Javada akin, juni betsa jau ichaka vayamanunbunven.</para>
      </listitem>
      <listitem>
	<para>Xanen ibubu ichaxun, yuiniken, ninkaxun, chakabu jau vayamanunbunven.</para>
      </listitem>
    </orderedlist>
  </article>

  <article number="30">
    <title>Artículo 30</title>
    <para>Na jancha ninkaxun -En ichaka vatiduki -ivanan jau xinanyamanunbunven.</para>
  </article>
</udhr>
