<?xml version="1.0" encoding="UTF-8"?>

<!--© The Office of the High Commisioner for Human Rights-->

<udhr iso639-3="oki" xml:lang="oki" key="oki" n="Okiek" xmlns="http://www.unhchr.ch/udhr">
   <title>IMANDAP KIPKOSOBEI EN NGWONDUINI</title>
   <preamble>
      <title>Yatet</title>
      <para>En kosipet nepo kongit nebo keny ak imandap kipkosopei, ko togol kogergei ak chomiet en nguony. En kanyalet ak sosisyet chebo kipkosopei kogoibor otepto neberber ne kogoyait oteptop kipkosopei ko en iyon komuoe kasetap logoywek kaap ngoony kole nyolu kogerchi imanda nemuen kei en kayanet isomuei omu chon togol kogigemwa kele imanda nepo chitogol.</para>
      <para>En agopo torchinet, komagikonya chi kosomei toretet keeso konyolisyet ak weket, ko en lyon konyolu komi chi ngwonyitop ripset</para>
      <para>En agopo torchinet nyolu choruadit kotestai ak emotinuek.</para>
      <para>En agapo piik chenomu ngwony,kogoyosin kokeny en kayanet nyuwan kole imandap keny, kongit ak nyigisindop kipkosepei kole en imandap chitogol,ingogergeit imanit en murenik ak tiepiosok,ko en agopo agotilsin ngolyot ak otepto nesingoi nepo koi keny.</para>
      <para>En agopo emotinuek chugigonam gei, komwa kole kosiniet taap emet nenomu ngwony,konyolu kerip ak kegonyit imandaap piik chesoptos ak sopenyin.</para>
      <para>En agopo kosipetap imanit,konyolu kotestai keribei ngotutiet nono. Agemwai nguondut kele nyolu kesip imandaap kipkosopei en ngwony,otko non tieyuot taap kogilet taap emet taap ngwony komugul,ko chii ak kipkaita agetogol,konomndechi ngolyonon kipkoy.kogilgei konet key ngolyot taap imanda ak katiagetap kei.</para>
      <para>En iyon,emotinuek togol kogilgei kosip imanda,isonayaak en emotinuek chugigonam gei ak emotinuek chenomu.</para>
   </preamble>
   <article number="1">
      <title>Ngongutiet tap Tai</title>
      <para>Piik togol kosigotiik en katiagetapkei koguyet ak imandanyuwan koyuyosin togol kogigigochi ngomnotet ak koperuret en iyon konyolu koyochigei oteptop tupchondit.</para>
   </article>
   <article number="2">
      <title>Ngongutietap Oeng</title>
      <para>Chitogol komisi kosich katiaget taap kei kotiengei ngaleg togol chuagemwa en tai, komomi tengelisyet agetogol, komagisip kele ngo ngo.</para>
      <para>Emet, ngetotik, ak tiepiosok anan iyegisoen, tiemereret, kapuatet, onon iyegigisikchin chito,korubet,en yiotet onon en oretage togol.</para>
      <para>En iyon amaitegep isipegei tiemereret, kirwongnotet,onon itiengei kosiniet taapchi. Otko emet nepoyokei, emet nechomegei, nemopoyugei, onon emet negipoyuemetage en otepto agetogol.</para>
  </article>
   <article number="3">
      <title>Ngongutietatap Somok</title>
      <para>Chito agetogol kotinyei imanitaap mengisyet, imandaap katiagetap kei ak ripetoop sopenyin.</para>
   </article>
   <article number="4">
      <title>Ngongutietap Angwan</title>
      <para>Chito agetogol komagiiy koyogindet nebo koyogiik,koyoknotet ak oldoisyenyin koyetat kotogol.</para>
   </article>
   <article number="5">
      <title>Ngongutietat Mut</title>
      <para>Chito age togol komaginyalil, omogipir, amagisas ono geyochi punyondit.</para>
   </article>
   <article number="6">
      <title>Ngongutietap Lo</title>
      <para>Chito agetogol koyanat en tayitop ngotutik.</para>
   </article>
   <article number="7">
      <title>Ngongutietap Tisap</title>
      <para>Piik togol kogergey en tayitap ngotutik iso nyolji imanda.Togol kotinyey imanda kerip agopo sosisyet agetogol ag ngoliyot agetogol netotkoip sosisiyet.</para>
   </article>
   <article number="8">
      <title>Ngongutietap Sisit</title>
      <para>Chito agetogol kotinyey imanda negimwoitechin imandanyin chenyolji kotiengeg ngotutik.</para>
   </article>
   <article number="9">
      <title>Ngongutietap Sogol</title>
      <para>Chito agetogol komaginam, magigerta ono geuyis en emenyin komagisip ngotutik.</para>
   </article>
   <article number="10">
      <title>Ngongtietap Taman</title>
      <para>Chitoagetogol kotinyey imanda neititaat kerwokchi kotop kirwoknotet nepo imanda iso nimoruchin pataita agenge.</para>
   </article>
   <article number="11">
      <title>Ngongutietap Taman ak Agenge</title>
      <orderedlist>
         <listitem>
            <para>Chito agetogol negisitogoniy agopo lelutietap putetop ngotutik kotinyey imanda
negigerey komayay lelutik otkoyanag en iman en ngotutik kele kayay.</para>
         </listitem>
         <listitem>
            <para>Monyolu kenam chito age togol agopo goput ngotutik komagisip ngotutikap emenet ono chepo kipagenge chepo emotinik cheiporu gele goput ngotutikchono.</para>
         </listitem>
      </orderedlist>
   </article>
   <article number="12">
      <title>Ngongutietap Taman ak Oeng</title>
      <para>Chito agetogol komogichut ngalekchig chepo gaa,chepo piik chiik,ono chepo paronok chig, omogiputi gonginyin ag golosutik chig.Agetogol gotinyey ngotutik cheripey agopo ngaleg cheyuchon.</para>
   </article>
   <article number="13">
      <title>Ngongutietap Taman ak Somok</title>
      <orderedlist>
         <listitem>
            <para>Chito agetogol gotinyey imanit neween iyet agetogol iyemochey isomeny iyemochey en emet gotogol.</para>
         </listitem>
         <listitem>
            <para>Chito age togol gotinyey imanit gomangnda en emenyin isoyey gora en magenyin</para>
         </listitem>
      </orderedlist>
   </article>
   <article number="14">
      <title>Ngongutietap Taman ak Angwan</title>
      <orderedlist>
         <listitem>
            <para>Chito agetogol gotinyey imanda komwechi emet age agopo seretetap sergalit.</para>
         </listitem>
         <listitem>
            <para>Imanigomogisomey gopunu nyalilda nimopunu yetetap kosipetap ngotutik</para>
         </listitem>
      </orderedlist>
   </article>
   <article number="15">
      <title>Ngongutietap Taman ak Mut</title>
      <orderedlist>
         <listitem>
            <para>Chito agetogol kotinyey imanda nepo mengetop emet.</para>
         </listitem>
         <listitem>
            <para>Chito agetogol komagipaney mengongnotenyin komagisip ngotutik iso magiyetey gowis en magenyin</para>
         </listitem>
      </orderedlist>
   </article>
   <article number="16">
      <title>Ngongutietap Taman ak Lo</title>
      <orderedlist>
         <listitem>
            <para>Piik cheech,tiepiosok ak ngetotik kotinyey imanit komutkey, sotech kanyuwan komomi terchinyet agetogol. Togol kotinyey imanda negergey en gomutisyet.</para>
         </listitem>
         <listitem>
            <para>Keset ketiengey ichek chonomochey komutkey</para>
         </listitem>
         <listitem>
            <para>Koot kopogomonut en emet nepo piik,nyolji koriip pig ag sergalit</para>
         </listitem>
      </orderedlist>
   </article>
   <article number="17">
      <title>Ngongutietap Taman ak Tisap</title>
      <orderedlist>
         <listitem>
            <para>Chito agetogol gotinyey imanda nepo gurpetnyin inegey ono goganamkey ag piik alag.</para>
         </listitem>
         <listitem>
            <para>Magipaney chito kurpenyin gomagisip ngotutik.</para>
         </listitem>
      </orderedlist>
   </article>
   <article number="18">
      <title>Ngongutietap taman ak sisit</title>
      <para>Chito agetogol kotichey imanda nepo katiagetap, kopuotutik,saet, imanigotinyey kora gatiagetap waletap saet.</para>
   </article>
   <article number="19">
      <title>Ngongutietap Taman ak Sogol</title>
      <para>Chito agetogol kotinyey katiaget komwa kopwotutik chig,imuch kora kotononey kopootutikchig,komogichut chito agetogol.</para>
   </article>
   <article number="20">
      <title>Ngongutietap Tomonwogig Oeng</title>
      <orderedlist>
          <listitem>
            <para>Chito agetogol gotinyey imanda kowo tuyietap chamait agopo ngalegap kaliet.</para>
         </listitem>
         <listitem>
            <para>Chito agetogol komogisiimji kopunji chamait agetogol.</para>
         </listitem>
     </orderedlist>
   </article>
   <article number="21">
      <title>Ngongutietap Tomonwogig Oeng ak Agenge</title>
      <orderedlist>
         <listitem>
            <para>Chito agetogol kotinyey imanda kochut sergalitap emenyin, inegey ono en oretap koyogindet,nigilewen inegey</para>
         </listitem>
         <listitem>
            <para>Chito agetogolkotinyey imanda koyay gasit en sergalit, mogitichu komageporu en lewenisiet, nepo iman negiyoyey gasarta age togol nepirey agetogol gura.</para>
         </listitem>
         <listitem>
            <para>Mogutikap piik kochon cheipo isosip sergalit.</para>
         </listitem>
      </orderedlist>
   </article>
   <article number="22">
      <title>Ngongutietap Tomonwogig Oeng ak Oeng</title>
      <para>Chito agetogol nepo emoni kotinyey imanit nepo ripet en oratinik togol chepo yoindo kopuni toretetop sergalinyin ak emotinik chegoituyogei. Tinye imanitop kurpet togol chebo emenyin ak tesetaptai nenyinet</para>
   </article>
   <article number="23">
      <title>Ngongutietap Tomonwogig Oeng ak Somok</title>
      <orderedlist>
         <listitem>
            <para>Chito agetogol kotinyey imanda koyay gasit, kolewen gasit nechomey, isotinyey imanda kerip komagosan gasit.</para>
         </listitem>
         <listitem>
            <para>Chito agetogol kotinyey imanda kegochi mushara negergey ag nepoeng komagitengel</para>
         </listitem>
         <listitem>
            <para>Chii agetogol neyoyey gasit kotinyey imanda kelipan ropinik cheimuchey kotoretey key ag logogchi, isosich otepto nesingoy.</para>
         </listitem>
         <listitem>
            <para>Chito agetogol kotinyey imandakotoy ono kochut chamait agetogol nepo piikap kasit agopo ripetop imanda nenyuwan nepo gasit.</para>
         </listitem>
      </orderedlist>
   </article>
   <article number="24">
      <title>Ngongutietap Tomonwogig Oeng ak Angwan</title>
      <para>Chito agetogol kotinyey imanda kosich otepto nesingoy inegey ag gainyin kopoto logogchig, isosich omndit,oguroig,koot ag konyoiset. Tiepiosok ag logog konyolji ripet isegochi toretet neititaat.</para>
   </article>
   <article number="25">
      <title>Ngongutietap Tomonwogig Oeng ak Mut</title>
      <orderedlist>
         <listitem>
            <para>Chito agetogol kotinyey imanda komuny soyay gasit en saisyek chenyolunotin.Tinyey imanda kegochi ruset isonam ropisiek koyu iyon komi gasit.</para>
         </listitem>
         <listitem>
            <para>Tiepiosok ak logok konyolgi ripet nesingoy ak toretet.logog togol, chegigisich en oritap komutisiet ono sang, konyolgi ripet negergey.</para>
         </listitem>
      </orderedlist>
   </article>
   <article number="26">
      <title>Ngongutietap Tomonwogig Oeng ak Lo</title>
      <orderedlist>
         <listitem>
            <para>Chito agetogol kotinye imanda nepo somanet. Somanet konyolu kopo galeg chepo ngwony .Somanetap tekset kopunji togol.</para>
         </listitem>
         <listitem>
            <para>Somanet kenet agopo tesetap tay nepo kipkosopey ag, ripetapimandap kipkosopey. Somanet koipu chomyet, nayetap key en pigap emotinik chetersin ag piik togol.</para>
         </listitem>
         <listitem>
            <para>Sigig kotinyey imanit kolewen agopo somanet neginetey logogchuwag.</para>
         </listitem>
      </orderedlist>
   </article>
   <article number="27">
      <title>Ngongutietap Tomonwogig Oeng ak Tisap</title>
      <orderedlist>
         <listitem>
            <para>Chito agetogol kotinyey imanda kochutkey ag gotet agetogol, tinyey imanda kongerekchi gasit isochut tesetap tay nepo ngalechono.</para>
         </listitem>
         <listitem>
            <para>Chito agetogol kotinyey imanda nepo ripet agopo ngalek, chigasir, chegaipuat ono chigoisior.</para>
         </listitem>
      </orderedlist>
   </article>
   <article number="28">
      <title>Ngongutietap Tomonwogig Oeng ak Sisit</title>
      <para>Imanda gorip agetogol ngotutik chepo emet kosipey key kinemwoey ngotutichon.</para>
   </article>
   <article number="29">
      <title>Ngongutietap Tomonwogig Oeng ak Sogol</title>
      <orderedlist>
         <listitem>
            <para>Chito agetogol konyolu kotoret piik omu nono neimuchey koip tesetapkey nenyinet ag otepto nesingoy.</para>
         </listitem>
         <listitem>
            <para>Nyolji chii agetogol kosip ngotutik chesirotin en emet agopo ripetap oteptanyin, ag gongit.</para>
         </listitem>
         <listitem>
            <para>Katiagani ag imanda komogipoisey en oret nimoisipiy ngotutikap kipange nepo emotinik.</para>
         </listitem>
      </orderedlist>
   </article>
   <article number="30">
      <title>Ngongutietap Tomonwogig Somok</title>
      <para>Momiten ngalek alag togol en ngotutichu che iyonjin emet, piik ono chito agetogol koput ngotutichu ono maget neputey ngotutichu.</para>
   </article>
</udhr>




