<?xml version="1.0" encoding="UTF-8"?>

<!--© The Office of the High Commisioner for Human Rights-->

<udhr iso639-3='nym' xml:lang='nym' key='nym' n='Nyamwezi' xmlns="http://www.unhchr.ch/udhr">
  <title>IHANO LYA MAHANGA LYA HAKI YA BANHU</title>
  <note>
    <para>WANDYO</para>
    <para>Tarehe 18 Desemba 1948, Ibanza lya Mahanga lyatula lya Mahanga lya Haki ja banhu lya bahenga aha Bulugu wa I na wa II wa muwelelo wamala.</para>
    <para>Ibanza linilo lyalagiliaj kul’insi iyo yilonga kulisambaja ku banhu bse balibone, balisome, basomelwe, balisomele, balisambaje mu mashule, uko buhangagwe bila kwangalila siyasa n’ishi umo yujilaga.</para>
    <para>Nhambi ya Malagilo na Haki ja Banhu Tanzania chafunya kitabu kiniki ku nguno ya kwangalila na kubona lilifwatwa na kulabandwa na banhu, selekali na mashilika.</para>
    <para>Ibanza lya Mahanga lyatangaja kubi banhu bose bubyalagwa na haki zilinganelile. I haki jiniji zimanichage, ja kuwako, zilangaje ku banhu bose.</para>
    <para>Kofi Annan</para>
    <para>Secretary General</para>
  </note>
  <preamble>
    <title/>
    <para>NGUNO Ubumanicha kubi banhu bose balin’ikujo na haki ja bulinganile hu chandyo cha kwiyagalula, kwenha haki na lubango,</para>
    <para>NGUNO ukwihugija na kuleka kulondalonga haki ja banhu huko kwenheleja mashito magakanazu ga kudacha na kumala masala banhu kukoba welelo i ya banhu bose balabi na buyegi wa kwiyagalula, kuyomba, kwinja boba na kupandika shose isho bushikobaga,</para>
    <para>NGUNO giki ulu abanhu bakasaziwagwa kuhaya basole mashilanga kuzitula bushimba, kulema kwibonelwa na bahanya ba nsi Ilagilo lya Nsi lilabade haki jabo,</para>
    <para>NGUNO kinhu kihannya hu kubejja na kukuja bunwani na nsi zingi,</para>
    <para>NGUNO u ng’w’Ilagilo banhu ba mahanga bizunilija giki i haki ja banhu n’ikujo lyabo, haki ja bulinganile la bakima na bagosha hu kuzenga na kukuja kilendele na kwiyagalula,</para>
    <para>NGUNO ndi banachana hakimo na Mahanga balagana kwenha ikujo mu welelo na kwenha haki na wiyagaluzi,</para>
    <para>NGUNO banhu bose kumanicha wiyagalule na haki jinijo hu kinhu cha kwendya umu kuzimanicha kisoga na malagilo genayo.</para>
    <para>Whisho lulu,</para>
    <para>Ibanza la Mahanga lilitangaja</para>
    <para>Ihano lya Welelo Yose</para>
    <para>Lya haki ja Banhu</para>
    <para>Kubi nzila ya banhu na nsi jose mpaga ng’wene na kila kinhu buli lushiku wihande kulisoma ku nguno ya kweneja ikujo, haki na wiyagalule ng’wihanga na mu welelo mpaga bana welelo balizunye kulilonda na nsi banachama bali mgati najo bose balimane.</para>
  </preamble>
  <article number="1">
    <title>IGELE LYA 1</title>
    <para>Banhu bose bubyalagwa biyagalulile, n’ikujo haki zilenganelile.</para>
  </article>
  <article number="2">
    <title>Banhu bose bina masala na wiganiki, hu kuyomba ihayilwe bitogwe giti bana ba mbyazi bumo.</title>
    <para>IGELE LYA 2</para>
    <para>Kila munhu, bila kukomanyiwa luganda, ikoba, bubyalwa, lulimi lwakwe, dini, kitemele cha nsi yakwe nulu kiganikile kingi sh’ihanga uko afumile, wabyalilwe, busabi nulu umo ali, wina wiyagalule na haki jose ijo jandikwa u ng’w’Ihano linilo.</para>
  </article>
  <article number="3">
    <title>Hangi giki, kukize kubi busolaniwa ku nzila ja butemi wa nsi yi bi yitabalile ninga yitabalilwe.</title>
    <para>IGELE LYA 3</para>
  </article>
  <article number="4">
    <title>Kila munhu wina haki ya bupanga na wa wiyagalule wa kwikala na lubango.</title>
    <para>IGELE LYA 4</para>
  </article>
  <article number="5">
    <title>Nduhu munhu kusesekwa nulu kuding’wa busese ku nguno kuguja basese nulu kuseseka kulemejiwe.</title>
    <para>IGELE LYA 5</para>
  </article>
  <article number="6">
    <title>Imelejiwe munhu kuduchiwa nulu kwingiziw’ ikujo.</title>
    <para>IGELE LYA 6</para>
  </article>
  <article number="7">
    <title>Kila munhu ng’w’Ihano lya Nsi wina haki ya kupiw’ikujo</title>
    <para>IGELE LYA 7</para>
  </article>
  <article number="8">
    <title>Banhu bose ng’w’Ihano lya Nsi bina haki ja kulabandwa bila kubagulwa. Bose bila haki ya kulabadwa, bakalumiziwe ku nguno ya kubagulwa na na kukil’Ihano nulu kusolanyiwa ulu balibagulwa.</title>
    <para>IGELE LYA 8</para>
  </article>
  <article number="9">
    <title>Kila munhu ali na haki ya kulipwa n’ibanza la nsi yakwe ulu witilwa mashito ga kung’wigij’ ikujo na haki ijo jandikwa na Ihano lya Nsi yakwe.</title>
    <para>IGELE LYA 9</para>
  </article>
  <article number="10">
    <title>Nduhu munu alenheleziwe kutungwa, kutulwa mu lganda nulu kupeziwa mu nsi yakwe.</title>
    <para>IGELE LYA 10</para>
  </article>
  <article number="11">
    <title>Kila munhu wina haki ya kudegelekwa na kuyangulwa n’Ibanza ku shito isho wanshidakilwa.</title>
    <orderedlist>
      <listitem>
	<para>IGELE LYA 11</para>
      </listitem>
      <listitem>
	<para>Kila munhu uyo washidakwa adegelekwe. Ibanza hilo lyuhaya wahuba nulu akahubile.</para>
      </listitem>
    </orderedlist>
  </article>
  <article number="12">
    <title>2. Nduhu munhu ubaziwagwa wahuba kufuma nisho washidakilwa nulu kwita mashito ayo gakahayilwe kubi buhubi u mu luganda lwa nsi nulu mahanga aho alihubila nulu kukenagula.</title>
    <para>IGELE LYA 12</para>
  </article>
  <article number="13">
    <title>Nduhu munhu uyo akibolile kwingililwa sagala mu wi bisilo, bugudu, kaya yakwe, abo uyombaga nabo, nulu kung’wingij’ikujo. Kila munhu wina haki ya kulabandwa na Ilagilo lya Nsi.</title>
    <orderedlist>
      <listitem>
	<para>IGELE LYA 13</para>
      </listitem>
      <listitem>
	<para>Munhu wina haki ya kuja uko alihaya mu nsi yakwe na kuzenga haho habi mu nsi yakwe</para>
      </listitem>
    </orderedlist>
  </article>
  <article number="14">
    <title>2. Muunhu wina haki ya kwinga mu nsi yoseyose ninga yakwe na kushoka mo hangi</title>
    <orderedlist>
      <listitem>
	<para>IGELE LYA 14</para>
      </listitem>
      <listitem>
	<para>Kila munhu wina haki ya kupelela nsi yingi ulu watulagwa akabulagwe.</para>
      </listitem>
    </orderedlist>
  </article>
  <article number="15">
    <title>IGELE LYA 15</title>
    <orderedlist>
      <listitem>
	<para>Kila munhu wina haki ya kubi na nsi.</para>
      </listitem>
      <listitem>
	<para>Kudihu munhu, ku nzila ya kwibonelwa, alapenziwe mu nsi yakwe nulu alemeziwe kukaba nsi.</para>
      </listitem>
    </orderedlist>
  </article>
  <article number="16">
    <title>IGELE LYA 16</title>
    <orderedlist>
      <listitem>
	<para>Bakina na bagosha ba mishimo mihanya, bila kutuliwa lubimbi lw’ikioba, dini nulu luhanga, bina haki ya kwitola na kwileka.</para>
      </listitem>
      <listitem>
	<para>Winga bulatungwe duhu ulu bitozi bizunilija boyi basaba.</para>
      </listitem>
      <listitem>
	<para>Kaya hu shigelo sha kwandya kutunda chalo. Kaya yiniyi ikuziwe.</para>
      </listitem>
    </orderedlist>
  </article>
  <article number="17">
    <title>IGELE LYA 17</title>
    <orderedlist>
      <listitem>
	<para>Kila munhu wina haki ya kubi na nsabo yakwe ng’winikili na ya lusangi</para>
      </listitem>
      <listitem>
	<para>nduhu munhu alataziwe nsabo yakwe bila nguno.</para>
      </listitem>
    </orderedlist>
  </article>
  <article number="18">
    <title>IGELE LYA 18</title>
    <para>Kila munhu wina wiyagalule wa kwiganika, buhuguku na dini; haki yiniyo yili hakimo na wiyagalule wa kusagula na kukaba dini, winene nulu mu luganda, wibise nungu ng’wikungu. Akalemeziwe kwisenga umo alihayila.</para>
  </article>
  <article number="19">
    <title>IGELE LYA 19</title>
    <para>Kila munhu wina wiyagalule wa kuyomba isho aliganika bila kwingililwa na munhu bungi, kubokela na kusambaja mhola na miganika ga bangi ku nzila ya kwandika na kutangaja.</para>
  </article>
  <article number="20">
    <title>IGELE LYA 20</title>
    <orderedlist>
      <listitem>
	<para>Kila munhu ali na haki kusanja na biye mu lubango.</para>
      </listitem>
      <listitem>
	<para>Nduhu munhu uyo alagaganiziwe kusanja na bangi.</para>
      </listitem>
    </orderedlist>
  </article>
  <article number="21">
    <title>IGELE LYA 21</title>
    <orderedlist>
      <listitem>
	<para>Kila munhu wina haki ya kubi mu selekali ya nsi yakwe weyi msaba nulu kubitila ku bangi.</para>
      </listitem>
      <listitem>
	<para>Kila munhu wina haki ya kutumamilwa na nsi yakwe.</para>
      </listitem>
      <listitem>
	<para>U butogwi wa banhu hu ng’hingi ya selekali. Butogwi bunubu bulisombole mu nzila ya nhana ya welelo ya kusagula bakilongozi ku wibisa nulu mu nzila zingi ja wikole na yiniyo.</para>
      </listitem>
    </orderedlist>
  </article>
  <article number="22">
    <title>IGELE LYA 22</title>
    <para>Kila ng’wene mu kaya ina haki ya kulabadwa na kupiwa nsabo ja nsi kubitila wizunilija wa nsi na mahanga gose hu aweje kuhangama.</para>
  </article>
  <article number="23">
    <title>IGELE LYA 23</title>
    <orderedlist>
      <listitem>
	<para>Kila munhu ali na haki ya wiyagalule wa kusagula na kutumama mlimo ugo atogilwe, na haki ya kutumamila hasoga, kupiwa mafayo gangi na kulabadwa ulu wagayiwa milimo.</para>
      </listitem>
      <listitem>
	<para>Kila munhu, bila ya kubagulwa, alina haki ya kulipwa kuliganija na mlimo ugo alitumama.</para>
      </listitem>
      <listitem>
	<para>Kila mtumami, bila ya kubagulwa, wina haki ya kulipwa mafayo ga kumtosha weyi na kaya yakwe, kump’ikujo mu banhu hakimo na kongeziwa mafayo ga mzengo.</para>
      </listitem>
      <listitem>
	<para>Kila munhu wina haki ya kwibilinga na biye ku nguno ya kulabada mafayo gakwe.</para>
      </listitem>
    </orderedlist>
  </article>
  <article number="24">
    <title>IGELE LYA 24</title>
    <para>Kila munhu wina haki ya kwisuhya na kuyega hakimo na kupandika ninga ya kwisuhya na ninga ya kulipwa.</para>
  </article>
  <article number="25">
    <title>IGELE LYA 25</title>
    <orderedlist>
      <listitem>
	<para>Kila munhu wina haki ya kwikala hasoga ku nguno ya buhozu na bupanga wake, kupandika shiliwam kuzwala, kwilaka, kulagulwa na kupiwa mafayo gangi, kusungwa ulu akina milimo, ulu walwala, walwmala, wananhaluka, wafilwa nke nulu ngoshi wake, ninga wagayiwanzila zingi ja kwisunga msaba ijo azimanelile</para>
      </listitem>
      <listitem>
	<para>Babyazi na bana basungwe, bana ba bukwelwe nabo abo bakakwelilwe, bose bina haki ya kusungwa.</para>
      </listitem>
    </orderedlist>
  </article>
  <article number="26">
    <title>IGELE LYA 26</title>
    <orderedlist>
      <listitem>
	<para>Banhu bose bina haki ya kulangwa ilimu lya kwandya bule na ilimu yiniyi ibi ya bose. Ilimu ya bufundi, sayansi na butalamu.</para>
      </listitem>
      <listitem>
	<para>Ilimu ilolekeziwe kukuja bunhu, kuzenga haki na wiyagalule, kwelelwa, kubi na moyo na kwenha bunwani mugati na mahanga na kukuja lubango</para>
      </listitem>
      <listitem>
	<para>Babyazi bali na haki ya kwandya kubasagulila bana babo ilimu iyo baliihaya.</para>
      </listitem>
    </orderedlist>
  </article>
  <article number="27">
    <title>IGELE LYA 27</title>
    <orderedlist>
      <listitem>
	<para>Kila munhu wina haki kubi ng’wikungu na kulya na biye shisumo sha luganda na maendeleyo ga sayansi.</para>
      </listitem>
      <listitem>
	<para>Kila munhu wina haki ya kulabadilwa i shikolo isho wabenja, kusula, kutwja ku nzila ya kwiganika, sayansi ninga kwandika.</para>
      </listitem>
    </orderedlist>
  </article>
  <article number="28">
    <title>IGELE LYA 28</title>
    <para>Kila munhu apiwe haki na wiyagalule giti umo Ihano linili lilihaya.</para>
  </article>
  <article number="29">
    <title>IGELE LYA 29</title>
    <orderedlist>
      <listitem>
	<para>Kila munhu atutumalile lugana umo maendeleyo gakwe winene gawegije kwigela.</para>
      </listitem>
      <listitem>
	<para>Kupandika haki na wayagalule bunubu, kila munhu adedehanye iyo yandikwa ng’w’ Ihano kuwezakwipa na kubapa biye ikujo na wiyagaule.</para>
      </listitem>
      <listitem>
	<para>Haki na wiyagaule w’Ilagilo linili, ku nzile yoseyose, bukiz’ufunziwa numa numo yahyilwa na Mahanga.</para>
      </listitem>
    </orderedlist>
  </article>
  <article number="30">
    <title>IGELE LYA 30</title>
    <para>Nduhu nsi, luganda nulu munhu alatumile il’Ihano linili kukenanga haki na wiyagalule ubo wabalwa ng’w’Ihano linili.</para>
  </article>
</udhr>
