<?xml version="1.0" encoding="UTF-8"?>

<!--© The Office of the High Commisioner for Human Rights-->

<udhr iso639-3='kbd' xml:lang='kbd' key='kbd' n='Kabardian' xmlns="http://www.unhchr.ch/udhr">
   <title>Цӏыху Хуэфащэхэм Теухуа Дунейпсо Джэпсалъэ</title>
   <note>
      <para>Дунейпсо къэрал зэгухьэныгъэм и зэхуэсу 1948 гъэм дыгъэгъазэм и 10-м щыӏам къыщащтащ 217 А (III) зи бжыгъэ унафэмкӏэ.</para>
   </note>
   <preamble>
      <para>Дунейпсо Къэрал Зэгухьэныгъэм (ДКъЗ) и Зэхуэсым егъэӏур;</para>
      <para>Дунейпсо цӏыхугъэм къыхиубыдэ дэтхэнэ зы цӏыхури зэгухьэныгъэри;</para>
      <para>мы джэпсалъэр сытым щыгъуи я нэгум щӏагъэтурэ мыбы къыщыхэщ цӏыху хуэфащэхэмрэ хуитыныгъэхэмрэ я нэӏэ зэрытрагъэтым, хуащӏ лъытэныгъэм егъэджэныгъэ-гъэсэныгъэ гъуэгукӏэ зрагъэужьыну;</para>
      <para>хэгъэгу кӏуэцӏхэми дунейпсоми кӏуэхукӏэ нэхъри зыщызужь амалхэр зыхуагъэщхьэпэурэ мы зэгухьэныгъэшхуэм хэт къэралхэм езым я лъэпкъхэри, я унафэм щӏагъэт нэгъуэщӏ къэралхэм я лъэпкъхэри къызэщӏиубыдэу, дунейпсом и дэнэ щӏыпӏи мы цӏыху хуэфащэхэмрэ хуитыныгъэхэмрэ лъэщу щызрагъэкӏуэным, къыщащтэным, щагъэзэщӏэным хущӏэкъунхэу,</para>
      <para>цӏыху хуэфащэхэм теухуауэ жылагъуэхэми лъэпкъхэми я зэхуэдэ идеал щапхъэхэр къэзыгъэув мы дунейпсо джэпсалъэр.</para>
   </preamble>
   <article number="1">
      <title>1-нэ пычыгъуэ</title>
      <para>Цӏыху псори щхьэхуиту, я щӏыхьымрэ я хуэфащэхэмрэкӏэ зэхуэдэу къалъхур. Акъылрэ зэхэщӏыкӏ гъуазэрэ яӏэщи, зыр зым зэкъуэш зэхащІэ яку дэлъу зэхущытын хуейхэщ.</para>
   </article>
   <article number="2">
      <title>2-нэ пычыгъуэ</title>
      <para>Дэтхэнэ зы цӏыхури зэхуэдэу хуитщ мы джэпсалъэм хэт цІыху хуэфащэхэмрэ хуитыныгъэхэмрэ зыхуигъэщхьэпэну, зыщыщ расэм, и фэм, цӏыхубз-цӏыхухъуу зэрыщытым, и бзэм, иӏыгъ диным, политичнэ е нэгъуэщӏ еплъыкӏэу иӏэм, лъэпкъыу е цӏыху гупу къызыхэкӏам, мылъкуу иӏэм, къыщалъхуа-къыздалъхуам емылъытауэ зэхэгъэжыншэу, хуэгъэкӏуэтэныгъэншэу.</para>
       <para>Къинэмыщӏауэ, къэрал щхьэхуити, нэгъуэщӏым и унафэ щӏэти, щхьэхуитыжныгъэ (автономие) зимыӏи, нэгъуэщӏу зы щхьэхуитыныгъэ лъахъэ зытелъи, сыт хуэдэрей къэралым и цӏыхуу щытми дэтхэнэ зы цӏыхум зэхэгъэжныгъэ хуащӏ хъунукъым зыщыщ къэралым и политичнэ е юридическэ системэ е дунейпсо къэралхэм я зэхуакум щиӏэ статусым къыхэкӏыу.</para>
  </article>
   <article number="3">
      <title>3-нэ пычыгъуэ</title>
      <para>Псэуныр, щхьэхуитыныр, шынагъуэншагъэр хэти и хуэфащэщ.</para>
   </article>
   <article number="4">
      <title>4-нэ пычыгъуэ</title>
      <para>Хэти пщылӏыу плъытэ е пщӏылӏыпӏэ ибгъэт хъунукъым, сыт хуэдэ щӏыкӏэуи пщылӏыгъэр, пщылӏ щэн-къэщэхуныр зыми хуэбдэ мыхъуну къуэдыщ.</para>
   </article>
   <article number="5">
      <title>5-нэ пычыгъуэ</title>
      <para>Хэти лъэщыгъэ епхьэлӏэ хъунукъым, залымыгъэкӏэ, цӏыхугъэм къемызэгъу е и напэр зыгъэулъиин хуэдэкӏэ удэзекӏуэ, апхуэдэ тезыр теплъхьэ хъунукъым.</para>
   </article>
   <article number="6">
      <title>6-нэ пычыгъуэ</title>
      <para>Хэти хуэфащэщ дэнэ щӏыпӏи цӏыхуу, юридическэ лицоуэ къыщалъытэну.</para>
   </article>
   <article number="7">
      <title>7-нэ пычыгъуэ</title>
      <para>Дэтхэнэ зы цӏыхури къэрал хабзэм и пащхьэ щызэхуэдэщ икӏи къэрал хабзэм  къэхъумэныгъэхэр зэхэгъэжыншэу, я зэхуэдэу зыхуагъэщхьэпэну хуитщ.  зэхэгъэжыншэу, зэхуэдэу хуэфащэщ мы джэпсалъэм къемызэгъ, зэхэгъэж зыхэлъ ІуэхущІафэхэми, апхуэдэ ІуэхущІафэм сыт хуэдэуи тегъэгушхуэнми къыщахъумэну.</para>
   </article>
   <article number="8">
      <title>8-нэ пычыгъуэ</title>
      <para>Дэтхэнэ зы цӏыхум хуитыныгъэ иІэщ хабзэ нэхъыщхьэм е къэрал хабзэм къырипэс цІыху хуэфащэхэр зыкъутэ ІуэхущІафэ къыщыхъукІэ хуитыныгъэ зиІэ хеящІэхэм зыхуигъэзэну, зыкъригъэхъумэну.</para>
   </article>
   <article number="9">
      <title>9-нэ пычыгъуэ</title>
      <para>Дэтхэнэ зы цӏыхури лажьэ имыІэу яубыд, ягъэтІыс е егъэзыгъэкІэ нэгъуэщІ щІыпІэ яху хъунукъым.</para>
   </article>
   <article number="10">
      <title>10-нэ пычыгъуэ</title>
      <para>Дэтхэнэ зы цӏыхуми хуитыныгъэ иІэщ и хуэфащэхэр, и хуитыныгъэхэр щаубзыхукІэ икІи езым зы лажьэ къыщытралъхьэкІэ зыми фІэмылІыкІ, зыми и унафэм щІэмыт,  имытелъхьэ хеящІэ щхьэхуит псэхуитыр захуагъэкІэ икІи нахуэуэ и Іуэхум иригъэплъыну хуеину.</para>
   </article>
   <article number="11">
      <title>11-нэ пычыгъуэ</title>
      <orderedlist>
         <listitem>
            <para>Зы лажьэ/щІапхъэджагъэ зытралъхьэ дэтхэнэ зы цІыхури зиухиижын  зыхуэныкъуэну шынагъуэншагъэхэр зыщигъуэтыну хеищІэгъу нахуэм и кІэухыу, къэрал хабзэм тету ягъэкъуаншэхункІэ хейуэ къалъытэр, мыхеифэ къраплъыркъым.</para>
         </listitem>
         <listitem>
            <para>Хэти ягъэкъуаншэ хъунукъым, щищІэм щыгъуэ къэрал хабзэкІэ е Дунейпсо хабзэкІэ щІэпхъэджагъэу ямыбжа зы Іуэху зэрищІам е ищІапхъэу къащыхъу  зэримыщІам щхьэкІэ. Хэти щІапхъэджагъэ щищІам щыгъуэ хуэгъэувау щыта тезырым нэхъыбэ тралъхьэ хъунукъым.</para>
         </listitem>
      </orderedlist>
   </article>
   <article number="12">
      <title>12-нэ пычыгъуэ</title>
      <para>Дэтхэнэ зы цӏыхум и гъащІэ унейм, и унагъуэм, и унэм е зэрызэрыщІэ щІыкІэхэм щхьэусыгъуэншэу зыри къыхэзэрыхь хъунукъым, и напэм, и цІэм къеІусэ  Хэти хуитыныгъэ иІэщ мыпхуэдэ къыхэзэрыхьныгъэхэм къэрал хабзэкІэ зыкъщыригъэхъумэну.</para>
   </article>
   <article number="13">
      <title>13-нэ пычыгъуэ</title>
      <orderedlist>
         <listitem>
            <para>Дэтхэнэ зы цӏыхум хуитыныгъэ иІэщ дэтхэнэ зы къэрали и щІыналъэм щхьэхуиту щызекІуэну, щыпсэуну.</para>
         </listitem>
         <listitem>
            <para>Дэтхэнэ зы цӏыхум хуитыныгъэ иІэщ езы и къэралри хэту дэтхэнэ зы къэралым иІэпхъукІыну икІи щІэрыщІэу нигъэзэжыну.</para>
         </listitem>
      </orderedlist>
   </article>
   <article number="14">
      <title>14-нэ пычыгъуэ</title>
      <orderedlist>
         <listitem>
            <para>Дэтхэнэ зы цӏыхум хуитыныгъэ иІэщ залымыгъэ/лей къыщрахым и щхьэр нэгъуэщІ къэрал иригъэзыну, щхьэегъэзныгъэ амалхэр зыхуигъэщхьэпэну.</para>
         </listitem>
         <listitem>
            <para>Ауэ пэжыпэу политичнэу щымыт щІэпхъэджагъэхэм е Дунейпсо къэрал зэгухьам и мурад, и бзыпхъэ къемызэгъ ІуэхущІафэхэм къыхэкІ дауэдапщэхэм щыгъуэ мы хуитыныгъэр зыхуэбгъэщхьэпэ хъунукъым.</para>
         </listitem>
      </orderedlist>
   </article>
   <article number="15">
      <title>15-нэ пычыгъуэ</title>
      <orderedlist>
         <listitem>
            <para>Дэтхэнэ зы цӏыхум хуитыныгъэ иІэщ зы къэралым и цІыхуу щытыну.</para>
         </listitem>
         <listitem>
            <para>Дэтхэнэ зы цӏыхур зицІыхуу щыт къэралым щхьэусыгъуэншэу хэбгъэкІ е нэгъуэщІ къэралым и цІыху хъуну иІэ хуитыныгъэм хэбгъэн хъунукъым.</para>
         </listitem>
      </orderedlist>
   </article>
   <article number="16">
      <title>16-нэ пычыгъуэ</title>
      <orderedlist>
         <listitem>
            <para>Зи ныбжь ирикъуа дэтхэнэ зы цӏыхухъуми цІыхубзми хуитыныгъэ иІэщ къызыхэкІа лъэпкъым, зи цІыхуу щыт къэралым е дину иІыгъым къыхэкІ пэрыуэгъу къыхуэмыуву, хуиту къишэну, дэкІуэну, унагъуэ иухуэну.</para>
         </listitem>
         <listitem>
            <para>Зэрышэн-зэдэкІуэным теухуа зэзэгъныгъэр (нэчыхьыр), зэрышэну-зэдэкІуэнухэм езым я щхьэхуитыныгъэ пэжрэ я фІэфІныгъэ икъурэкІэ яухуэр.</para>
         </listitem>
         <listitem>
            <para>Унагъуэр, жылагъуэ-лъэпкъ псэукІэм и лъабжьэ нэхъыщхьэщи, жылэми къэралми къехъумэр.</para>
         </listitem>
      </orderedlist>
   </article>
   <article number="17">
      <title>17-нэ пычыгъуэ</title>
      <orderedlist>
         <listitem>
            <para>Дэтхэнэ зы цӏыхум хуитыныгъэ иІэщ езым и унейуэ е нэгъуэщІхэр иІэхьэгъууэ мылъку зригъэІэну.</para>
         </listitem>
         <listitem>
            <para>Дэтхэнэ зы цІыхур щхьэусыгъуэншэу и мылъку пэІэщІэ е лъымыІэсыф пщІы хъунукъым.</para>
         </listitem>
      </orderedlist>
   </article>
   <article number="18">
      <title>18-нэ пычыгъуэ</title>
      <para>Дэтхэнэ зы цӏыхум гупсысэ, зэхащІэ икІи дин хуитыныгъэ иІэщ. Мы хуитыныгъэм къызэщІеубыдэр и закъуэу е гупу, нахуэу е унейуэ (щэхуу) и тхьэхуэІуэрыщІэнхэр, и динкІэ щІапхъэхэр нэрылъагъуу яригъэщІэн, игъэзэщІэн хуитыныгъэри.</para>
   </article>
   <article number="19">
      <title>19-нэ пычыгъуэ</title>
      <para>Дэтхэнэ зы цӏыхум хуитыныгъэ иІэщ зэрыхуейуэ гупсысэну, и гупсысэхэр къиІуэтэну. Мы хуитыныгъэм хэтщ цІыхур и гупсысэхэм къыхэкІкІэ зыми къимыгъэгумэщІыну, къэралыгъуэ гъунапкъэхэм емылъытауэ щІэныгъэхэр, гупсысэхэр сыт хуэдэрей гъуэгукІи къэхутэн-къэпщытэн, зыІэрыгъэхьэн хуитыныгъэри.</para>
   </article>
   <article number="20">
      <title>20-нэ пычыгъуэ</title>
      <orderedlist>
          <listitem>
            <para>Хэти хуитыныгъэ иІэщ Іэщэншэу, зауэ-банэншэу зэхуэсыну, хасэ иухуэну, ухуа хасэм хыхьэну.</para>
         </listitem>
         <listitem>
            <para>Хэти зы хасэ хыхьэну ебгъэз хъунукъым.</para>
         </listitem>
     </orderedlist>
   </article>
   <article number="21">
      <title>21-нэ пычыгъуэ</title>
      <orderedlist>
         <listitem>
            <para>Дэтхэнэ зы цӏыхум хуитыныгъэ иІэщ занщІэу езым е хуиту къыхиха и лІыкІуэхэм я ІэкІэ къэралым и зегъэкІуэн Іуэхухэм хыхьэну, хэІэбэну.</para>
         </listitem>
         <listitem>
            <para>Дэтхэнэ зы цӏыхум хуитыныгъэ иӏэщ и къэралым цӏыхубэм къыхузэригъэпэщ амалхэр зэхэгъэжыншэу, псом хуэдэу зыхуигъэщхьэпэну.</para>
         </listitem>
         <listitem>
            <para>Хьыкумэт ӏэщхьэтетныгъэм и лъабжьэр къэралым и цӏыхубэм и фІэигъуэныгъэрщ. А фӏэигъуэныгъэр утыку къохьэр щэху щӏыкӏэм тет хэхыныгъэ хуит захуэхэу е цӏыхухэм я фӏэигъуэныгъэхэр щхьэхуит-псэхуиту къызэрагъэлъэгъуэфыну гъэпса нэгъуэщӏ щӏыкӏэхэу, зи ныбжь ирикъуа цӏыху псоми яхузэӏухауэ, я ӏэӏэтхэми зэхуэдэ гуащӏэ яӏэуэ, пӏалъэ гъэнэхуакӏэ къытрагъэзэжхэмкӏэ.</para>
         </listitem>
      </orderedlist>
   </article>
   <article number="22">
      <title>22-нэ пычыгъуэ</title>
      <para>Цӏыхубэ жылагъуэм зэрыщыщым елъытауэ дэтхэнэ зы цӏыхум хуэфащэщ социалнэ къэхъумэныгъэ. Къэрал гуащӏэкӏэ е къэралыгъуэхэм я зэдэӏэпыкъуныгъэкӏэ икӏи дэтхэнэ зы къэралым езым и гъэпсыкӏэмрэ и амалхэмрэ елъытауэ дэтхэнэ зы цӏыхум хуитыныгъэ иӏэщ и напэрэ и цӏыхугъэрэкӏэ тыншу зэрызиужьыну экономикэ, социалнэ икӏи щӏэнхабзэ ӏуэхукӏэ зыхуэныкъуэну амалхэр ирагъэгъуэтыну.</para>
   </article>
   <article number="23">
      <title>23-нэ пычыгъуэ</title>
      <orderedlist>
         <listitem>
            <para>Дэтхэнэ зы цӏыхум хуитыныгъэ иІэщ лэжьэну, и ӏуэхур хуиту къыхихыну, захуагъэкӏэ икӏи хуэфӏ амалхэмкӏэ лэжьэну икӏи ӏуэхуншагъэм къыщахъумэну.</para>
         </listitem>
         <listitem>
            <para>Дэтхэнэ зы цӏыхум хуитыныгъэ иӏэщ зэхэгъэжыншэу зэхуэдэ ӏуэху папщӏэ зэхуэдэ лэжьапщӏэ къратыну.</para>
         </listitem>
         <listitem>
            <para>Дэтхэнэ зы цӏыхум хуитыныгъэ иӏэщ езыри и унагъуэри цӏыхум хуэфэщэн псэукӏэ иӏэу зыгъэпсэун, щыхуейм деж зылъыӏэсыфыну социалнэ хъумэныгъэхэмкӏэ щӏэгъэбыдауэ зы псэукӏэ амал къезытын зы лэжьапщӏэ хуэфӏ къыӏэрыхьэну.</para>
         </listitem>
         <listitem>
            <para>Дэтхэнэ зы цӏыхум хуитыныгъэ иӏэщ езым и фӏагъэ папщӏэ хасэ (профсоюз, сендикэ) зэхишэну, апхуэдэ зэхэшам хыхьэну, хэтыну.</para>
         </listitem>
      </orderedlist>
   </article>
   <article number="24">
      <title>24-нэ пычыгъуэ</title>
      <para>Дэтхэнэ зы цӏыхум хуитыныгъэ иІэщ зигъэпэсэхуну, и нэгу зригъэужьыну, псом хуэмыдэу и лъэжьэгъуэ пӏалъэр цӏыху хуэфащэ щапхъэм иту къыхуагъэпсыну, пӏалъэ гъэнэхуакӏэ и лъэжьапщӏэри къратурэ гъэпсэхуакӏуэ дэкӏыну.</para>
   </article>
   <article number="25">
      <title>25-нэ пычыгъуэ</title>
      <orderedlist>
         <listitem>
            <para>Дэтхэнэ зы цӏыхум хуитыныгъэ иІэщ езыри и унагъуэри узыншэн, тхъэгъуэ хуэфащэ иӏэу псэун папщӏэ шхыныгъуэ, фащэ, унэ икӏи медицинскэ дэӏэпыкъуныгъэ игъуэтыну. Хэти хуитыныгъэ иӏэщ, ӏуэхуншагъэ, сымаджагъэ, хукъуагъэ, лӏыгъуабагъэ, фызабагъэ, жьыгъэ икӏи езым имыӏэщӏагъэ ӏуэхугъуэхэм къыхэкӏ амалыншагъэ, тхьэмыщкӏагъэ къылъысу щытмэ къыщахъумэну, кърагъэлыну.</para>
         </listitem>
         <listitem>
            <para>Анэхэмрэ сабийхэмрэ хуитыныгъэ яӏэщ хэхауэ къыкӏэлъыплъынхэу, къыдэӏэпыкъунхэу. Зэрыша зэлӏ-зэфыз и бынуи зэмыщхьэгъусэхэм къалъхуауи щыррет, сабий псоми я зэхуэдэу, зэхэгъэжыншэу хуагъэщхьэпэр а зы социалнэ къэхъумэныгъэ амалхэр.</para>
         </listitem>
      </orderedlist>
   </article>
   <article number="26">
      <title>26-нэ пычыгъуэ</title>
      <orderedlist>
         <listitem>
            <para>Дэтхэнэ зы цӏыхур хуитщ гъэсэныгъэ зэригъэгъуэтыну. Гъэсэныгъэр, нэхъ мащӏэ дыдэу къапщтэмэ икӏи лъабжьэ гъэсэныгъэр ахъшэншэщ. Пэщӏэдзэ гъэсэныгъэр зумыгъэӏэнкІэ амал зимыІэуэ егъэзыгъуэщ. Техникэ икӏи ӏэщӏагъэ гъэсэныгъэр хэти хузэӏухагъэнущ. Ипщэ гъэсэныгъэр зэхэгъэжыншэу хэти хузэӏухауэ щытын хуейщ езым и сэнауш (талант) елъытауэ.</para>
         </listitem>
         <listitem>
            <para>Гъэсэныгъэр цӏыхум и цӏыхугъэм икъуу зригъэужьыным хуэфӏыу гъэпсауэ икӏи цӏыху хуэфащэхэмрэ хуитыныгъэ нэхъыщхьэхэмрэ хуащӏ щӏыхьыр, лъытэныгъэр игъэлъэщыным, щӏигъэбыдэным хуэунэтӏауэ щытын хуейщ. Гъэсэныгъэм цӏыхухэр хущӏигъэкъун хуейщ расэ псоми, лъэпкъ псоми, дин гуп псоми я зэхуакум гулъытэ, зэгурыӏуэ, зэхуэфӏныгъэ, зэныбжьэгъугъэ дэлъыну икӏи мамырныгъэр къихъумэн папщӏэ Дунейпсо Къэрал Зэгухьэныгъэм иригъэкӏуэкӏ лъэжьыгъэм зригъэужьу щытын хуейщ.</para>
         </listitem>
         <listitem>
            <para>Сабийхэм ирагъэгъуэтыну гъэсэныгъэр зыхуэдэнур къыхэзыхыну хуитыр, псом япэрауэ и анэ-адэрщ.</para>
         </listitem>
      </orderedlist>
   </article>
   <article number="27">
      <title>27-нэ пычыгъуэ</title>
      <orderedlist>
         <listitem>
            <para>Хэти хуитыныгъэ иІэщ цІыхубэм и щӏэнхабзэ гъащӏэм хуиту ныхыхьэну, гъуазджэр зыхуигъэщхьэпэну, щӏэныгъэ зыужьыныгъэм хэтыну икӏи ар зыхуигъэщхьэпэну.</para>
         </listitem>
         <listitem>
            <para>Хэти хуитыныгъэ иӏэщ езым къигъэщӏа щӏэныгъэ, жьабзэ (литературэ), гъуазджэ ӏэщӏагъэхэм мылъкуу, пщӏэуэ, щӏыхьуэ къыпэкӏуэу хъуар къыхуахъумэну.</para>
         </listitem>
      </orderedlist>
   </article>
   <article number="28">
      <title>28-нэ пычыгъуэ</title>
      <para>Хэти хуэфащэщ мы джэпсалъэм къыщыхэщ цӏыху хуэфащэхэмрэ хуитыныгъэхэмрэ щагъэзэщӏэфыну зы социалнэ икӏи дунейпсо гъэпсыкӏэ системэ щыӏэну.</para>
   </article>
   <article number="29">
      <title>29-нэ пычыгъуэ</title>
      <orderedlist>
         <listitem>
            <para>Хэти езым и цӏыхугъэм хуиту икӏи икъуу зригъэужьыну амал къезыт цӏыхубэ жылагъуэми къэралми хуищӏэжыпхъэ пщэрылъхэр иӏэщ.</para>
         </listitem>
         <listitem>
            <para>Хэти и хуэфащэхэр зыщыхуигъэщхьэпэкӏэ икӏи и хуитыныгъэхэр щызэрихьэкӏэ, нэгъуэщӏхэм я хуэфащэхэмрэ я хуитыныгъэхэмрэ хуэгъэпэжын, абыхэм щӏыхь, лъытэныгъэ къыхуегъэщӏын икӏи демократичэскэ жылагъуэм зэдащтэ щэнхабзэр (этикэр), жылагъуэ гъэпсыкӏэр, щыӏэкӏэр егъэфӏэкӏуэным и амалхэр къэхъума хъун папщӏэ хэхауэ къэрал хабзэкӏэ гъэнэхуа гъунапкъэхэм епхауэ щытщ.</para>
         </listitem>
         <listitem>
            <para>Дауи иррехъу, мы цӏыху хуэфащэхэмрэ хуитыныгъэхэмрэ зыхуэбгъэщхьэпэ, зепхьэ хъунукъым Дунейпсо Къэрал Зэгухьам и гурылъ-гурыщӏэхэмрэ и бзыпхъэхэмрэ (принципхэмрэ) къемызэгъыу.</para>
         </listitem>
      </orderedlist>
   </article>
   <article number="30">
      <title>30-нэ пычыгъуэ</title>
      <para>Мы джэпсалъэм къыхиубыдэ дэтхэнэ зы хабзэ гъэувар зыгурыбгъаӏуэ хъунукъым мыбы къыщиӏуэтыкӏа хабзэ гъэувахэм щыщ гуэр иӏэтыну, иукъуэну дэтхэнэ зы къэрали, гупи, нэрыбги хуитыныгъэ ирит хуэдэу.</para>
   </article>
</udhr>