<?xml version="1.0" encoding="UTF-8"?>

<!--© The Office of the High Commisioner for Human Rights-->

<udhr iso639-3='qug' xml:lang='qug' key='qug' n='Quichua, Chimborazo Highland' xmlns="http://www.unhchr.ch/udhr">
   <title>RUNAKUNAPAK HAYÑITA WILLAY</title>
   <preamble>
      <title>KALLARI YUYAY</title>
      <para>Kawsaypi yuyashpa, kishpiriy, paktakay, allpapachapi kasikllakawsay tiksi
kakpimi tukuy runakuna sumak kawsayta charichun nishpa riksin; shinallatak
sumaykayta(dignidad), paktapakta hayñita ayllumanta mana pi kichuchunmi
riksin.</para>
      <para>Kawsaypi yuyashpa, piñashpa mana riksina, runakunapak hayñita saruy,
runapura wañunakuna yuyaymi tukuysami kawsaypi sapiyashka nin.
Chaymi tukuysami lIakikunata IIaktakunaman apamushka. Chaymantami
runakunaka tukuy IIaktakunapi kaparishpa kishpirishka kawsayta yuyashpa
mashkay kallarin; wakcha runakuna, IIakta runakuna, upallalla kawsak
runakuna, shitashka runakuna kishpirinata munan. Mashná kay pachapi
kawsakkunami kay amsa, ñawsa, milli kawsaymanta lIukshinata munan. Kipaka
kishpiy rimayta, yuyayta charina kan.</para>
      <para>Kawsaypi yuyashpa, runakunapak hayñitaka, paypak hayñimi nishpa shuktak
kamachi lIikakuna kamashka kachun. Shina waKcha runakuna piñaywan
hatarikpi, tikra charikkuna mana wakchakunata hawalla wichkana wasiman
pushachun, mana hawalla wañuchichunpash.</para>
      <para>Kawsaypi yuyashpa, lIaktapura mayhanpash mashiyarishpa, alamarishpa
kimirishpa alli IIankaykunata tukuy ayllukunaman rurashpa katichun. Shina alli
kawsayta tukuykuna runakuna charichun.</para>
      <para>Kawsaypi. yuyashpa, tinkirishka lIaktakuna hatun killkata katishpa
runakunapak tiksihayñipi yuyashpa, sumaykayta runata chanishpa,
kariwarmipak hayñi paktapakta kachun nishpa kutintak arinishka. Shina runa
IIaktakuna allichirichun, paykunapak kawsaypash kishpirishpa kachun. Ama
kutintak amsa IIakiman tikrachun nishpami tinkirishka IIaktakunaka kayhayñita
arinishka.</para>
      <para>Kawsaypi yuyashpa, tinkirishka lIaktakunapash. paktachinata minkarishpami
runa hayñita kamanata arinishka. Shina mamallakta tantanakuykuna .
yanapanakushpa, runanakunapak tiksihayñi, kishpiriypash tukuy runakunaman ~
paktachun yanapanka.</para>
      <para>Kawsaypi yuyashpa, hayñi yuyaykuna, kishpirishka yuyay kuna tukuypi
tiyachun, shina lIaktakuna arinishka kamachika, tukuysami kawsayta charik
runakunaman pampanta paktachun.</para>
      <para>TINKIRISHKA LLAKTAKUNA, HATUN TANTANAKUVTA RURASHPA
LLAKTAKUNAMAN RUNAKUNAPAK HAVÑITA WILLAN</para>
      <para>Titikirishka Ilaktakunaka, mamallaktakunapak hatun tantanakuypimi runapak
hayñitaka tukuy lIaktakunaman willan. Llaktakunapak yuyay kashkamantaka,
shukllashina tukushpa, tukuypak yuyay kan nishpami ñakarishpa pushana kan.
Sapallél runakuna, tantarishka runakunapash, kishpiyrinapi punchanta
yuyashpami kay hayñitaka paktachina kan. Kay hayñitapash, kishpiyrina
yuyaytapash yachachikwasipi, ayllukunapi, tukuy mamallaktapi kamashpami
apana kan. Tinkirishka Ilaktakunapash, shuktak mamallaktakunapash
runakunapak hayñita. riksishpa paypak lIakta ukupipash paktachinami kan.
Chaymi runa hayñipash, kishpiriypash pakarikshina rikurinka. Chaymi alli
kawsaykuna tukuypak chayanka.</para>
   </preamble>
   <article number="1">
      <title>1 niki</title>
      <para>Tukuy runakunami maypipash kishpirishka, sumaykaypi(dignidad) paktapakta
wacharin. Chay wawakunaka sumak yuyaykuna, tiksiyuyay (fundamental),
huntami kan; chaymantami runapuraka shukllashina tukushpa, yanaparishpa
kawsana kan.</para>
   </article>
   <article number="2">
      <title>2 niki</title>
      <para>Kay hayñita willashka kipaka tukuy runakunami ima tullputa, kawsayta,
kariwarmita, rimayta, iñiyta, lIaktay yuyayta, maymanta kashkata, charik
kashkata, wakcha kashkata, wacharishkata, shuktak yuyaytapash mana
rakishpalla kishpriyta, runahayñitapash ch'arin.</para>
       <para>Shinallatak: lIaktakak, kamachi yachak,istakak, mana paypak allpapi kawsak,
chikan lIaktakak, lIapirishka Ilaktakak, saywashka Ilakta kakpash, kay hatun
willaypi nishkashina, kishpiriyta, runapak hayñitaka charinmi, mana
chikanyashka, manyayachishka kanchu.</para>
  </article>
   <article number="3">
      <title>3 niki</title>
      <para>Tukuykunami kikin kawsay, kishpiriy, kikin shayariy hayñita charin.</para>
   </article>
   <article number="4">
      <title>4 niki</title>
      <para>Mana pipash wanachiwasipi ñitishka, takashka kanachu, shinallatak mitayu
lIankaypash ña mana tiyanachu. Tukuysami wanachiykunakatukurirkami,
chayka ñami washapi sakirirka.</para>
   </article>
   <article number="5">
      <title>5 niki</title>
      <para>Mana pi watashka, utushka, makashka kankachu. Mana pi, anchamillashka,.
wiwatashina rikushka, kumurichishka, lIapishka kankachu.</para>
   </article>
   <article number="6">
      <title>6 niki</title>
      <para>Tukuy runakaymi paykunapak hayñita charin, tukuy Ilaktakunapimi paypak kikin
kapakkayta Uurídico) riksishka hayñita charin.</para>
   </article>
   <article number="7">
      <title>7 niki</title>
      <para>Kamachipak nawpakpika tukukunami paktapakta kanchik, runaka kamachik
mana chikanyachishka paktapakta kamashka hayñitami charin. Tukuykunami
TUKUY RUNAKUNAPAK HAYÑITA pipash sarushpa runakunata piñakukpi,
millikukpika sinchita. shayarishpami harkana hayñíta charin. Tukuysami
saruykachaytapash harkanami kan.</para>
   </article>
   <article number="8">
      <title>8 niki</title>
      <para>Tukuy runakunami kimsa kapakkamachikpak(tribunal) ñawpakpi, ima
lIakimantapash pay illuta nishpa paktachina hayñita charin; paypak
mclrYlakamathi arinishka, shuktak kamachikunapash arinishka tiksihayñita
wakllichikukpika lIaktakunaka mana sakichún.</para>
   </article>
   <article number="9">
      <title>9 niki</title>
      <para>Mana huchayuk runataka pipash mana yanka watankachu. Wanachina amsa
ukupi mana pipash churankachu, paypak allpamantapash mana surkunkachu.</para>
   </article>
   <article number="10">
      <title>10 niki</title>
      <para>Tukuy runami pay rimashkata kimsa kapyak kamachikpak ñawpakpi, tukuy
runakunapak ñawpakpi, shuktak runakuna shinallatak paktapakta uyachina
hayñita charin. Paytak mana kimirishka kishpichik kamachik,' hayñikunata,
kanakayta (obligación) rikushpa shukkutin ima kaktapash nichun. Hucha tiyakpi
wanachikanawasiman kachachun,. kutin mana hucha tiyakpika kishpichichun.</para>
   </article>
   <article number="11">
      <title>11 niki</title>
      <orderedlist>
         <listitem>
            <para>Tukuy huchachishka runakunami, hucha mana illu kakpika IIullapi IIukshina
hayñita charin. Huchachishkata lIullapi IIukshinkap,akka: kamachikkuna imata
nishkawan, tantarishka runakuna. i'mata nishkawan, taripaypi imata
nishkawanmi inchita shayarishpa kishpirina kan.</para>
         </listitem>
         <listitem>
            <para>Mamallaktapak hayñi ñawpakpi, lIaktapura hayñi ñawpakpi, IIakita rurashka
mana ancha hucha kakpika mana pi supaychashka(condenado) kankachu.
Llakita aparikuy pachapi wanachishkata yalli IIashak wanaytapash mana
churankachu</para>
         </listitem>
      </orderedlist>
   </article>
   <article number="12">
      <title>12 niki</title>
      <para>Mana pi kinkinpak kawsaypi, wasipi, ayllupi yanka yaykurinata charinchu. Kikin .
alli shutitapash mana yanka kaminachu kan, kayman kachashka willaytapash
mana paskanachu kan. Tukuy runami kamachiwan killparishpa, kikin
kawsayman mana pipash satirichun harkana hayñita charin.</para>
   </article>
   <article number="13">
      <title>13 niki</title>
      <orderedlist>
         <listitem>
            <para>Tukuy runami paypak lIaktapika kishpirishka purinata, maypi kawsana kuskata
akllana hayñita charin.</para>
         </listitem>
         <listitem>
            <para>Tukuy runami mayhan IIaktamanta, paypak lIaktamantapash IIukshirina hayñita
charin. Kutin paypak lIaktaman tikrana hayñitapash charin.</para>
         </listitem>
      </orderedlist>
   </article>
   <article number="14">
      <title>14 niki</title>
      <orderedlist>
         <listitem>
            <para>Katikachakpika, tukuy runami mitikushpa pakakukuna kuskata mashkana
hayñita charin, chay hayñiwanmi may lIaktapipash alli kawsana kuskata
charinata ushan.</para>
         </listitem>
         <listitem>
            <para>Kay hayñika huchayuk pakakukushka lIaktapak kamachikunawanpash mana
takarikchu kan. Shinapash kay hayñika: ancha' huchata charik runataka mana
yanapankachukan, shillatak tinkirishka lIaktakuna kamachishkata saruktaka
mana yanapankachu.</para>
         </listitem>
      </orderedlist>
   </article>
   <article number="15">
      <title>15 niki</title>
      <orderedlist>
         <listitem>
            <para>Tukuy runamishuktak lIaktaman Ilaktayay(nacionalidad) hayñita chárin</para>
         </listitem>
         <listitem>
            <para>Llaktayay hayñitaka mana kichunkachu, shuktak. Ilaktaman rantinchirina
lIaktayay hayñitapash mana kichunkachu.</para>
         </listitem>
      </orderedlist>
   </article>
   <article number="16">
      <title>16 niki</title>
      <orderedlist>
         <listitem>
            <para>Kariwarmi paypakkunapak mitata paktachishpaka: tullputa mana rikushpalla,
ista kashkata mana rikushpalla, ima iñikta mana rikushpalla sawarina hayñitami
charin. Shina yayamama tukushpa, shuk aylluta wallpashpa, kariwarmi
paktapakta sawarishka kawsay watakama sumaktami kawsanka.
Sawarishkamanta paskarishpapash allita kawsayna hayñitami charin.</para>
         </listitem>
         <listitem>
            <para>Kariwarmi paykuna kishpirishka yuyaywan munanakushpallami sawarinka.</para>
         </listitem>
         <listitem>
            <para>Llaktakunapak tiksi nipaka ayllumi kan, chaymantami paykunaka ayllullaktapash,
mamallaktapash kamashka kanka.</para>
         </listitem>
      </orderedlist>
   </article>
   <article number="17">
      <title>17 niki</title>
      <orderedlist>
         <listitem>
            <para>Tukuy runamimaypi kawsana kikin allpata, kikin wasita, nipakunatapash charina
hayñita charin. Shinallatak tukuypak tiyachun haynitapashmicharin</para>
         </listitem>
         <listitem>
            <para>Pipash paykunapak allpata, wasita, imatapash mana kichunkallachukan.</para>
         </listitem>
      </orderedlist>
   </article>
   <article number="18">
      <title>18 niki</title>
      <para>Tukuy runami kishpirishka yuyayta, shunkuyuyayta(conciencia), iñiyna hayñita
charin. Shuktak iñinaman yallinata, pay munashka pachakamakta katina
hayñitapash charinmi. Shinallatak shuklla, tantarishpapash shuk iñiyta katina
hayñitami charin. Tukuykunapak ñawpakpi payllapash shuk iñiyta rikuchina
hayñitami charin.</para>
   </article>
   <article number="19">
      <title>19 niki</title>
      <para>Tukuy runami imatapash willana, rimana hayñita charin, kaytaka mana pipash
katirayashpa harkanata ushanchu. Taripayta, willayta, alli yuyayta
chaskinatapash ushanmi. Pay wiñachishka sumak yuyaykunataka: ankimanta,
karurikuchikmanta(televisión), shuktak ñanmantapash mana saywarishpalla
willanatami charin.</para>
   </article>
   <article number="20">
      <title>20 niki</title>
      <orderedlist>
         <listitem>
            <para>Tukuy runami tantanakuna kishpita, kasiklla tantanakuyta wiñachina
kacharishka hayñita charin.</para>
         </listitem>
         <listitem>
            <para>Mana pipash shuk tantanakuyman munay, mana munay pushashka kankachu.</para>
         </listitem>
     </orderedlist>
   </article>
   <article number="21">
      <title>21 niki</title>
      <orderedlist>
         <listitem>
            <para>Tukuy runami paypak Ilaktapi kamachik tukuna hayñita charin. Payllatak sapalla,
mana kashpaka akllashka kashpapash kamachik tukuna hayñita charin</para>
         </listitem>
         <listitem>
            <para>Tukuy runami paypak lIaktapika, shuktak runakuna shinallatak Ilaktallankaypi
(funciones públicas) paktapakta Ilankana hayñita charin</para>
         </listitem>
         <listitem>
            <para>LLaktakunapak munaymi tukuy runakunapak tiksi kamachi ushay kan, kaytakakikin
watanta tukuy lIaktakunapi kamachikunata paktapakta akllaypimi
rikuchina kan. Kaytaka pakalla, pipash mana yuyachishka kikinllatakmi shutita
kushpa shinata kan. Shinallatak nishanik shuktak sami akllaykunapash
kishpirishkami kan.</para>
         </listitem>
      </orderedlist>
   </article>
   <article number="22">
      <title>22 niki</title>
      <para>Llaktapak ayllu kashkamantaka, tukuy runakunami kamashka kaws,ana hayñita
charin. Allita kawsankapaka payllatakmi ñakarina kan, paypak mamallaktapash,
kay ayllutaka shuktak lIaktakunapash yanapanatami charin. Paypak Ilaktapi
tiyashka kullkiwan, nipakunawan yanaparishpa sumakta kawsana hayñitami
charin. Kacharishka kawsayta charishpa, pay munashka wiñarina hayñitapashmi
charin.</para>
   </article>
   <article number="23">
      <title>23 niki</title>
      <orderedlist>
         <listitem>
            <para>Tukuy runami lIankana, Ilankayta akllana kishpirishkahayñita charin. Kikin
munashka paktapakta Ilankaytami chari.na kan. Llankaymanta mana shitashka
kankapakka, paypak Ilankaytaka payllatak kamarayanami kan.</para>
         </listitem>
         <listitem>
            <para>Tukuy runami mana akllarishkakana, paypak Ilankashakamantapash paktapakta
kullkitaka chaskina hayñitami charin.</para>
         </listitem>
         <listitem>
            <para>Tukuy Ilankak runami pay lIankashkamantaka munashka paktapakta kullkita
hapinata charin. Shina paypak aylluman alli kawsayta kuchun, paypash alli
kawsayta charichun. Kay illakpika mayhansami kamaywanpash paktachishkami
kanka.</para>
         </listitem>
         <listitem>
            <para>Tukuy runami tantanakuyta wiñachina hayñiya charin, chay tantanakuyka
paykunapak charishkatalla kamankapakka mana kanchu.</para>
         </listitem>
      </orderedlist>
   </article>
   <article number="24">
      <title>24 niki</title>
      <para>Tukuy runami samarina hayñita charin~ kacharishka samaypachata amikta
kushiyarina hayñitapash charinmi. Tawka watakama, shaykunkakama lIankana
kuskatami charin, samarishkamantapash kullkita hapinami kan.</para>
   </article>
   <article number="25">
      <title>25 niki</title>
      <orderedlist>
         <listitem>
            <para>Tukuy runami payta kamak, alli kawsayta kuk patapi kana hayñita charin.
Shinallatak paypak aylluta, allikawsaytá, allikayta, alli mikuyta, alli churarinata,
alli wasita, alli hampirinata, mitacoita (servicio) charina hayñita charin.
Shinallatak mana Ilankayta charishpa, unkushka kashpa, wakllirishka kashpa,
sapalla kashpa, payayashpa, shuktak lIakikunata charishpapash yanapachun
hayñita charinmi.</para>
         </listitem>
         <listitem>
            <para>Chichu warmipash, Ilullu wawakunapash alli kawsayta charina, allinta kamashka
kana hayñitami charin. Tukuy kariwarmi wawakuna sawarishkayayamama ~
wachashka kashpa, kuytsa wachashka sapalla warmi wachashka kashpapash
paktapakta kacharishka hayñitami charin.</para>
         </listitem>
      </orderedlist>
   </article>
   <article number="26">
      <title>26 niki</title>
      <orderedlist>
         <listitem>
            <para>Tukuy runami yachana hayñita charin. Tiksi yachay, shuktak tiksi
yachaymantapash mana kullkita kuna kanchu. Tiksi yachayka tukuykunapak
yachanatakmi kan, yachanamantaka mana 'pipash sakirinachu. Rurayyachay,
sumakyachaypash hatunyashpa tukuy Ilaktamanmi chayanka. Hatun
yachaykunaman yaykunaka tukuypak paktami kanka, shinami paykuna chaskina
kashkata paktachinka.</para>
         </listitem>
         <listitem>
            <para>Yachayka runakuna yuyaypi may alli wiñarinatami yanapanka, runakunapak
hayñipi iñiyta, tiksi kishpirinatami sinchiyachinka. L1aktapura, runakawsaypura,
iñikpura hamutayta, hikullayta (tolerancia) mashiyarina sinchiyachunmi
yanapanka. Tinkirishka mamallaktakuna kasiklla kawsayta charirayachunmi
willashpa runakuman yachachinka.</para>
         </listitem>
         <listitem>
            <para>Taytamamaka imasami yachayta churikunaman kunkapakka akllana hayñitami
charin.</para>
         </listitem>
      </orderedlist>
   </article>
   <article number="27">
      <title>27 niki</title>
      <orderedlist>
         <listitem>
            <para>Tukuy runami kishprishka yuyaywan ayllullaktawan kimirishka kawsana hayñita
charin, makiruraykunawan taripaykuna amawtariy lIankaypipash chaypimi
kanata chaTin. Pay lIankashkamantapash imallatapash hapinatami charin.</para>
         </listitem>
         <listitem>
            <para>Tukuy runami paypak alli shutita, amawta lIankaymanta rikurishka nipakunata
kamana hayñita charin. Pay killkashka arawikunata lIankashka makiruraytapash
kamana hayñitami charin.</para>
         </listitem>
      </orderedlist>
   </article>
   <article number="28">
      <title>28 niki</title>
      <para>Tukuy runami tukuy paypak lIaktapi kawsak runakuna, istallaktapi kawsak
runakunapash nikishka kawsayta charichun yanapana hayñita charin. Shina kay
hayñi, kishpiriypash tinkirishka lIaktakuna willashka hayñikuna tukuy Ilaktaman
paktachun.</para>
   </article>
   <article number="29">
      <title>29 niki</title>
      <orderedlist>
         <listitem>
            <para>Tukuy runami ayllukunaman kanakayta(deber) ayllullaktaman kunata. charin.
Paypak ayllullaktapillami kishpiriy hunta kawsayta, kikinkayta charishpa may
allita wiñarinka.</para>
         </listitem>
         <listitem>
            <para>Paypak hayñita, kishpiriyta hapishpaka kamachikuna nishkapilla watarishpami
saywarishka kanka. Payka, kikin hayñita, kishpiyta, iñina yuyayta; allirunakayta,
sumaychayta(respeto), tukuypak yuyayta paktachina raykumi saywarishka
kamachi kanka. Kipaka: ayllukuna, lIaktakuna sumaklla tiyachun, mana
mashikunata kichushpa, kamishpa, millishpa kawsachun yuyashpami kamachi
nishkata paktachinka.</para>
         </listitem>
         <listitem>
            <para>Tinkirishka Ilaktakuna yuyarishkata tiksi hayñiwan, kishpiriywan, nimamantapash
takarishpa lIakichina yuyaytaka mana charinachu. Tukuykunami mashiyarishpa
kishpirinakunkapak Ilankana kan.</para>
         </listitem>
      </orderedlist>
   </article>
   <article number="30">
      <title>30 niki</title>
      <para>Kay tinkirishka lIaktakuna willashka hayñikunata, kishpiriykunataka, shuklla
runamanpash, tantanakuymanpash yankaka, mana pantata willanallachu.
Runakunapak hayñita, kishpiriy yuyayta pichana yuyaytaka na charinachu.</para>
   </article>
</udhr>