<?xml version="1.0" encoding="UTF-8"?>

<!--© The Office of the High Commisioner for Human Rights-->

<udhr iso639-3='cmn' xml:lang='zh-Hant' key='cmn_hant' n='Chinese, Mandarin (Traditional)' xmlns="http://www.unhchr.ch/udhr">
  <title>世界人權宣言</title>
  <note>
    <para>聯合國大會一九四八年十二月十日第 217A (III) 號痩議通過並宣布</para>
  </note>
  <preamble>
    <title>序言</title>
    <para>鑑於對人類家庭所有成員的固有尊嚴及其平等的和不移的權利的承認，乃是世界自由、正義與和平的基礎，</para>
    <para>鑑於對人權的無視和侮蔑已發展為野蠻暴行，這些暴行沾污了人類的良心，而一個人人享有言論和信仰自由並免予恐懼和匱乏的世界的來臨，已被宣布為普通人民的最高願望，</para>
    <para>鑑於為使人類不致迫不得已鋌而走險對暴政和壓迫進行反叛，有必要使人權受法治的保護，</para>
    <para>鑑於有必要促進各國間友好關係的發展，</para>
    <para>鑑於各聯合國國家的人民已在聯合國憲章中重申他們對基本人權、人格尊嚴和價值以及男女平等權利的信念，並痩心促成較大自由中的社會進步和生活水平的改善，</para>
    <para>鑑於各會員國並已誓願同聯合國合作以促進對人權和基本自由的普遍尊重和遵行，</para>
    <para>鑑於對這些權利和自由的普遍了解對於這個誓願的充分實現具有很大的重要性，</para>
    <para>因此現在，</para>
    <para>大會，</para>
    <para>發布這一世界人權宣言，作為所有人民和所有國家努力實現的共同標準，以期每一個人和社會機構經常銘念本宣言，努力通過教誨和教育促進對權利和自由的尊重，並通過國家的和國際的漸進措施，使這些權利和自由在各會員國本身人民及在其管轄下領土的人民中得到普遍和有效的承認和遵行；</para>
  </preamble>
  <article number="1">
    <title>第一條</title>
    <para>人人生而自由，在尊嚴和權利上一律平等。他們賦有理性和良心，並應以兄弟關係的精神相對待。</para>
  </article>
  <article number="2">
    <title>第二條</title>
    <para>人人有資格享受本宣言所載的一切權利和自由，不分種族、膚色、性別、語言、宗教、政治或其他見解、國籍或社會出身、財產、出生或其他身分等任何區別。</para>
  </article>
  <article number="3">
    <title>第三條</title>
    <para>人人有權享有生命、自由和人身安全。</para>
  </article>
  <article number="4">
    <title>第四條</title>
    <para>任何人不得使為奴隸或奴役；一切形式的奴隸制度和奴隸買賣，均應予以禁止。</para>
  </article>
  <article number="5">
    <title>第五條</title>
    <para>任何人不得加以酷刑，或施以殘忍的、不人道的或侮辱性的待遇或刑罰。</para>
  </article>
  <article number="6">
    <title>第六條</title>
    <para>人人在任何地方有權被承認在法律前的人格。</para>
  </article>
  <article number="7">
    <title>第七條</title>
    <para>法律之前人人平等，並有權享受法律的平等保護，不受任何歧視。人人有權享受平等保護，以免受違反本宣言的任何歧視行為以及煽動這種歧視的任何行為之害。</para>
  </article>
  <article number="8">
    <title>第八條</title>
    <para>任何人當憲法或法律所賦予他的基本權利遭受侵害時，有權由合格的國家法庭對這種侵害行為作有效的補救。</para>
  </article>
  <article number="9">
    <title>第九條</title>
    <para>任何人不得加以任意逮捕、拘禁或放逐。</para>
  </article>
  <article number="10">
    <title>第十條</title>
    <para>人人完全平等地有權由一個獨立而無偏倚的法庭進行公正的和公開的審訊，以確定他的權利和義務並判定對他提出的任何刑事指控。</para>
  </article>
  <article number="11">
    <title>第十一條</title>
    <orderedlist>
      <listitem tag="（一）">
	<para>凡受刑事控告者，在未經獲得辯護上所需的一切保證的公開審判而依法證實有罪以前，有權被視為無罪。</para>
      </listitem>
      <listitem tag="（二）">
	<para>任何人的任何行為或不行為，在其發生時依國家法或國際法均不構成刑事罪者，不得被判為犯有刑事罪。刑罰不得重於犯罪時適用的法律規定。</para>
      </listitem>
    </orderedlist>
  </article>
  <article number="12">
    <title>第十二條</title>
    <para>任何人的私生活、家庭、住宅和通信不得任意干涉，他的榮譽和名譽不得加以攻擊。人人有權享受法律保護，以免受這種干涉或攻擊。</para>
  </article>
  <article number="13">
    <title>第十三條</title>
    <orderedlist>
      <listitem tag="（一）">
	<para>人人在各國境內有權自由遷徙和居住。</para>
      </listitem>
      <listitem tag="（二）">
	<para>人人有權離開任何國家，包括其本國在內，並有權返回他的國家。</para>
      </listitem>
    </orderedlist>
  </article>
  <article number="14">
    <title>第十四條</title>
    <orderedlist>
      <listitem tag="（一）">
	<para>人人有權在其他國家尋求和享受庇護以避免迫害。</para>
      </listitem>
      <listitem tag="（二）">
	<para>在真正由於非政治性的罪行或違背聯合國的宗旨和原則的行為而被訴的情況下，不得援用此種權利。</para>
      </listitem>
    </orderedlist>
  </article>
  <article number="15">
    <title>第十五條</title>
    <orderedlist>
      <listitem tag="（一）">
	<para>人人有權享有國籍。</para>
      </listitem>
      <listitem tag="（二）">
	<para>任何人的國籍不得任意剝奪，亦不得否認其改變國籍的權利。</para>
      </listitem>
    </orderedlist>
  </article>
  <article number="16">
    <title>第十六條</title>
    <orderedlist>
      <listitem tag="（一）">
	<para>成年男女，不受種族、國籍或宗教的任何限制，有權婚嫁和成立家庭。他們在婚姻方面，在結婚期間和在解除婚約時，應有平等的權利。</para>
      </listitem>
      <listitem tag="（二）">
	<para>只有經男女雙方的自由的和完全的同意，才能締婚。</para>
      </listitem>
      <listitem tag="（三）">
	<para>家庭是天然的和基本的社會單元，並應受社會和國家的保護。</para>
      </listitem>
    </orderedlist>
  </article>
  <article number="17">
    <title>第十七條</title>
    <orderedlist>
      <listitem tag="（一）">
	<para>人人得有單獨的財產所有權以及同他人合有的所有權。</para>
      </listitem>
      <listitem tag="（二）">
	<para>任何人的財產不得任意剝奪。</para>
      </listitem>
    </orderedlist>
  </article>
  <article number="18">
    <title>第十八條</title>
    <para>人人有思想、良心和宗教由的權利；此項權利包括改變他的宗教或信仰的自由，以及單獨或集體、公開或秘密地以教義、實踐、禮拜和戒律表示他的宗教或信仰的自由。</para>
  </article>
  <article number="19">
    <title>第十九條</title>
    <para>人人有權享有主張和發表意見的自由；此項權利包括持有主張而不受干涉的自由，和通過任何媒介和不論國界尋求、接受和傳遞消息和思想的自由。</para>
  </article>
  <article number="20">
    <title>第二十條</title>
    <orderedlist>
      <listitem tag="（一）">
	<para>人人有權享有和平集會和結社的自由。</para>
      </listitem>
      <listitem tag="（二）">
	<para>任何人不得迫使隸屬於某一團體。</para>
      </listitem>
    </orderedlist>
  </article>
  <article number="21">
    <title>第二十一條</title>
    <orderedlist>
      <listitem tag="（一）">
	<para>人人有直接或通過自由選擇的代表參與治理本國的權利。</para>
      </listitem>
      <listitem tag="（二）">
	<para>人人有平等機會參加本國公務的權利。</para>
      </listitem>
      <listitem tag="（三）">
	<para>人民的意志是政府權力的基礎；這一意志應以定期的和真正的選舉予以表現，而選舉應依據普遍和平等的投票權，並以不記名投票或相當的自由投票程序進行。</para>
      </listitem>
    </orderedlist>
  </article>
  <article number="22">
    <title>第二十二條</title>
    <para>每個人，作為社會的一員，有權享受社會保障，並有權享受他的個人尊嚴和人格的自由發展所必需的經濟、社會和文化方面各種權利的實現，這種實現是通過國家努力和國際合作並依照各國的組織和資源情況。</para>
  </article>
  <article number="23">
    <title>第二十三條</title>
    <orderedlist>
      <listitem tag="（一）">
	<para>人人有權工作、自由選撰職業、享受公正和合適的工作條件並享受免於失業的保障。</para>
      </listitem>
      <listitem tag="（二）">
	<para>人人有同工同酬的權利，不受任何歧視。</para>
      </listitem>
      <listitem tag="（三）">
	<para>每一個工作的人，有權享受公正和合適的報酬，保證使他本人和家屬有一個符合人的尊嚴的生活條件，必要時並輔以其他方式的社會保障。</para>
      </listitem>
      <listitem tag="（四）">
	<para>人人有為維護其利益而組織和參加工會的權利。</para>
      </listitem>
    </orderedlist>
  </article>
  <article number="24">
    <title>第二十四條</title>
    <para>人人有享受休息和閒暇的權利，包括工作時間有合理限制和定期給薪休假的權利。</para>
  </article>
  <article number="25">
    <title>第二十五條</title>
    <orderedlist>
      <listitem tag="（一）">
	<para>人人有權享受為維持他本人和家屬的健康和福利所需的生活水準，包括食物、衣覑、住房、醫療和必要的社會服務；在遭到失業、疾病、殘廢、守寡、衰老或在其他不能控制的情況下喪失謀生能力時，有權享受保障。</para>
      </listitem>
      <listitem tag="（二）">
	<para>母親和兒童有權享受特別照願和協助。一切兒童，無論婚生或非婚生，都應享受同樣的社會保護。</para>
      </listitem>
    </orderedlist>
  </article>
  <article number="26">
    <title>第二十六條</title>
    <orderedlist>
      <listitem tag="（一）">
	<para>人人都有受教育的權利，教育應當免費，至少在初級和基本階段應如此。初級教育應屬義務性質。技術和職業教育應普遍設立。高等教育應根據成績而對一切人平等開放。</para>
      </listitem>
      <listitem tag="（二）">
	<para>教育的目的在於充分發展人的個性並加強對人權和基本自由的尊重。教育應促進各國、各種族或各宗教集團間的了解、容忍和友誼，並應促進聯合國維護和平的各項活動。</para>
      </listitem>
      <listitem tag="（三）">
	<para>父母對其子女所應受的教育的種類，有優先選擇的權利。</para>
      </listitem>
    </orderedlist>
  </article>
  <article number="27">
    <title>第二十七條</title>
    <orderedlist>
      <listitem tag="（一）">
	<para>人人有權自由參加社會的文化生活，享受藝術，並分享科學進步及其產生的福利。</para>
      </listitem>
      <listitem tag="（二）">
	<para>人人對由於他所創作的任何科學、文學或美術作品而產生的精神的和物質的利益，有享受保護的權利。</para>
      </listitem>
    </orderedlist>
  </article>
  <article number="28">
    <title>第二十八條</title>
    <para>人人有權要求一種社會的和國際的秩序，在這種秩序中，本宣言所載的權利和自由能獲得充分實現。</para>
  </article>
  <article number="29">
    <title>第二十九條</title>
    <orderedlist>
      <listitem tag="（一）">
	<para>人人對社會負有義務，因為只有在社會中他的個性才可能得到自由和充分的發展。</para>
      </listitem>
      <listitem tag="（二）">
	<para>人人在行使他的權利和自由時，只受法律所確定的限制，確定此種限制的唯一目的在於保證對旁人的權利和自由給予應有的承認和尊重，並在一個民主的社會中適應道德、公共秩序和普遍福利的正當需要。</para>
      </listitem>
      <listitem tag="（三）">
	<para>這些權利和自由的行使，無論在任何情形下均不得違背聯合國的宗旨和原則。</para>
      </listitem>
    </orderedlist>
  </article>
  <article number="30">
    <title>第三十條</title>
    <para>本宣言的任何條文，不得解釋為默許任何國家、集團或個人有權進行任何旨在破壞本宣言所載的任何權利和自由的活動或行為。</para>
  </article>
</udhr>
