<?xml version="1.0" encoding="UTF-8"?>

<!--© The Office of the High Commisioner for Human Rights-->

<udhr iso639-3='fri' xml:lang='fy' key='fri' n='Frisian, Western' xmlns="http://www.unhchr.ch/udhr">
   <title>Universele ferklearring fan de rjochten fan de minske</title>
   <note>
      <para>Universele ferklearring fan de rjochten fan de minske, proklamearre op 10 desimber 1948 troch de Algemiene Gearkomste fan 'e Feriene Naasjes.</para>
   </note>
   <preamble>
      <title>Pree-ambule</title>
      <para>Yn betinken nommen dat it erkennen fan de ynherinte weardichheid en fan de gelikense en ûnferfrjemdbere rjochten fan alle leden fan de minskemienskip grûnslach is foar de frijheid, rjochtfeardigens en frede yn 'e wrâld;</para>
      <para>Yn betinken nommen dat it oan 'e kant skowen en lytsachtsjen fan 'e rjochten fan 'e minske laat hawwe ta barbaarske dieden, dy't it gewisse fan it minskdorn faksearre hawwe en dat de komst fan in wrâld dêr't minsken frijheid fan mieningsutering en leauwe barre mei, en hja frij wêze sille fan eangst en ferlet, ferkundige is as it heechste ideaal fan elk minske;</para>
      <para>Yn betinken nommen dat it fan it grutste belang is dat de rjochten fan de minske beskerme wurde, troch de suppremaasje fan it rjocht, dat de minske net twongen wurde mei om yn lêste ynstânsje syn taflecht te nimmen ta opstân tsjin tyranny en ûnderdrukking;</para>
      <para>Yn betinken nommen dat it fan it grutste belang is de ûntjouwing fan freonskiplike betrekkings tusken de naasjes fuort te sterkjen;</para>
      <para>Yn betinken nommen dat de folken fan 'e Feriene Naasjes yn it Hânfest har betrouwen yn 'e fûnemintele rjochten fan 'e minske, yn de weardichheid en de wearde fan 'e minske en yn de gelikense rjochten fan manlju en froulju op 'e nij befestige hawwe, en besletten hawwe sosjale foarútgong en in hegere libbensstandert yn grutter frijheid te befoarderjen;</para>
      <para>Yn betinken nommen dat de steaten, dy't lid binne fan 'e Feriene Naasjes plechtich tasein hawwe om yn gearwurking mei de organisaasjes fan 'e Feriene Naasjes, rûnom de earbied foar en it ynachtnimmen fan 'e rjochten fan 'e minske en de fûnemintele frijheid te befoarderjen;</para>
      <para>Yn betinken nommen dat it fan it grutste belang is foar it folslein útfieren fan dy oerienkomst dat elkenien in goed begryp hat fan dy rjochten en frijheden;</para>
      <para>Dêrom proklamearret de Algemiene Gearkomste dizze Universele Ferklearring fan de Rjochten fan de Minske as it mienskiplik troch alle folken en naasjes te berikken ideaal, mei it doel dat elk yndividu en elk orgaan fan 'e mienskip mei dizze Ferklearring hieltyd foar eagen, der nei stribje sil om troch ûnderwiis en opfieding de earbied foar dy rjochten en frijheden te befoarderjen en troch foarútstribjende maatregels, nasjonaal en ynternasjonaal, dy rjochten algemien en echt erkenne en tapasse te litten, likegoed ûnder de folken fan steaten dy't lid fan 'e Feriene Naasjes binne, as ûnder de folken fan gebieten ûnder har jurisdiksje:</para>
   </preamble>
   <article number="1">
      <title>Kêst 1</title>
      <para>Alle minsken wurde frij en gelyk yn weardigens en rjochten berne. Hja hawwe ferstân en gewisse meikrigen en hearre har foar inoar oer yn in geast fan bruorskip te hâlden en te dragen.</para>
   </article>
   <article number="2">
      <title>Kêst 2</title>
      <para>Elk hat oanspraak op alle rjochten en frijheden yn dizze Ferklearring opneamd, sûnder hokker ûnderskie ek mar lykas ras, kleur, slachte, taal, godstsjinst, politike of oare oertsjûging, nasjonaal of maatskiplik komôf, eigendom, berte of oare status.</para>
      <para>Fierder sil gjin ûnderskie makke wurde nei politike, juridyske of ynternasjonale status fan it lân of gebiet, dêr't immen ta heart, likefolle as it om in ûnôfhinklik, trust- of net selsbestjoerend gebiet giet of as der in oare beheining fan 'e sûvereiniteit bestiet.</para>
   </article>
   <article number="3">
      <title>Kêst 3</title>
      <para>Elk hat rjocht op libben, frijheid en ûnskeinberens fan syn persoan.</para>
   </article>
   <article number="4">
      <title>Kêst 4</title>
      <para>Nimmen sil yn slavemij of hearrigens hâlden wurde. Slavernij en slavehannel yn elke foarm binne ferbean.</para>
   </article>
   <article number="5">
      <title>Kêst 5</title>
      <para>Nimmen sil ûnderwurpen wurde oan folteringen, noch oan in wrede, ûnminslike of ûntearjende behanneling of bestraffing.</para>
   </article>
   <article number="6">
      <title>Kêst 6</title>
      <para>Elk hat, wêr't er ek is, it rjocht om as persoan erkend te wurden foar de wet.</para>
   </article>
   <article number="7">
      <title>Kêst 7</title>
      <para>Elkenien is gelyk foar de wet en hat sûnder ûnderskied oanspraak op gelikense beskerming troch de wet. Elk hat rjocht op gelikense beskerming tsjin elke efterstelling yn striid mei dizze Ferklearring en tsjin elke oantrún ta sa'n efterstelling.</para>
   </article>
   <article number="8">
      <title>Kêst 8</title>
      <para>Elk hat rjocht op doeltreffende rjochtshelp fan foechhawwende nasjonale rjochtlike ynstânsjes tsjin hanlingen dy't yn striid binne mei de grûnrjochten him takend by grûnwet of wet.</para>
   </article>
   <article number="9">
      <title>Kêst 9</title>
      <para>Nimmen sil ûnderwurpen wurde oan eigenwillige arrestaasje, detinsje of ferbanning.</para>
   </article>
   <article number="10">
      <title>Kêst 10</title>
      <para>Elk foar oar hat rjocht op in earlike en iepenbiere behanling fan syn saak troch in ûnôfhinklike en ûnpartidige rjochtlike ynstânsje by it fêststellen fan syn rjochten en ferplichtings en by it bepalen fan it grûndearre wêzen fan in tsjin him ynstelde strafferfolging.</para>
   </article>
   <article number="11">
      <title>Kêst 11</title>
      <orderedlist>
         <listitem>
            <para>Elk dy't foar in strafber feit ferfolge wurdt, hat der rjocht op om foar ûnskuldich hâlden te wurden oant syn skuld út krêft fan 'e wet bewiisd wurdt yn in iepenbiere terjochtsitting dêr't him alle waarboargen, nedich foar syn ferdigening, by takend binne.</para>
         </listitem>
         <listitem>
            <para>Nimmen sil foar skuldich hâlden wurde oan hokfoar strafrjochtlik fergryp ek op grûn fan hokker hanling of fersom ek dat neffens nasjonaal of ynternasjonaal rjocht gjin strafrjochtlik fergryp betsjutte op it stuit dat dy hanling of dat fersom begien waard. Likemin sil in swierdere straf oplein wurde as de straf dy't fan tapassing wie op it stuit dat it strafbere feit begien waard.</para>
         </listitem>
      </orderedlist>
   </article>
   <article number="12">
      <title>Kêst 12</title>
      <para>Nimmen sil ûnderwurpen wurde oan oarmans eigenwillich ynmingen yn syn persoanlike oangelegenheden, yn syn húshâlding, syn thús of syn briefwiksel, noch ien of oare oantaasting fan syn eare of goede namme. Elk hat rjocht op beskerming troch de wet tsjin sok ymningen of oantaasten.</para>
   </article>
   <article number="13">
      <title>Kêst 13</title>
      <orderedlist>
         <listitem>
            <para>Elk hat it rjocht om him frij te ferpleatsen en te ferbliuwen binnen de grinzen fan elke steat.</para>
         </listitem>
         <listitem>
            <para>Elk hat it rjocht om elk lân, syn eigen ynbegrepen, te ferlitten en yn syn lân werom te kommen.</para>
         </listitem>
      </orderedlist>
   </article>
   <article number="14">
      <title>Kêst 14</title>
      <orderedlist>
         <listitem>
            <para>Elk hat it rjocht om yn oare lannen asyl te freegjen en te hawwen tsjin ferfolging.</para>
         </listitem>
         <listitem>
            <para>Op dat rjocht kin gjin berop dien wurde yn gefal fan strafferfolgings fanwegen misdriuwen fan net-politike aard of hanlings yn striid mei de doelen en begjinsels fan 'e Feriene Naasjes.</para>
         </listitem>
      </orderedlist>
   </article>
   <article number="15">
      <title>Kêst 15</title>
      <orderedlist>
         <listitem>
            <para>Elk hat rjocht op in nasjonaliteit.</para>
         </listitem>
         <listitem>
            <para>Nimmen mei eigenwillich syn nasjonaliteit ûntnommen wurde, noch it rjocht ûntsein wurde fan nasjonaliteit te feroarjen.</para>
         </listitem>
      </orderedlist>
   </article>
   <article number="16">
      <title>Kêst 16</title>
      <orderedlist>
         <listitem>
            <para>Sûnder ien of oare beheining op grûn fan ras, nasjonaliteit of godstsjinst hawwe manlju en froulju as se de jierren dêrta hawwe it rjocht om te trouwen en in gesin te stichtsjen. Hja hawwe gelikense rjochten wat trouwen oanbelanget, yn har trouwen en by de ûntbining dêrfan.</para>
         </listitem>
         <listitem>
            <para>In houlik kin allinne sletten wurde mei de frije en folsleine tastimming fan elk syn oare helte.</para>
         </listitem>
         <listitem>
            <para>lt gesin is de natuerlike en fûnemintele groepsienheid fan 'e maatskippij en hat rjocht op beskerming troch de maatskippij en de steat.</para>
         </listitem>
      </orderedlist>
   </article>
   <article number="17">
      <title>Kêst 17</title>
      <orderedlist>
         <listitem>
            <para>Elk hat rjocht op eigendom, itsij allinne, itsij yn 'e mande mei oaren.</para>
         </listitem>
         <listitem>
            <para>Nimmen mei samar fan syn eigendom berôve wurde.</para>
         </listitem>
      </orderedlist>
   </article>
   <article number="18">
      <title>Kêst 18</title>
      <para>Elk hat rjocht op frijheid fan tinken, gewisse en godstsjinst; dat rjocht hâldt teffens de frijheid yn om fan godstsjinst of oertsjûging te feroarjen, en de frijheid om òf allinne òf yn 'e mande mei oaren sawol yn it iepenbier as yn it partikuliere libben, foar syn godstsjinst of oertsjûging út te kommen troch dy te ûnderwizen, troch it praktysk tapassen, troch earetsjinst en it ûnderhâlden fan geboaden en foarskriften.</para>
   </article>
   <article number="19">
      <title>Kêst 19</title>
      <para>Elk hat rjocht op frijheid fan miening en mieningsutering. Dat rjocht hâldt de frijheid yn om sûnder ynminging in miening te hawwen en om troch alle middels en sûnder grinzen acht te slaan, ynljochtings en tinkbylden op te spoaren, te ûntfangen en troch te jaan.</para>
   </article>
   <article number="20">
      <title>Kêst 20</title>
      <orderedlist>
         <listitem>
            <para>Elk hat rjocht op frijheid fan freedsume feriening en gearkomste.</para>
         </listitem>
         <listitem>
            <para>Nimmen mei twongen wurde om by in feriening te hearren.</para>
         </listitem>
      </orderedlist>
   </article>
   <article number="21">
      <title>Kêst 21</title>
      <orderedlist>
         <listitem>
            <para>Elk hat it rjocht om diel te nimmen oan it bestjoer fan syn lân, streekrjocht of troch frij keazen fertsjintwurdigers.</para>
         </listitem>
         <listitem>
            <para>Elk hat it rjocht om op foet fan gelikensens talitten te wurden ta de oerheidstsjinsten fan syn lân.</para>
         </listitem>
         <listitem>
            <para>De wil fan it folk sil de grûnslach wêze fan it gesach fan it regear; dy wil sil ta utering komme yn periodike en earlike ferkiezings dy't hâlden wurde sille út krêft fan algemien en lykweardich kiesrjocht en by geheime stimmings of neffens in proseduere dy't krektlikegoed boarch stiet foar de frijheid fan stimmen.</para>
         </listitem>
      </orderedlist>
   </article>
   <article number="22">
      <title>Kêst 22</title>
      <para>Elk hat as lid fan 'e mienskip rjocht op maatskiplike wissigens en hat der oanspraak op dat troch nasjonale ynspanning en ynternasjonale gearwurking, en yn oerienstimming mei de organisaasje en de helpboarnen fan 'e oanbelangjende steat, de ekonomyske, sosjale en kulturele rjochten dy 't ûnmisber binne foar syn weardichheid en foar it frij ûntploaien fan syn persoanlikheid, ferwêzentlike wurde.</para>
   </article>
   <article number="23">
      <title>Kêst 23</title>
      <orderedlist>
         <listitem>
            <para>Elk hat rjocht op wurk, op frije kar fan berop, op rjochtrnjittige en geunstige arbeids-betingsten en op beskerming tsjin wurkleazens.</para>
         </listitem>
         <listitem>
            <para>Elk hat, sûnder ien of oare benefterstelling, rjocht op itselde lean foar itselde wurk.</para>
         </listitem>
         <listitem>
            <para>Elk dy't wurk docht, hat rjocht op in rjochtfeardige en geunstige beleanning dy't him en syn húshâlding in minskweardich bestean mooglik makket; dy beleanning sil sa nedich mei oare middels fan sosjale beskerming oanfolle wurde.</para>
         </listitem>
         <listitem>
            <para>Elk hat it rjocht om fakferienings op te rjochtsjen en him dêr by oan te sluten om syn belangen te beskermjen.</para>
         </listitem>
      </orderedlist>
   </article>
   <article number="24">
      <title>Kêst 24</title>
      <para>Elk hat rjocht op rêst en frije tiid, mei ynbegryp fan in ridlike beheining fan 'e arbeidstiid en periodike fakânsjes mei behâld fan lean.</para>
   </article>
   <article number="25">
      <title>Kêst 25</title>
      <orderedlist>
         <listitem>
            <para>Elk hat rjocht op in libbensstandert dy't heech genôch is foar de sûnens en it wolwêzen fan himsels en syn húshâlding, dêrûnder begrepen iten, klean, húsfesting en medyske fersoarging en needsaaklike sosjale tsjinsten en rjocht op foarsjenning yn gefal fan wurkleazens, sykte, ynvaliditeit, ferstjerren fan 'e oare helte, âlderdom of in oar gemis oan besteansmiddels troch omstannichheden bûten syn wil.</para>
         </listitem>
         <listitem>
            <para>Mern en bern hawwe rjocht op bysûndere soarch en bystân. Alle bern, al of net wetlik, sille ûnder deselde sosjale beskerming falle.</para>
         </listitem>
      </orderedlist>
   </article>
   <article number="26">
      <title>Kêst 26</title>
      <orderedlist>
         <listitem>
            <para>Elk hat rjocht op ûnderwiis; it ûnderwiis sil fergees wêze, teminsten wat it leger en basisûnderwiis oanbelanget. It leger ûnderwiis sil ferplichte wêze. Beropsûnderwiis en beropsoplieding sille algemien beskikber steld wurde. Heger ûnderwiis sil lykop iepenstean foar elk, dy't dêr de kapasiteiten foar hat.</para>
         </listitem>
         <listitem>
            <para>It ûnderwiis sil rjochte wêze op it folút ûntwikkeljen fan 'e minsklike persoanlikheid en op it fersterkjen fan 'e earbied foar de rjochten fan 'e minske en de fûnemintele frijheden. lt sil it begryp, de ferdraachsumens en de freonskip ûnder alle naasjes, rassen of godstsjinstige groepen befoarderje en it sil it wurk fan 'e Feriene Naasjes foar it hanthavenjen fan 'e frede stypje.</para>
         </listitem>
         <listitem>
            <para>Oan de âlden komt yn it foarste plak it rjocht ta de soarte fan opfieding en ûnderwiis te kiezen dy't harren bern jûn wurde sil.</para>
         </listitem>
      </orderedlist>
   </article>
   <article number="27">
      <title>Kêst 27</title>
      <orderedlist>
         <listitem>
            <para>Elk hat it rjocht yn alle frijens diel te nimmen oan it kulturele libben fan 'e mienskip, te genietsjen fan keunst en diel te hawwen oan wittenskiplike foarútgong en de fruchten dêrfan.</para>
         </listitem>
         <listitem>
            <para>Elk hat rjocht op 'e beskerming fan geastlike en materiële belangen dy't fuortkomme út in wittenskiplik, letterkundich of artistyk wurk dat er fuortbrocht hat.</para>
         </listitem>
      </orderedlist>
   </article>
   <article number="28">
      <title>Kêst 28</title>
      <para>Elk hat rjocht op it bestean fan sa'n maatskiplike en ynternasjonale oarder, dat de rjochten en frijheden neamd yn dizze ferklearring, dêr folslein yn ferwêzentlike wurde kinne.</para>
   </article>
   <article number="29">
      <title>Kêst 29</title>
      <orderedlist>
         <listitem>
            <para>Elk hat plichten foar de mienskip oer; allinne dêr is de frije en folsleine ûntploaiïng fan syn persoanlikheid yn mooglik.</para>
         </listitem>
         <listitem>
            <para>Yn it útoefenjen fan syn rjochten en frijheden sil elk allinne mar ûnderwurpen wêze oan dy beheinings dy't by de wet fêststeld binne en wol inkeld en allinne foar de ûnmisbere erkenning en earbiediging fan 'e rjochten en frijheden fan oaren en om te foldwaan oan de rjochtfeardige easken fan 'e moraliteit, iepenbiere oarder en it algemien wolwêzen yn in demokratyske mienskip.</para>
         </listitem>
         <listitem>
            <para>Dy rjochten en frijheden meie yn gjin gefal útoefene wurde yn striid mei de doelen en begjinsels fan 'e Feriene Naasjes.</para>
         </listitem>
      </orderedlist>
   </article>
   <article number="30">
      <title>Kêst 30</title>
      <para>Gjin bepaling yn dizze ferklearring sil sa útlein wurde meie, dat hokker steat, groep of persoan dan ek dêr ek mar ien of oar rjocht oan ûntliene kin om eat te ûndernimmen of hanlingen fan hokker aard ek te ferrjochtsjen dy't it ferneatigjen fan ien fan 'e rjochten en frijheden neamd yn dizze ferklearring, ta doel hawwe.</para>
   </article>
</udhr>