<?xml version="1.0" encoding="UTF-8"?>

<!--© The Office of the High Commisioner for Human Rights-->

<udhr iso639-3='mzi' xml:lang='mzi' key='mzi' n='Mazatec, Ixcatlán' xmlns="http://www.unhchr.ch/udhr">
   <title>En Xi Tikon Ngasandie Xi Fijendajo Xuta</title>
   <preamble>
      <title/>
      <para>Xi ijniá ko katsenda kui naxinánda xikamatikoxtin kiania ijniá xki jo ocham tjionjo,ngojo jan.nga tiesa nga kjafet’a no ngomi nijam ocham yichan jin.</para>
      <para>Nixitjon Tjindo</para>
      <para>Ngo.-</para>
      <para>Ngaxkotse, tsiee nga ndakuindo ngandindie xuta xitjindo ngasandie,tjinkjua nga ngandindie xuta ngondsejen xikotse xchandikon.</para>
      <para>Jo.-</para>
      <para>Xkotse nganianjin xki,kui en xi fijendajo xuta tikuini ni xitsja ngandie ngatatseen kotseen xuta,ko kuikjua nga kisijknia kui en,tsieenga kama kondakjua ko kama sian nixi mejena sian,ngojin xitjinkjua nga kuinchan dicona.</para>
      <para>Jan.-</para>
      <para>Xkotse tjinkjua nga kuindo xi skotsijen niximatsen xuta,tsiee nga ngojin xi tsjanie tsjafe.</para>
      <para>Nijun.-</para>
      <para>Ko titjinkjua nga siangañojo tsiee nda kua ko ndaskue xkjín ngandidie naxinánda xi tjindo ngasandie.</para>
      <para>Un.-</para>
      <para>Ngadindie nangi xi,xkotse ndsexa xtín xi it’a en ngiyá kui xujun,xkotse bakitso nga ngo ndsejen xo sian xki xi chjon ngojo xi xi’in;kobaxotsen nga xkotse xtjo nik’ani yijo tsiee nga nda kuindo.</para>
      <para>Jun.-</para>
      <para>Ko baxokitsó nga skue ndikon ngandindie naxinánda ko ngatjatason nixi tsjatsó kui xujun.</para>
      <para>Yito.-</para>
      <para>Ko xkotse,tse kjuatason ndindie xo,nixi kjit’a kui xujun kjiaxo nga ndakue ko xchanga tjinia chjíní kui en.</para>
      <para>Jin.-</para>
      <para>Kui xuta xi kamatikokoxtin askoya ko ijniá kui kuak jintokon tsiee nga ngayijexo naxinánda xi seengaño, ngojotse jáxaa kiaxo skibeni nga xkotse skuendikon ngandindie nixindsen xuta xi ijniá kui en,ngojo nanji xi y’ajandi kui naxinánda xi inda kuini.</para>
   </preamble>
   <article number="1">
      <title>Xki ngo.- 1</title>
      <para>Nga ndindie xuta ngatsen de’e ko ngondsejen ngatjin-kjua nga xchandinkon nt’a ngondsejen ngatjin kokjin-tokon,kotjinkjua nga takie engajan skuendinkon xkjin.</para>
   </article>
   <article number="2">
      <title>Xki jo.- 2</title>
      <para>- Nga ndindie xuta xi fijendajo kui nixi kjit’a kui xujun ko batjitsó nga sianxo xki tay’a xutani,jminda-sen tajmi isieni xichay’a, tse xi’in ngojotse chjon-ndatse tajmín eni ximaa, tsebe nena ngojotse bejin, tse kie chjia ngojo tse kiejin chjia,tse tjinton ngojo tse jmijin,tse kie katsen ngojo tse kiejin katsen tikuixi basikojo tay’ani kui en xi kjit’a kui xujun.</para>
      <para>- Koti kamajin tse sianjin xki ngo xuta xi batixuma ngo nangi xi besobáa jin yijo ngojotse k’aa nangi kjiñóo,xkotse kuijin batixuma sobáa yijo,nt’a kio mi’a ton tsexkojo mini xi machjeen.</para>
   </article>
   <article number="3">
      <title>Xki jan.- 3</title>
      <para>Ngadindie xuta tjinrikjua ngakuee isieen nixtin nga kuii tsamandée ngojo jmikjuajin ngatjien kama nga kuindo,xkotse tsakjon kama nga kuindo.</para>
   </article>
   <article number="4">
      <title>Xki nijun.- 4</title>
      <para>Nojin xi taxkiya sianxajo xkotse ngo cho,ngojotse-taxkiya seenkjiena, nt’a tanisie tjichjari kuini.</para>
   </article>
   <article number="5">
      <title>Xki un.- 5</title>
      <para>Ngojin xi tasianjo kosianjo,tse taxkiya kueerí ngo jee,ngojotse ngonixi tanisie chjokjingase nixi sianjo.</para>
   </article>
   <article number="6">
      <title>Nixi jun.- 6</title>
      <para>Tay’ani tjinrikjua nga xchandikon,tajnia ngidieni.</para>
   </article>
   <article number="7">
      <title>Nixi yito.- 7</title>
      <para>Ngandindie xuta nga fijendajo kjuakiti,nt’a ngo ndsejen nga tibakit’onia.ko ngandindienia xkotse tsakotsijena ko fijendajo tsiee nga ngojin xi taseenjo koseenjona.kotsen jeri kjuakiti tsetjin xi faatjon kui en.</para>
   </article>
   <article number="8">
      <title>Xki jin.- 8</title>
      <para>Ngandindie xuta tjinkjua nga kuijnia ngonditon tjitsjie,tsiee nga kosikojo yijo ko jminijin ndatse skue tay’a jaxani,nt’a tasakui kosikojo tsexkojo-ngoni xi ndajin kjii kjamateen.</para>
   </article>
   <article number="9">
      <title>Xki nijan.- 9</title>
      <para>Tay’ajin xi taxkiya kondaba,ko see konangisieen ndobaya,ngojotse taxkiya kuiyo tjingirí,majin nian kuini.</para>
   </article>
   <article number="10">
      <title>Xki tie.- 10</title>
      <para>Ngayije xuta tjinkjua nga ngondsejen kuintiee tse ngo ndaxaa,tsienga kotsaya kokjiini xi matseen ngojo tsienga skue kokjii jexi kasako tse ngoni katsen.</para>
   </article>
   <article number="11">
      <title>Xki tiengo.- 11</title>
      <orderedlist>
         <listitem>
            <para>- Ngadindie xuta xi kjifinie ngo je tjinkjua nga tj enyma sianjee,tjienga kjiyachichan kokjiiní nixi katsen,nt’a batsen tsaya’a kjuakiti nga majinma taxkiya majeri ngo xuta.</para>
         </listitem>
         <listitem>
            <para>- Majin taxkiya maje tay;a xutani tse jmijé jinma kotimajin tse tsieton je koe ngije kasko ngoje.</para>
         </listitem>
      </orderedlist>
   </article>
   <article number="12">
      <title>Xki tiejo.- 12</title>
      <para>Tay’ajin xi taxkiya kama ch’okatsona tse ngiya ngichona ngojotse ngo xujun nchinangiya xingi kamajin tse tjinxi ta xkiya skixa’a kui xujun ngojotse taxkiya ndajiji xuta tse katsona.jmin kjuajin nga tjin xi taxkiya seenxtina nt’a ngandi ndindie xuta xi fijendajo kjuakiti.</para>
   </article>
   <article number="13">
      <title>Xki tiejan.- 13</title>
      <orderedlist>
         <listitem>
            <para>- Ngandindie xuta tjinrijua nga kuitsama chichan ngiya nangi niachjia,kotima b’atsiee ngojotse tsenda ndiy’a,tajnia nga mejenrí kuijnia.</para>
         </listitem>
         <listitem>
            <para>- Tay’a xutani ma fatjó nangi,kotima faengani tse xkojo mejen nga k’osien ngani nangi.</para>
         </listitem>
      </orderedlist>
   </article>
   <article number="14">
      <title>Xki tienijon.- 14</title>
      <orderedlist>
         <listitem>
            <para>- Tse xkojo tjin xi tjinma tjinjina,ma mindise ko ngindie tsie nga jmmiijinxi tsabana,jmi ndasenjin tajnia nangini.</para>
         </listitem>
         <listitem>
            <para>- Kokui kjuakixi xi tsay’a kui kjuakiti,kamajin tse kuitjatjon nt’a batse ijniá ngayije naxinánda xi katsenda kui xujun.</para>
         </listitem>
      </orderedlist>
   </article>
   <article number="15">
      <title>Xki tjion.- 15</title>
      <orderedlist>
         <listitem>
            <para>- Nga yije xuta tjinrikjua nga kuee ngo nangi.</para>
         </listitem>
         <listitem>
            <para>- Tay’ajin xima miyotjingi ngindie,kotima jin tsexin t’en kinchen tse kuin ngo xuta.</para>
         </listitem>
      </orderedlist>
   </article>
   <article number="16">
      <title>Xki tjion ngo.- 16</title>
      <orderedlist>
         <listitem>
            <para>- Kui ja xi’in ngojo inchjín,ngeje facho no’o tjinkjua ngakama kuixan ko kama kuee ndi,taxi kaskori nga kuindojo mijinibejin kjua kuini ko ngondsejen ngachjen nganda kuindo,kotse xikojo kuiindo xkjin ndajo nga, sian xki.</para>
         </listitem>
         <listitem>
            <para>- Kjiamatsi tse bakjii xi xichjon ngojo xi’in kjiatsi nga manian ngo kjua bixan.</para>
         </listitem>
         <listitem>
            <para>- Kui xuta xi binda ngo ngindie,ko kuikjua nga chjenga ndaxchon, ko tjinkjua nga skon xtitjón.</para>
         </listitem>
      </orderedlist>
   </article>
   <article number="17">
      <title>Xki tjion jo.- 17</title>
      <orderedlist>
         <listitem>
            <para>- Ngadindie xuta chjenga kuee ngo ngandie,tse kijniá ngojo tajminini,tse tsiee sobáa ngojotse seenxa xtín.</para>
         </listitem>
         <listitem>
            <para>- Ngo jinxi taxkiya kama kjuaaxin ngonixi tikon ngo xuta.</para>
         </listitem>
      </orderedlist>
   </article>
   <article number="18">
      <title>Xki tjion jan.- 18</title>
      <para>Ngayije xuta tjinkjua nga koxiee kokjintokon ngamatsen niximejen seen,tse skuenjin nena, ko ti baeri kjuanga tse kosikjó kokjintokon taxkotsen mejenri nga skue ndikon nen.tse kjotsobaa sobáa ngojo tse xuta kjotsobajin, taxkotsen mejenrí seen matsen nixi makjiin.</para>
   </article>
   <article number="19">
      <title>Xki tjion nijan.- 19</title>
      <para>Tjinkjua nga seenkjó ko kuichjáa ngayije xuta ko tikieni tsatsanga tay’ajin xima tsenxtina tangat’a tse kondakjua nixi makjina ngojo tse ngoxáa xi kiniaan koma naxiee kuini tsiee nga ngatomabe tay’a naxidándani, kota jnia ngatjachóo.</para>
   </article>
   <article number="20">
      <title>Xki kan.- 20</title>
      <orderedlist>
         <listitem>
            <para>- Ngandindie xuta tjinriiiikjuakixi nga skoya ko kuiitiko xkjin nga tanga jmin kjuaxti kuejin.</para>
         </listitem>
         <listitem>
            <para>- Ngojin xi manian kjuañoo tse kie tintjejine tsekuin.</para>
         </listitem>
      </orderedlist>
   </article>
   <article number="21">
      <title>Xki kan ngo.- 21</title>
      <orderedlist>
         <listitem>
            <para>- Tay’a xutani tjinkjua nga seen tajmin xáni xichjia xtitión.</para>
         </listitem>
         <listitem>
            <para>- Ngayije xuta tjinkjua nga kosienjin yije xamasien xitjíin xtitjón xichjia nangíi.</para>
         </listitem>
         <listitem>
            <para>- Kui nanxinánda xi batixumaa xuta xitjinxáa ko ngatsie ngatsie tjinkjua nga kosikjóo ngayije xuta xáa.</para>
         </listitem>
      </orderedlist>
   </article>
   <article number="22">
      <title>Xki kan jo.- 22</title>
      <para>Ngayije xuta,xkotse ngakia batixuma ngaya ngo nangi tjikjua nga kosienijón xtitjón ngatsaa tse mindini xi machjen,xkotse ndiki, naxkiya,ngojo tajminini xi machjena nga tinchon tsienga ma xutana yijona.</para>
   </article>
   <article number="23">
      <title>Xki kan jan.- 23</title>
      <orderedlist>
         <listitem>
            <para>- Ngayije xuta chjenga kuee ngo xa’a xiseen kokui xibe mixáa ximejen seen.</para>
         </listitem>
         <listitem>
            <para>- Tjin kjua ngondsejen kama chjii xuta tse tangotokoya xa’xi ndsen,jmijinxi nk’a ko ngindie kamachíi.</para>
         </listitem>
         <listitem>
            <para>- Chjenga nda kama chjíi ngayije xutaxi ndsenxá,tsiee nga kamaxcha xuta tsiee ko tse minixi kjamaa tjinkjua nga kosikojo.</para>
         </listitem>
         <listitem>
            <para>- Tjinrikua ngayije xuta nga kuiitiko xkjin tsiee nga skantjejo xtinyijo tsemini xindajin kjii kjamateen.</para>
         </listitem>
      </orderedlist>
   </article>
   <article number="24">
      <title>Xki kan nijun.- 24</title>
      <para>Tjinkjua nga seen kjay’a xuta nga kuitsama tsabe nga’a ko chiba ngatjabee nga seenxá ko xki nga koe nga seen kjay’a ngatamachjíi.</para>
   </article>
   <article number="25">
      <title>Xki kan un.- 25</title>
      <orderedlist>
         <listitem>
            <para>- Ngayije xuta chjen nga nda kuindo,nga nda ngaskochi nixi skinie,ngatjaabe jniun xi kojaa,ngatjaabe ndiy’a,ngatama ndikíi. Ko ti tjinkjua nga sian ndikii,tsexikojo jmixájin, ngojotse kamanima,tse kamaxian,tse kamaxcha ngojotse ngindi majin tsenxki soba’a yijo.</para>
         </listitem>
         <listitem>
            <para>- Ngadindie inchjín xi naa ngo jakjandí,chjenga ndasian xki,tikuinii tse kia katsen t’a na’mii ngojo naa,ngojotse katsen sobáa, chjenga ngo ndsen sian xki.</para>
         </listitem>
      </orderedlist>
   </article>
   <article number="26">
      <title>Xki kan jun.- 26</title>
      <orderedlist>
         <listitem>
            <para>- Ngandindie xuta chjenga kuitsama naxkiya ko jmikjuajin nga kamachjitjee kui naxkiya xitjon mintjaa.ko tanisie tjinri kjuaño nga koje kui naxkiya ngayije xuta ngayije ximafí naxkiyaxi nk’a tanga machjitjee.</para>
         </listitem>
         <listitem>
            <para>- Kuinixi kjii nga tjinkjua nga kojee naxkiya tsiee nga kosikojo yijo xuta,ngojo tsieenga kamakjin yije xuta, tsieenga nda kuindo ko ngojin kjuaxti kue ngayije nanxinánda.</para>
         </listitem>
         <listitem>
            <para>- Kui na’mi ja kjandí xibe mi naxkiya xi seenkjí ndii.</para>
         </listitem>
      </orderedlist>
   </article>
   <article number="27">
      <title>Xki kan yito.- 27</title>
      <orderedlist>
         <listitem>
            <para>- Matsen ngandindie xuta nixi ndsen naxinánda kiania tjindo,kotse skochi nditon kjuaño tjin nga ngayije xi siangason kui ton ngojot se minixi sko tangat’a xáxi ndseen.</para>
         </listitem>
         <listitem>
            <para>- Ngayije xuta xi dsenda ni,xkotse entsatsó ngojo tse sóo ngojo tse kjaani,tjinkjua nga nda xchitsijen ndakamateen kui xuta.</para>
         </listitem>
      </orderedlist>
   </article>
   <article number="28">
      <title>Xki kan jin.- 28</title>
      <para>Tjinkjua nga ngayije xkotse seengaño tsieenga kjuatason ko ngatama kixi kui enxi kjit’a kui xujun.</para>
   </article>
   <article number="29">
      <title>Xki kan nijan.- 29</title>
      <orderedlist>
         <listitem>
            <para>- Ngandindie xuta xi tjindo ngo ngaya nangi tjinkjua nga see katjoson ngayije nixi kjama nt’a kie kjamaxcha yijo.</para>
         </listitem>
         <listitem>
            <para>- Ngeje tsetsen kjatjoson,nganda t’saba ko nga jmin kuaxtijin,jeje ndakjii ngabakjii,ko takuitsini xi skon yijo,nga tsanié tsafejin kui ndiya kjuakiti.tsiee nganda kuijniá kui xuta.</para>
         </listitem>
         <listitem>
            <para>[Art. 29.3 is not available]</para>
         </listitem>
      </orderedlist>
   </article>
   <article number="30">
      <title>Xki ka tié.- 30</title>
      <para>Kamajin tse batsen sian kjin tokon,tsetsara ngañóo ngo xuta, ngojotse ngonangi, tsiee nga taskitjee kui en tsekuin nt’a chjenxo nga kjotjason yije nixi kjit’a kui xujun.</para>
   </article>
</udhr>