<?xml version="1.0" encoding="UTF-8"?>

<!--© The Office of the High Commisioner for Human Rights-->

<udhr iso639-3='tpi' xml:lang='tpi' key='tpi' n='Tok Pisin' xmlns="http://www.unhchr.ch/udhr">
  <title>TOKSAVE LONG OL RAITS BILONG OL MANMERI LONG OLGETA HAP BILONG DISPELA GIRAUN</title>
  <preamble>
    <title>AS BILONG TOKTOK</title>
    <para>Long luksave olsem olgeta manmeri mas igat respek, na olgeta manmeri long dispela graun igat wankain raits long bihainim laik bilong ol, long gat lo na oda na gat gutpela sindaun.</para>
    <para>Long ol hap nambaut taim manmeri i no luksave long raits bilong ol narapela manmeri, dispela tingting we ol manmeri mas gat fridom long toktok, gat fridom blong igat bilip, fridom long noken poret na fridom long laikim ol kainkain samting. Dispela em i bikpela samting bilong olgeta manmeri.</para>
    <para>Long wanem em i gutpela stret, sapos man i no inap hariapim narapela long halivim em, olsem laspela samting, long i go egensim man o meri igat olgeta pawa insait long kantri na husat i save lukautim ol pipol bilong em long nogut pasin tasol, na dispela raits blong ol manmeri em lo bai lukautim na banisim.</para>
    <para>Long wanem, em i gutpela stret long strongim pasin bilong kamapim gutpela sindaun namel long ol kantri.</para>
    <para>Long tingting bilong ol manmeri we i memba bilong Yunaited Nesens insait long Jata, strongim gen bilop bilong ol long raits bilong manmeri, long soim respek, na long soim olsem wanwan man na wanwan merigat raits, na bai ol i strong long kamapim gutpela sindaun long ples bilong ol, na kamapim gutpela laip long laik bilong ol wanwan yet.</para>
    <para>We wanwan memba kantri bin tok long kamapim, wantaim Yunaited Nesens, pasin bilong respektim na lukautim raits na fridom bilong manmeri.</para>
    <para>Long dispela, olgeta manmeri mas save long raits na fridoms em i wanpela bikpela samting tru bilong wanwan manmeri.</para>
    <para>Nau, Olsem na</para>
    <para>Jenerol Assembli</para>
    <para>Tokaut long dispela toksave long raits bilong manmeri long olgeta hap bilong dispela giraun. Long kamapim wanpela wei bilong olgeta manmeri na olgeta kantri, na olgeta wanwan manmeri, na olgeta samting I save mekim kamap komuniti, tingim dispela toksave, ol I mas skulim ol man meri bilong strongim, insait long wanwan kantri na tu long ol narapela kantri.</para>
  </preamble>
  <article number="1">
    <title>Atikel 1</title>
    <para>Yumi olgeta mama karim umi long stap fri na wankain long wei yumi lukim i gutpela na strepela tru. Uumi olgeta igat ting ting bilong wanem samting I rait na rong na mipela olgeta I mas mekim gutpela pasin long ol narapela long tingting bilong brata susa.</para>
  </article>
  <article number="2">
    <title>Atikel 2</title>
    <para>Yumi manmeri igat olgeta raits na fridom i stap long dispela toksave, na noken skelim ol kainkain ol nammeri long ol samting olsem, kala bilong skin, em man o meri, tokples, lotu, politik, o ol narapela tingting, kantri o wanem hap yu kam long en, ol samting yu i gat, taim ol manmeri bon, o ol narapela samting.</para>
    <para>Moa yet, noken mekim narapela samting long ol manmeri long as bilong wok politiks, wok jastis, o wok namel long ol kantri ilong dispela giraun o hap ol manmeri i kam long en, sapos em i free o narapela kantri i lukautim, i nogat gavman bilong ol yet o i aninit yet long pawa bilong king na kwin.</para>
  </article>
  <article number="3">
    <title>Atikel 3</title>
    <para>Yumi olgeta igat rait long stap laip, fri na sef.</para>
  </article>
  <article number="4">
    <title>Atikel 4</title>
    <para>Nogat manmeri mas stap na wok olsem slev. Yumi olgeta i mas stopim wok slev na wok bilong salim ol manmeri olsem slev.</para>
  </article>
  <article number="5">
    <title>Atikel 5</title>
    <para>Nogat wanpela manmeri igat rait long givim pen nating long narapela na bagarapim nem, kros, pasin nogut o nogut wei bilong panisim manmeri.</para>
  </article>
  <article number="6">
    <title>Atikel 6</title>
    <para>Olgeta manmeri long olgeta hap igat rait long luksave blong lo.</para>
  </article>
  <article number="7">
    <title>Atikel 7</title>
    <para>Maski yu wanem kain man o meri, yumi olgeta igat wankain raits tasol long lo. Sapos lo ino luksave long yumi wankain, yumi gat rait long tokaut long lo.</para>
  </article>
  <article number="8">
    <title>Atikel 8</title>
    <para>Olgeta manmeri igat rait long kot, long sanap long kot na kisim kompensesen sapos narapela manmeri o gavman i no bihainim Mama Lo bilong kantri bilong yumi.</para>
  </article>
  <article number="9">
    <title>Atikel 9</title>
    <para>Nogat wanpela man o meri o polis igat pawa long holim yu nating o rausim yu long haus bilong yu o long rot na kalabusim yu long rumgat o rausim yu go stap long narapela ples o kantri.</para>
  </article>
  <article number="10">
    <title>Atikel 10</title>
    <para>Ol manmeri igat rait long sanap na harim kot long ples klia, na husat i harim kot i mas stap fri long ol kainkain tingting long wokim gutpela tingting.</para>
  </article>
  <article number="11">
    <title>Atikel 11</title>
    <orderedlist>
      <listitem>
	<para>Olgeta wanwan manmeri we i sanap long kot, ol igat rait long tok ol i no bin rong, inap kot i ken soim rong bilong ol, na ol igat rait long behim tok bilong kot.</para>
      </listitem>
      <listitem>
	<para>Na tu, lo i noken putim nupela lo na kalbusim gen.</para>
      </listitem>
    </orderedlist>
  </article>
  <article number="12">
    <title>Atikel 12</title>
    <para>Nogat wanpela man o meri igat rait long go insait long haus bilong narapela man o meri, o nogat rait long lukim pas bilong narapela man o meri, o holim o lukim samting bilong narapela man o meri. Na tu i nogat man o meri igat rait long bagarapim nem bilong narapela man o meri o daunim nem bilong em. Na lo mas stap long banisim dispela kain ol hevi o pasin olsem.</para>
  </article>
  <article number="13">
    <title>Atikel 13</title>
    <orderedlist>
      <listitem>
	<para>Yumi gat rait long wokabout na raun insait long kantri bilong yumi.</para>
      </listitem>
      <listitem>
	<para>Na tu yumi gat rait long go/kam long kantri bilong yumi na go/kam long narapela kantri.</para>
      </listitem>
    </orderedlist>
  </article>
  <article number="14">
    <title>Atikel 14</title>
    <orderedlist>
      <listitem>
	<para>Olgeta manmeri igat rait long painim amamas long narapela kantri taim kantri bilong ol yet i laik patim, o bagarapim, o poretim, o kilim, o kalabusim ol nating..</para>
      </listitem>
      <listitem>
	<para>Dispela rait ol no inap yusim sapos kantri bilong yu yet laik kotim na kalabusim yu sappos yu brukim la long kantri na as i no bilong politik o I no bihainim lo or paisin bilong Yunaited Nesens.</para>
      </listitem>
    </orderedlist>
  </article>
  <article number="15">
    <title>Atikel 15</title>
    <orderedlist>
      <listitem>
	<para>Taim mama karim yumi, yumi olgeta igat rait long gat asples o kantri bilong yumi.</para>
      </listitem>
      <listitem>
	<para>Ino gat wanpela man o meri igat rait long rausim asples o kantri blong yumi. Na yumi olgeta igat rait long senisim asples o kantri bilong yumi.</para>
      </listitem>
    </orderedlist>
  </article>
  <article number="16">
    <title>Atikel 16</title>
    <orderedlist>
      <listitem>
	<para>Ol Manmeri i bikpela pinis igat rait long marit, maski blek o wait, wanem lotu o wanem lotu o wamem kantri yu kam long em.</para>
      </listitem>
      <listitem>
	<para>Tupela mas marit long laik bilong tupela yet, nogat narapela man o meri inap hariapim ol long marit.</para>
      </listitem>
      <listitem>
	<para>Femili emi bikpela samting tru na komumiti wamtaim gavaman mas banisim na lukautim ol.</para>
      </listitem>
    </orderedlist>
  </article>
  <article number="17">
    <title>Atikel 17</title>
    <orderedlist>
      <listitem>
	<para>Yumi olgeta igat rait long baim ol samting bilong yumi olsem, haus, graun.</para>
      </listitem>
      <listitem>
	<para>I no gat wanpela man or meri igat rait long rausim nating haus o samting bilong yu.</para>
      </listitem>
    </orderedlist>
  </article>
  <article number="18">
    <title>Atikel 18</title>
    <para>Yumi olgeta igat raits long tingting long ol kainkain samting, lotu na bilip tu. Na yumi igat rait long senisim ol dispela tingting tu, na yumi igat rait long stap olsem, olsem yu yet o wantaim narapela, na skelim tingting na bilip wantaim ol narapela.</para>
  </article>
  <article number="19">
    <title>Atikel 19</title>
    <para>Yumi olgeta igat rait long tingting na tokaut, na narapela man o meri nogat rait long stopim yu. Na tu, yumi gat rait long putim tingting long niuspepa, radio na tv.</para>
  </article>
  <article number="20">
    <title>Atikel 20</title>
    <orderedlist>
      <listitem>
	<para>Yumi olgeta igat rait long bung wantaim ol narapela.</para>
      </listitem>
      <listitem>
	<para>Narapela man o meri nogat rait long pulim na stopim yu long bung wantaim ol narapela manmeri.</para>
      </listitem>
    </orderedlist>
  </article>
  <article number="21">
    <title>Atikel 21</title>
    <orderedlist>
      <listitem>
	<para>Yumi olgeta gat rait long stap insait long gavman, sapos yu sanap long eleksen o yu makim narapela long sanap long sait bilong yu.</para>
      </listitem>
      <listitem>
	<para>Olgeta manmeri igat rait long kisim wankain pablik sevis olsem ol narapela manmeri insait long kantri blong ol.</para>
      </listitem>
      <listitem>
	<para>Yumi olgeta gat rait long makim husat man o meri yu laik makim.</para>
      </listitem>
    </orderedlist>
  </article>
  <article number="22">
    <title>Atikel 22</title>
    <para>Olgeta manmeri na pikinini i wanpela memba long sosaiti, igat rait long stap long gutpela laip na gutpela sindaun, igat rait long kisim halivim long kantri, na ol wanem kain halivim save kam long ol intanesenel lain tasol ol wanwan manmeri mas bihainim laik bilong ogenaisesen na riso bilong gavman.</para>
  </article>
  <article number="23">
    <title>Atikel 23</title>
    <orderedlist>
      <listitem>
	<para>Olgeta igat rait long wok na yumi olgeta igat rait long wok long wanem kain wok yumi laikim. Wokples mas i stap gutpela wei yumi no inap painim bagarap na yumi mas was gut long pasin nogat wok.</para>
      </listitem>
      <listitem>
	<para>Yumi olgeta, maski i kam long wanem hap, mas kisim wankain moni long wankain wok.</para>
      </listitem>
      <listitem>
	<para>Olgeta i wok igat rait long kisim pei na pei i mas inap long lukautim yu yet wantaim femili, sapos nogat yu gat rait long kisim moni long sampela narapela hap long karamapim dispela hap long karamapim dispela ol nids biong yu wantaim femeili.</para>
      </listitem>
      <listitem>
	<para>Yumi olgeta igat rait long kamapim na kamap memba long wanpela group husat sanag long raits bilong yumi ol wok manmeri – ol i save kilim ”tred union”</para>
      </listitem>
    </orderedlist>
  </article>
  <article number="24">
    <title>Atikel 24</title>
    <para>Yumi olgeta igat rait long malolo na wok sotpela taim tasol. Na tu, yumi igat rait long kisim pei long taim bilon maolo.</para>
  </article>
  <article number="25">
    <title>Atikel 25</title>
    <orderedlist>
      <listitem>
	<para>Yumi olgeta igat rait long stap gut na lukautim femili bilong yumi, long halivim olsem, kaikai, klos, haus na marasin. Sapos manmeri i no gat wok, em sik, kisim bagarap long sampela hap long bodi, lapun stret, na ol narapela samting i mekim sindaun i hat. Yum igat rait long askim gavman long halivim.</para>
      </listitem>
      <listitem>
	<para>Mama na pikinini ol i bikpela samting long laip bilong yumi olgeta. Ol igat rait long painim na kisim gutpela halivim na yumi mas lukautim ol gut. Maski pikinini igat papa o pikinini bilong rot. Ol pikinini igat wankain raits na olgeta gat rait long painim na kisim gutpela halivim.</para>
      </listitem>
    </orderedlist>
  </article>
  <article number="26">
    <title>Atikel 26</title>
    <orderedlist>
      <listitem>
	<para>Olgeta manmeri gat rait long edukesen. Olgeta pikinini mas go long kominiti skul, skul i bikpela samting na olgeta pikinini mas go long kominiti skul fri. Olgeta manmeri i mas igat wankain rait long go long narapela kain skul o teknikel skul. Skul mas stap long lainim mipela long gutpela pasin bilong gutpela sindaun wantaim ol narapela manmeri na pasin bilong helpim na laikim ol.</para>
      </listitem>
      <listitem>
	<para>Education i mas redim yumi long strongim rispek long ol human rights na fridom. Education i mas promotim save na wok bung wantaim ol narapela kantri. Yumi noken wari olsem pasin bilong ol o lotu bilong ol i narapela long yumi. Yumi i mas skruim wok bilong Yunaited Nesens long kamapim na larim peace.</para>
      </listitem>
      <listitem>
	<para>Olgeta papa mama igat rait long painim wanem kain skul i gutpela long pikinini bilong ol.</para>
      </listitem>
    </orderedlist>
  </article>
  <article number="27">
    <title>Atikel 27</title>
    <orderedlist>
      <listitem>
	<para>Yumi olgeta gat rait long bihainim gutpela tumbuna pasin bilong yumi waintaim ol nupela pasin olsem, caving, potri, penting, tumbuna singsing na stori. Yumi gat rait long serim o usim gutpela samting i kam long ol save manmeri ol kolim scientist husat mekim nupela kainkain save.</para>
      </listitem>
      <listitem>
	<para>Tu yumi yet mas kisim samting long wok yu mekim kamap, narapela noken kisim nem o namba long wok bilong narapela man o long samting we em i mekim kamap.</para>
      </listitem>
    </orderedlist>
  </article>
  <article number="28">
    <title>Atikel 28</title>
    <para>Yumi olgeta igat rait long gavmen bilong mipela long kamapim dispela kain ol lo long kantri bilong yumi. Na olgeta kantri long wol i mas igat gutpela sindaun na wok bung wantaim.</para>
  </article>
  <article number="29">
    <title>Atikel 29</title>
    <orderedlist>
      <listitem>
	<para>Yumi olgeta igat risponsibiliti o wok long wokim insait long komuniti long kamapim ol dispela ol raits.</para>
      </listitem>
      <listitem>
	<para>Ol raits i mas igat lo i stap long lukautim raits bilong ol narapela, raits bilong yu no inap daunim raits bilong narapela.</para>
      </listitem>
      <listitem>
	<para>No gat wanpela man o meri inap kamapim nupela lo insait long komuniti we lo i no binainim lo bilong Yunaited Nesens.</para>
      </listitem>
    </orderedlist>
  </article>
  <article number="30">
    <title>Atikel 30</title>
    <para>No at wanpela narapela man o meri o kantri inap long usim dispela human raits lo long kamapim birua long narapela o bagarapim ol raits na fridom bilong yu.</para>
  </article>
</udhr>
