<?xml version="1.0" encoding="UTF-8"?>

<!--© The Office of the High Commisioner for Human Rights-->

<udhr iso639-3='sna' xml:lang='sn' key='sna' n='Shona' xmlns="http://www.unhchr.ch/udhr">
  <title>KURUDZIRO YEKUCHENGETEDZVA KWEKODZERO DZEVANHU PASI POSE</title>
  <preamble>
    <title>ZARURO</title>
    <para>Sezvo kucherechedza hunhu nekodzero yakayenzana yomunhu wese pasi pose iriyo mviromviro yomutongero uri pachokwadi norunyararo panyika.</para>
    <para>Sezvo kusatevera nekusvora kodzero dzevanhu zvakamboita kuti kuve noutsinye hwakarwadza pfungwa dzevanhu pasi pose, nokuuya kwenyika inevanhu vachafadzwa norusununguko nokutaura zvavanoda zvakapikirwa sezvinangwa zvinodiwa kuvanhu vese vese.</para>
    <para>Sezvo chiri chinhu chinokosha, kana munhu asingazomanikidzirwa kuita somukana wokupedzisira, kupandukira hutongi hwakaipa kana hudzvanyiriri, kuti, kodzero dzevanhu dzichengetedzwe nohutongi hwomutemo.</para>
    <para>Sezvo vanhu vese veMubatanidzwa weNyika, muchisununguko ichi, varatidzazve chitendero chavo mukodzero dzavanhu dzinokosha, uyewo muhunhu nohukoshi homunhu wega wega, munezvekodzero yakayenzana yavanhurume navanhukadzi, zvekare vazvishingisa kukurudzira budiriro mumagariro nokusimudzirwa kohupenyu huri nani murusununguko rwunokosha rwakawedzerwa.</para>
    <para>Sezvo kunzwisisa pamwechete kodzero idzi norusununguko zvichikosha zvakanyanya kuti chisungo chibudirire.</para>
    <para>Saka Nokudaro</para>
    <para>GUNGANO ROMUBATA - NIDZWA WENYIKA DZEPASI POSE</para>
    <para>rinozivisa</para>
    <para>NEZVEKURUDZIRO INO YEKUCHENGETEDZVA KWEKODZERO DZEVANHU PASI POSE sechiratidzo chokubudirira pamwechete kwavanhu vese nemarudzi ese, pedzisire munhu wese nenhengo dzese dzemunyika vavekuchengetedza kurudziro ino, vachishingirira nokudzidzisa uyewo kuita mabasa ekudzidzisa nokukurudzira kuremekedzwa kwekodzero dzino nerusununguko namatanho okubudirira munyika kana pasi pose, kuita kuti kodzero idzi dzicherechedzwe zvakakwana nokuchengetedzwa pasi pose nevanhu vemunyika dzinova nhengo uyewo vanhu vanogara mumatunhu ari pasi penyika idzodzo.</para>
  </preamble>
  <article number="1">
    <title>1. Chisungo cheKutanga</title>
    <para>Vanhu vese vanoberekwa vakasununguka uyewo vakaenzana pahunhu nekodzero dzavo. Vanhu vese vanechipo chokufunga nekuziva chakaipa nechakanaka saka vanofanira kubatana nomweya wohusahwira.</para>
  </article>
  <article number="2">
    <title>2. Chisungo cheChipiri</title>
    <para>Munhu wese anofanirwa kuwana kodzero norusununguko samataurirwo azvakaitwa mukurudziro ino, pasina kusarura kupi zvako, kwakaita sekwerudzi rwake, ruvara rwake kana kuti munhurume kana kuti munhukadzi here, mutauro wake, svondo yake, kana kuti mafungiro ake munezvematongerwo enyika kana zvipi zvazvo.</para>
    <para>Zvekare, hapana kusarura kuchaitwa nokuda kwemamiriro munezvematongerwo enyika, mutongero kana kuti mamiriro enyika kana dunhu raanogara muneipi zvayo nyika pasi pose, ingava nyika yakasununguka, nyika iri kufanotongwa, kana nyika isati yawana kuzvitonga kuzere kana chipi zvacho chipingidzo pakuzvitonga.</para>
  </article>
  <article number="3">
    <title>3. Chisungo cheChitatu</title>
    <para>Munhu wese anekodzero yokurarama, kuvanerusununguko nokuzvichengetedza iye omene.</para>
  </article>
  <article number="4">
    <title>4. Chisungo cheChina</title>
    <para>Hapana munhu achachengetwa muhuranda kana kuitwa semuranda, huranda nekutengeswa kwevanhu neipi zvayo nzira hazvizotenderwi.</para>
  </article>
  <article number="5">
    <title>5. Chisungo cheChishanu</title>
    <para>Hapana munhu anofanirwa kurwadziswa kana kuitirwa hutsinye, kubatwa semhuka kana kuitwa zvinoderedza, kana upi zvawo murangiro wakadaro.</para>
  </article>
  <article number="6">
    <title>6. Chisungo cheChitanhatu</title>
    <para>Vanhu vese vakayenzana pamberi pomutemo uye vanekodzero, pasina rusarura, yokuchengetedzwa zvakayenzana nomutemo.</para>
  </article>
  <article number="7">
    <title>7. Chisungo cheChinomwe</title>
    <para>Munhu wese anekodzero yokuenzanisirwa chichemo chake zvakakwana namatare ari pachokwadi emunyika make apo anenge aitirwa zvinotyora kodzero dzinokosha dzaanopiwa nebumbiro remitemo kana iwo mutemo pachawo. Munhu wese anenzira yekudzivirirwa yakafanana neyavamwe kubva murusarurwo rwose zvarwo runotyora mitemo yekurudziro ino.</para>
  </article>
  <article number="8">
    <title>8. Chisungo cheChisere</title>
    <para>Munhu wese anekodzero yekumirirwa nematare kana akatyorerwa kodzero dzake dzaainadzo pasi pebumbiro remitemo kana mitemo pachayo.</para>
  </article>
  <article number="9">
    <title>9. Chisungo cheChipfumbamwe</title>
    <para>Hapana munhu achasungwa, kupfigirwa mutorongo kana kudzingwa munyika make zvisiri pamutemo.</para>
  </article>
  <article number="10">
    <title>10. Chisungo cheGumi</title>
    <para>Munhu wese anofanirwa kuwana mukana wakaenzana uri pachokwadi wokumira pamberi pedare remhosva rakasununguka, risinadivi rarinorerekera, apo kodzero yake nezvaanotarisirwa kuti aite zvinenge zvichivhenekwa, uyewo kana achinge achipomerwa mhosva ipi zvayo.</para>
  </article>
  <article number="11">
    <title>11. Chisungo cheGumi nemwe</title>
    <orderedlist>
      <listitem>
	<para>(Chekutanga) Munhu wese anenge apomerwa mhosva iyo ingaita kuti apiwe chirango, anekodzero yokubatwa somunhu asina mhosva kusvikira pawanikwa umbowo hokuti anemhosva, achizobatwa nayo pamberi poruzhinji nedare, apo paanenge apihwa mukana wezvose zvaangade pakuzvimirira.</para>
      </listitem>
      <listitem>
	<para>(Chechipiri) - Hapana munhu anofanirwa kunzi anemhosva pamutemo wenyika kana mutemo wenyika dzepasi pose, panguva yechiitiko ichocho. Uyewo hapana chirango chakapfurikidza chinofanirwa kutemerwa munhu chisingawirirani nechirango chaikodzera panguva yokuparwa kwemhosva yacho inenge iripadare.</para>
      </listitem>
    </orderedlist>
  </article>
  <article number="12">
    <title>12. Chisungo cheGumi neMbiri</title>
    <para>Hakuna munhu achafanirwa kuongororwa zvisiripamutemo munezvemagariro ake, zvemhuri yake, musha wake kana matsamba ake, uyewo kushorwa nokuderedzerwa pahunhu, nechimiro chake. Munhu wese anekodzero yokudzivirirwa nemutemo kubva mukuderedzerwa nekutadzikirwa kwakadaro.</para>
  </article>
  <article number="13">
    <title>13. Chisungo cheGumi neNhatu</title>
    <orderedlist>
      <listitem>
	<para>(Chekutanga) - Munhu wese anekodzero yokuva norusununguko rwokufamba nokugara mukati menyika imwe neimwe.</para>
      </listitem>
      <listitem>
	<para>(Chechipiri) - Munhu wese anekodzero yokubuda muneipi zvayo nyika, zvichibatanidza nyika yake, uyewo kudzokerazve kunyika yake.</para>
      </listitem>
    </orderedlist>
  </article>
  <article number="14">
    <title>14. Chisungo cheGumi nena</title>
    <orderedlist>
      <listitem>
	<para>(Chekutanga) - Munhu wese anekodzero yokutsvaga nekupiwa pekupotera kunedzimwe nyika kana ari kuvhundutsirwa.</para>
      </listitem>
      <listitem>
	<para>(Chechipiri) - Iyi kodzero haigone kushandiswa kana asungwa pachokwadi nemhosva dziri pachena kuti hadzisi dzezvematongerwo enyika mushure mokuita mabasa anotyora zvinangwa nemitemo yeMubatanidzwa wenyika dzepasi pose.</para>
      </listitem>
    </orderedlist>
  </article>
  <article number="15">
    <title>15. Chisungo cheGumi neShanu</title>
    <orderedlist>
      <listitem>
	<para>(Chekutanga) - Munhu wese anekodzero yokuva nenyika yaanobva.</para>
      </listitem>
      <listitem>
	<para>(Chechipiri) - Hapana munhu achashaiswa nyika yake yaanogara kana kurambidzwa kuenda kundogara kuneimwe nyika.</para>
      </listitem>
    </orderedlist>
  </article>
  <article number="16">
    <title>16. Chisungo cheGumi neNhanhatu</title>
    <orderedlist>
      <listitem>
	<para>(Chekutanga) Vanhurume nevanhukadzi vabvezero, vanekodzero yokuroorana nokuumba mhuri, pasina kudziviswa nokuda kwerudzi, nyika yechizvarwa kana svondo yavanopinda. Vanhu ava vanekodzero dzakaenzana munyaya dzezvekuvaka imba, pakuchata nemukuparadzwa kwawo.</para>
      </listitem>
      <listitem>
	<para>(Chechipiri) - Wanano ichaitwa chete kana paine tenderano yakakwana pakati paavo vanoda kuwanana.</para>
      </listitem>
      <listitem>
	<para>(Chechitatu) - Mhuri ndiyo musimboti womubatanidzwa unokosha mumusha uye inekodzero yokuchengetedzwa omene.</para>
      </listitem>
    </orderedlist>
  </article>
  <article number="17">
    <title>17. Chisungo cheGumi neChinomwe</title>
    <orderedlist>
      <listitem>
	<para>(Chokutanga) - Munhu wese anekodzero yekuita pfuma ariega kana kuti akabatana nevamwe.</para>
      </listitem>
      <listitem>
	<para>(Chechipiri) - Hakuna munhu achatorerwa pfuma yake.</para>
      </listitem>
    </orderedlist>
  </article>
  <article number="18">
    <title>18. Chisungo cheGumi neSere</title>
    <para>Munhu wese anekodzero yorusununguko mupfungwa, mumaonero, nemumanamatiro ake; kodzero iyi inobatanidza rusununguko rwokuchinja svondo kana mafungiro, zvekare kuva norusununguko pachake kana navamwe, pachena kana muchivande, rwokunamata kana rwomumafungiro ake muzvidzidziswa, kuitwa kwazvo, munamatirwo kana mumacherechedzerwo azvo.</para>
  </article>
  <article number="19">
    <title>19. Chisungo cheGumi nePfumbamwe</title>
    <para>Munhu wese anekodzero yokuva norusununguko rwemaonero ake pasina kukanganiswa, rwekutsvaga, rwekuudzwa kana rwekuzivisa mashoko nemafungiro neipi zvayo nzira zvisineyi nezvemiganhu yenyika.</para>
  </article>
  <article number="20">
    <title>20. Chisungo cheChimakumi maviri</title>
    <orderedlist>
      <listitem>
	<para>(Chekutanga) Munhu wese anekodzero yokuva norusununguko rwokusangana nokuvanamwe murunyararo</para>
      </listitem>
      <listitem>
	<para>(Chechipiri) - Hapana munhu anofanirwa kumanikidzwa kuvenhengo yeripi zvaro bato.</para>
      </listitem>
    </orderedlist>
  </article>
  <article number="21">
    <title>21. Chisungo cheChimakumi maviri nemwe</title>
    <orderedlist>
      <listitem>
	<para>(Chekutanga) - Munhu wese anekodzero yokubatsira mukutongwa kwenyika yake, pachake kana kuburikidza nekuvamiriri vakasarudzwa zviri pachena.</para>
      </listitem>
      <listitem>
	<para>(Chechipiri) - Munhu wese anekodzero yakaenzana yokushandira hurumende yomunyika yake.</para>
      </listitem>
      <listitem>
	<para>(Chechitatu) - Zvido zvevanhu ndizvo zvchava musimboti wemasimba okutonganawo hurumende: zvido izvi zvicharatidzwa nguva nenguva nesarudzo iri pachokwadi iyo ichange ichizoitwa nomunhu wese anekodzero yokuvhota, sarudzo iyi ichaitwa vanhu vakasununguka uye zvisina kubiridzira .</para>
      </listitem>
    </orderedlist>
  </article>
  <article number="22">
    <title>22. Chisungo chechimakumi maviri nembiri</title>
    <para>Munhu wese, senhengo yorudzi, anekodzero yokuwana magariro akanaka, uye anofanirwa kuwana kubva mumushandira pamwe wenyika dzepasi pose zvichitevera marongerwo ohupfumi hwenyika imwe neimwe, hupfumi, magariro nekodzero, dzetsika dzemagariro ake nokuita munhu anova zvaanoda kuva.</para>
  </article>
  <article number="23">
    <title>23. Chisungo chechimakumi maviri nenhatu</title>
    <orderedlist>
      <listitem>
	<para>(Chekutanga) - Munhu wese anekodzero yokushanda, kusarudza basa raanoda kuita, nekuva nomushandiro wakanaka uyewo nekudzivirirwa kuti asaite rovha.</para>
      </listitem>
      <listitem>
	<para>(Chechipiri) - Munhu wese, pasina kusarura kupi zvako, anekodzero yokuwana mugove wakaenzana nowomunhu wese anoita basa serake.</para>
      </listitem>
      <listitem>
	<para>(Chechitatu) - Munhu wese anoshanda anekodzero yokuwana mugove wakanaka zvichiita kuti iye pachake nemhuri yake vawane magariro anokodzera ehunhu uchiwederwa, kana zvichikodzera nedzimwe nzira dzokuchengetedzwa kwemagaririo akanaka.</para>
      </listitem>
      <listitem>
	<para>(Chechina) - Munhu wese anekodzero yokuumba nokuvanhengo yemasangano anomirira vashandi kuti agone kuchengetedza zvido zvake.</para>
      </listitem>
    </orderedlist>
  </article>
  <article number="24">
    <title>24. Chisungo chechimakumi maviri nena</title>
    <para>Munhu wese anekodzero yokuzorora nokuzvivaraidza, zvichibatanidza kukamurwa kwenguva yokushanda nokuwana zororo nguva nenguva pabasa achipihwa mugove wakakwana.</para>
  </article>
  <article number="25">
    <title>25. Chisungo chechimakumi makumi maviri neshanu</title>
    <orderedlist>
      <listitem>
	<para>(Chekutanga) - Munhu wese anekodzero yokuva nemagariro akakwana kuti ave nohutano hwakanaka nokurarama zvakanaka iye pachake nemhuri yake achiwana kudya, zvipfeko, imba, kurapwa nezvose zvinodikanwa pamagariro omunhu nekodzero yokuchengetwa panguva yokushaiwa basa, hurwere, kuremara, kufirwa, kukwegura kana chipi zvacho chipingidzo muupenyu.</para>
      </listitem>
      <listitem>
	<para>(Chechipiri) - Huzvere kana nguva yohwana hudiki inguva yokubatwa zvakanaka nokubatsirwa. Vana vese, zvisinei kuti vakaberekwa zvakaita sei, vachachengetwa zvakayenzana.</para>
      </listitem>
    </orderedlist>
  </article>
  <article number="26">
    <title>26. Chisungo chechimakumi maviri nenhanhatu</title>
    <orderedlist>
      <listitem>
	<para>(Chekutanga) - Munhu wese anekodzero yokuwana dzidzo iyo ichange iri pachena , zvikuru panguva yehwana hudiki, inova ndiyo nguva yakakosha. Dzidzo panguva iyi ichamanikidzirwa. Dzidzo dzezvemibato yemaoko neyemumahofisi ichaitwa kuti ivepo zvekare, dzidzo iripamusoro ichawanikwa maererano nemagonero emunhu.</para>
      </listitem>
      <listitem>
	<para>(Chechipiri) - Dzidzo ichanangiswa kusimudzira zvakakwana munhu nokusimbaradza kuremekedzwa kwekodzero dzavanhu uyewo nerusununguko rwavo runokosha. Dzidzo ichakuridzira kunzwisisa, kuregererana nohusahwira pakati penyika, marudzi kana mapoka ezvedzisvondo, uyewo ichatungamidza mabasa emubatanidzwa weNyika dzepasi pose ekuchengetedzwa kwerunyararo.</para>
      </listitem>
      <listitem>
	<para>(Chechitatu) - Vabereki vanekodzero yokusarudza dzidzo ichapihwa kuvana vavo.</para>
      </listitem>
    </orderedlist>
  </article>
  <article number="27">
    <title>27. Chisungo chechimakumi maviri nenomwe</title>
    <orderedlist>
      <listitem>
	<para>(Chekutanga) - Munhu wese anekodzero yokuteedza akasungunuka tsika dzemunzvimbo maanogara kufadzwa nezvemitambo nokubatidzawo mumabasa ebudiriro.</para>
      </listitem>
      <listitem>
	<para>(Chechipiri) - Munhu wese anekodzero yokuwana kuchengetedzwa kwemararamiro nezvido zvake zvinobva munezvaanamazvi- kokota, zvemitambo, nemuzvinyorwa izvo anenge akanyora ega.</para>
      </listitem>
    </orderedlist>
  </article>
  <article number="28">
    <title>28. Chisungo chechimakumi maviri nesere</title>
    <para>Munhu wese anofanirwa kugara muruwa nemunyika umo munozova nokucherechedzwa zvakakwana kwekodzero norusununguko sekutaurwa kwazvakaitwa mukurudziro ino.</para>
  </article>
  <article number="29">
    <title>29. Chisungo chechimakumi maviri nepfumbamwe</title>
    <orderedlist>
      <listitem>
	<para>(Chekutanga) - Munhu wese ane zvinhu zvaanofanirwa kuita munzvimbo maanogara umo munozoita kuti iye pachake, agone kuzvisimudzira akasununguka pahunhu hwake zvakakwana.</para>
      </listitem>
      <listitem>
	<para>(Chechipiri)- Achishandisa kodzero dzake norusununguko rwake munhu wese achavanomwero wakatarwa nomutemo chete, ndokunge izvi zvichiitirwa kupa cherechedzo noruremekedzo rwunodiwa kukodzero norusununguko rwunodiwa rwavamwe nokuita zvido zvevanhu.</para>
      </listitem>
      <listitem>
	<para>(Chechitatu) - Kodzero iyi norusununguko urwu hazvigone kushandiswa nenzira inotyora zvinangwa nedonzvo reMubatanidzwa weNyika dzepasi pose.</para>
      </listitem>
    </orderedlist>
  </article>
  <article number="30">
    <title>30. Chisungo chechimakumi Matatu</title>
    <para>Hapana chinhu chiri mukurudziro ino chichazotsanangurwa sechinoreva kuti chero ipi zvayo nyika, bato, kana munhu pachake, anekodzero yokuita mabasa kana zviito zvinopwanya ipi zvayo kodzero kana rusununguko zviri mukurudziro ino.</para>
  </article>
  <note>
    <para>KURUDZIRO YEKUCHENGETEDZVA KWEKODZERO DZEVANHU PASI POSE</para>
    <para>Nezuva reGumi munaZvita mugore ra 1948 Gungano roMubatanidzwa weNyika dzepasi pose rakasarudza ndokuzivisa "Nezvekurudziro yekuchengetedzva kwekodzero dzevanhu pasi pose". Mashoko akakwana ari mumashizha anotevera muchinyorwa chino. Mushure meichi chiitiko chinokosha, Gungano roMubatanidzwa weNyika dzepasi pose rakakumbira nyika dzose dzinova nhengo kuti dzishambadzire zvinyorwa zve Kurudziro ino, kuitira kuti zvinyorwa zvekurudziro iyi zvive zvino ziviswa, zvoshambadzirwa nokuverengwa zvichitsanangurwa, kunyanya muzvikoro nedzimwe nzvimbo dzokudzidzira, zvisinei nemamiriro enyika kana matunhu munezvematongerwo enyika.</para>
    <para>Hechinoyi chinyorwa Chakabvumiranwa</para>
    <para>HOFISI YESANGANO ROMBATANIDZVA WENYIKA DZEPASI POSE -YEKUTUMIRWA KWEMASHOKO KURUZHINJI.</para>
  </note>
</udhr>
