<?xml version="1.0" encoding="UTF-8"?>

<!--© The Office of the High Commisioner for Human Rights-->

<udhr iso639-3='run' xml:lang='rn' key='run' n='Rundi' xmlns="http://www.unhchr.ch/udhr">
  <title>7IBIMENYESHEJWE N'AMAKUNGU KU NGINGO ZUBAHIRIZA ZINA MUNTU WESE</title>
  <preamble>
    <title>Intangamarara</title>
    <para>Ibonye ko kwemera ko abantu bose bategerezwa guhabwa agateka n'ukubahirizwa kimwe, ari ryo shingiro ryukwishira n'ukwizana, ubutungane n'amahoro kw'isi.</para>
    <para>Ibonye ko kutemera n'ukudakwirikiza ingingo zubahiriza zina muntu vyatumye hakorwa amabi atagira uko avugwa kandi ko isi izira ubwicanyi n'amaganya, abantu bose bakavuga kandi bakemera uko bavyifuza ari yo yemejwe ko zina muntu wese anyotewe imbere ya vyose.</para>
    <para>Ibonye ko ari nkenerwa ko ingingo zubahiriza zina muntu zubahirizwa n'amategeko atomoye kugira ngo umuntu, aburaniwe, ntaruhire kwiyamiriza agahotoro n'akarenganyo,</para>
    <para>Isanze ko mu Masezerano y'Ishirahamwe Mpuzamakungu, amakungu yongeye kwemeza ko ashigikiye ingingo ngenderwako zubahiriza zina muntu wese, agateka n'agaciro twiwe; ko abantu bose bangana ata kuraba umuhungu n'umukobwa, kandi ko biyemeje gushigikira iterambere ry'abanyagihugu bakarushiriza kwishira n'ukwizana,</para>
    <para>Ibonye ko ari nkenerwa gushigikira iterambere ry'imigenderanire y'ubucuti mu makungu,</para>
    <para>Isanze ko ibihugu buhurikiye mw'Ishirahamwe Mpuzamakungu vyiyemeje, bifadikanije n'Ishirahamwe Mpuzamakungu, kwubahiriza hose ingingo zubahiriza zina muntu wese,</para>
    <para>Ibonye ko gutomorera hamwe izo ngingo zubahiriza zina muntu biri n'akamaro ntangere mu kurangura neza iryo banga vyishinze,</para>
    <para>Inama Nkuru y'Ibihugu bihirikiye mw'Ishirahamwe Mpuzamakungu:</para>
    <para>Irememje ko ibi bimenyeshejwe n'amakungu ku ngingo zubahiriza zina muntu wese ari yo ntambwe abanyagihugu bose n'amakungu yose bategerezwa gushikako kugirango abantu n'inzego zose, bamije ku mutima izo ngingo, biteho, mu nyigisho no mu ndero, gusasagaza iryubahirizwa ryazo, bongere batume zemerwa kandi zikwirikizwa hose mu bihugu bihurikiye mw'ishirahamwe mpuzamakungu no mu ntara bitegeka.</para>
  </preamble>
  <article number="1">
    <title>Ingingo ya 1.</title>
    <para>Abantu bose bavuka bishira bakizana kandi bangana mu gateka no mu ngingo zibubahiriza. Bafise ubwenge n'umutima kandi bategerezwa kwubahana nk'abavandimwe.</para>
  </article>
  <article number="2">
    <title>Ingingo ya 2.</title>
    <para>Umuntu wese arashobora kwishimikiza ingingo zose zubahiriza zina muntu zemejwe muri ibi bimenyeshejwe, ata kuraba ubwoko, urukoba, umuhungu n'umukobwa, ururimi avuga, ivyiyumviro vyiwe muri politike, igihugu aturukamwo, ivyo atunze, amavuko yiwe canke ibindi.</para>
    <para>Vyongeye, nta macakubiri namwe azogirwa ashimikiye ku buryo igihugu canke intara umuntu avamwo gitunganijwe, ico gihugu canke iyo ntara vyaba vyishira bikizana, bishinzwe n'Ishirahamwe Mpuzamakungu bititegeka canke hari ikindi kibibuza kwishira bikizana.</para>
  </article>
  <article number="3">
    <title>Ingingo ya 3.</title>
    <para>Umuntu wese ategerezwa kwubahirizwa n'ugukingirwa mu buzima bwiwe, akishira akizana.</para>
  </article>
  <article number="4">
    <title>Ingingo ya 4.</title>
    <para>Nta muntu n'umwe azogirwa umushumba canke ngo akoreshwe buja. Ubushumba n'ukugurisha abashumba, mu buryo ubwo ari bwo bwose, birabujijwe.</para>
  </article>
  <article number="5">
    <title>Ingingo ya 5.</title>
    <para>Nta muntu n'umwe azokubagurwa canke ngo acurwe bufuni na buhoro.</para>
  </article>
  <article number="6">
    <title>Ingingo ya 6.</title>
    <para>Umuntu wese ategerezwa kwubahwa akubahirizwa aho ari hose.</para>
  </article>
  <article number="7">
    <title>Ingingo ya 7.</title>
    <para>Abantu bose barangana imbere y'amategeko kandi bategerezwa kwubahirizwa kimwe kugirango ntihagire uwurengnwa canke ngo ahirahire atume hari uwurenga izi ngingo zimenyeshejwe.</para>
  </article>
  <article number="8">
    <title>Ingingo ya 8.</title>
    <para>Iyo hari uwurenganijwe mu ngingo ngenderwako zimwubahiriza nk'uko bitegekanijwe mw'ibwirizwa nshingiro canke mu mategeko y'igihugu, umuntu wese arashobora kwitwara imbere y'amasentare yose abifitiye ububasha kandi akumvirwa.</para>
  </article>
  <article number="9">
    <title>Ingingo ya 9.</title>
    <para>Nta muntu n'umwe ashobora gufatwa, gutabwa mw'ibohero canke kwangazwa bidaciye mu mategeko.</para>
  </article>
  <article number="10">
    <title>Ingingo ya 10.</title>
    <para>Umuntu wese arashobora gusaba ko urubanza rwiwe ruja imbere ya sentare itagira aho yegamiye kandi itaraba nkunzi, izoheza igatomora ari ingingo zimwubahiriza n'ivyajejwe, canke ko ivyo yagirizwa hari aho bifatiye.</para>
  </article>
  <article number="11">
    <title>Ingingo ya 11</title>
    <orderedlist>
      <listitem>
	<para>Umuntu wese yagirizwa icaha abameze nkuwuhorwa ubusa gushika bakimwemeje mu rubanza ruciwe icese kandi yarekuriwe kwiburanira uko bikwiye.</para>
      </listitem>
      <listitem>
	<para>Nta muntu n'umwe ashobora guhanirwa ivyo yakoze canke atakoze kandi bitari ivyaha igihe yabikora canke atabikora hishimikijwe amategeko y'ubutungane akurikizwa mu gihugu arimwo canke mu makungu. Vyongeye, nta gihano kiruta icari gutangwa igihe icaha cakorwa kizotangwa.</para>
      </listitem>
    </orderedlist>
  </article>
  <article number="12">
    <title>Ingingo ya 12.</title>
    <para>Bidaciye mu mategeko, nta muntu n'umwe azoterwa mu vyerekeye ubuzima bwiwe, umuryango wiwe, urugo rwiwe canke kwaburirwa amakete arungika canke aronka, canke ngo artyozwe mw'iteka n'akabanga vyiwe. Hategerezwa kuba amategeko yubahiriza umuntu wese muri ubwo buryo.</para>
  </article>
  <article number="13">
    <title>Ingingo ya 13.</title>
    <orderedlist>
      <listitem>
	<para>Umuntu wese ashobora kugenda aho ashatse kandi agashinga urugo aho ashimye mu gihugu.</para>
      </listitem>
      <listitem>
	<para>Umuntu wese ararekuriwe kuva mu gihugu ico ari co cose, na rwiwe ndetse, akagaruka mu gihugu c'amavukiro.</para>
      </listitem>
    </orderedlist>
  </article>
  <article number="14">
    <title>Ingingo ya 14.</title>
    <orderedlist>
      <listitem>
	<para>Umuntu wese, igihe acurwa bufuni na buhoro, ararekuriwe kwaka agatako akaronka indaro mu bindi bihugu.</para>
      </listitem>
      <listitem>
	<para>Ariko iyi ngingo ntishobora kuba icitwazo iyo umuntu akwirikiranwa bikwiye ku kibi yakoze canke yigenjeje kubiri n'imigambi n'ingingo vy'Ishirahamwe Mupuzamakungu.</para>
      </listitem>
    </orderedlist>
  </article>
  <article number="15">
    <title>Ingingo ya 15.</title>
    <orderedlist>
      <listitem>
	<para>Umuntu wese ategerezwa kugira igihugu akukira.</para>
      </listitem>
      <listitem>
	<para>Nta muntu n'umwe ashobora kwonkorwa ku gihugu akukira canke ngo yamburwe ububasha bw'uguhindura igihugu ashaka gukukira, bidaciye mu mategeko.</para>
      </listitem>
    </orderedlist>
  </article>
  <article number="16">
    <title>Ingingo ya 16.</title>
    <orderedlist>
      <listitem>
	<para>Kuva bageze mu bigero, umuhungu n'umukobwa barashobora kwabirana bagashinga urwabo, ata ntambamyi n'imwe yerekeye ubwoko, amamuko canke idini. Barangana kuvyerekeye ukwabirana, igihe bubatse n'igihe batandukanye.</para>
      </listitem>
      <listitem>
	<para>Abashaka kwabirana bategerezwa kumvyumvikanamwo ubwabo ata gahato.</para>
      </listitem>
      <listitem>
	<para>Umuryango ni wo nkomoko y'abantu n'inkingi y'abanyagihugu. Utegerezwa gukingirwa n'abantu be n'igihugu.</para>
      </listitem>
    </orderedlist>
  </article>
  <article number="17">
    <title>Ingingo ya 17.</title>
    <orderedlist>
      <listitem>
	<para>Umuntu wese aba wenyene canke afatanije n'abandi arashobora kwitungira ivyiwe.</para>
      </listitem>
      <listitem>
	<para>Nta n'umwe ashobora kunyagwa ivyo yitungiye bidaciye mu mategeko.</para>
      </listitem>
    </orderedlist>
  </article>
  <article number="18">
    <title>Ingingo ya 18.</title>
    <para>Umuntu wese arashobora kugira ivyiyumviro vyiwe n'ugukwirikira idini ashatse n'ukuvuga rero ko ashobora kuja mu rindi dini n'ukwemera ibindi agashobora n'ugukwirikiza idini ashimye n'ivyo nyene yemera, ari wenyene canke afadikanije n'abandi, iwe canke icese, mu kuvyigisha, mu kubigendera icese, mu gusenga no mu gukwirikiza ibindi bijana na vyo.</para>
  </article>
  <article number="19">
    <title>Ingingo ya 19.</title>
    <para>Umuntu wese arashobora guserura ivyiyumviro vyiwe, n'ukuvuga ko adashobora kugira umutima uhagaze kuvyerekeye ivyiyumviro vyiwe, ko ashobora kurondera, kuronka n'ukumenyesha amakuru n'ivyiyumviro mu mihingo yose, mu buryo ubwo ari bwo bwose.</para>
  </article>
  <article number="20">
    <title>Ingingo ya 20.</title>
    <orderedlist>
      <listitem>
	<para>Umuntu wese arashobora kugira inama hamwe n'abandi, n'ugushinga amashirahamwe, ariko bidahungabanya amahoro.</para>
      </listitem>
      <listitem>
	<para>Nta n'umwe ategetswe kuja mw'ishirahamwe ku gahato.</para>
      </listitem>
    </orderedlist>
  </article>
  <article number="21">
    <title>Ingingo ya 21</title>
    <orderedlist>
      <listitem>
	<para>Umuntu wese arafise ijambo mu ntwaro y'igihugu ciwe, akabigira yiserukiye wenyene canke abicishije kubamuserukira batowe ata gahato.</para>
      </listitem>
      <listitem>
	<para>Umuntu arashobora, hatarabwe nkunzi, gushingwa amabanga mu ntwaro y'igihugu ciwe.</para>
      </listitem>
      <listitem>
	<para>Ishaka ry'abanyagihugu ni ryo ritegerezwa kuba ishingiro ry'ububasha bwabarongora igihugu, iryo shaka ritegerezwa kugararagarizwa mw'itora nyakuri ritegerezwa kwama riringanizwa uko ikiringo cashinzwe kigeze atawukumiriwe, biherereye canke bakwirikije ubundi buryo butuma batora uko bavyipfuza.</para>
      </listitem>
    </orderedlist>
  </article>
  <article number="22">
    <title>Ingingo ya 22.</title>
    <para>Umuntu wese ategerezwa gukingirwa. Ategerezwa gushimishwa mu vyerekeye ubutunzi, imibano n'imico kama, ivyo bikaba ari vyo shimikiro ry'agateka n'iterambere ryiwe, bivuye ku mwete w'igihugu no kugufashanya kw'amakungu bigashimikira kw'itunganywa n'amatungo vy'igihugu kimwe kimwe.</para>
  </article>
  <article number="23">
    <title>Ingingo ya 23.</title>
    <orderedlist>
      <listitem>
	<para>Umuntu wese ategerezwa kuronka akazi, gukora akazi ashatse we nyene, gukora mu buryo buzira akarenganyo kandi nyabwo.</para>
      </listitem>
      <listitem>
	<para>Abantu bose bakoze bimwe bategerezwa kuronka agahembo kamwe ata nkunzi.</para>
      </listitem>
      <listitem>
	<para>Umukozi wese ategerezwa kuronka agahembo gakwiranye n'imirimo arangura kandi nyako, komutunga we n'abiwe bakibeshaho mw'iteka, kakongezwa, mbere bishobotse bakamuha n'utundi tujana n'amategeko amwubahiriza.</para>
      </listitem>
      <listitem>
	<para>Umuntu wese arashobora kwiyungunganya n'abandi kugira bashinge amashirahamwe y'abakozi. Arashobora kandi kuba umunywanyi wayo kugira aharanire ineza yiwe.</para>
      </listitem>
    </orderedlist>
  </article>
  <article number="24">
    <title>Ingingo ya 24.</title>
    <para>Umuntu wese akeneye kuruhuka n'ivyo vyose bimuruhurira, ntakore ikiringo c'umurengera, akama aronka akaruhuko kandi akaguma ahembwa.</para>
  </article>
  <article number="25">
    <title>Ingingo ya 25.</title>
    <orderedlist>
      <listitem>
	<para>Umuntu wese ategerezwa kuronka ibikwiye bimufasha kubungabunga neza amagara yiwe n'ay'umuryango, mu ngaburo, mu vyambarwa, mu buraro, mu kwivuza n'ibindi nkenerwa ku muntu; ategerezwa kubungabungwa mu gihe atagira akazi, arwaye, amugaye, apfakaye, mu gihe atagishobora gukora kubera ubusaza, no mu bindi bihe atagishobora gukora kubera ubusaza, no mu bindi bihe atagishobora kwitunga kandi bitamuturutseko.</para>
      </listitem>
      <listitem>
	<para>Umuvyeyi yibarutse n'umwana bategerezwa kwitabwaho kurushiriza. Abana bose bavutse ku babiranye canke kubatabiranye bategerzwa kwitabwaho kimwe.</para>
      </listitem>
    </orderedlist>
  </article>
  <article number="26">
    <title>Ingingo ya 26.</title>
    <orderedlist>
      <listitem>
	<para>Umuntu wese akwiye kuronka inyigisho ataco atanze, cane cane mu y'intango ari yo ngenderwako. Inyigisho y'intango itegerezwa gutangwa vyanse bikunze. Inyigisho yerekeye ubuhinga n'imyuga itegerezwa gukwizwa hose, inyigisho yo mu mashule yisumbuye itegerezwa guhabwa ababishoboye bose, ata nkunzi.</para>
      </listitem>
      <listitem>
	<para>Intambwe inyigisho itegerezwa kwitwararika gushikako n'uko zina muntu ashikira iterambere nyakuri n'uko ingingo zimwubahiriza zirushirizaho kwubahirizwa. Itegerezwa gufasha amakungu yose amoko n'amadini yose kwumbikana, kwihanganiranira n'ugucudika, ikongera igafasha Ishirahamwe Mpuzamakungu mu vyo irangura kugirango ibungabunge amahoro.</para>
      </listitem>
      <listitem>
	<para>Abavyeyi ni bo bategerezwa kwitorera indero abana babo bakwiye kuronka.</para>
      </listitem>
    </orderedlist>
  </article>
  <article number="27">
    <title>Ingingo ya 27</title>
    <orderedlist>
      <listitem>
	<para>Umuntu wese arashobora gukwirikirana ata nkomanzi ivyerekeye imico n'utugenegene vy'aho aba be no guteza imbere ubuhinga akagira n'ico avyungukako.</para>
      </listitem>
      <listitem>
	<para>2. Umuntu wese ategerezwa kwubahirizwa kavyavuye mu bwenge bwiwe ari ivy'ubuhinga, ibitabu yanditse canke ivy'utugenegene.</para>
      </listitem>
    </orderedlist>
  </article>
  <article number="28">
    <title>Ingingo ya 28</title>
    <para>Umuntu wese arakeneye ko mu gihugu abamwo no mu makungu hasasagara amahoro kugirango ingingo zubahiriza zina muntu wese zitegekanijwe mu bimenyeshejwe zubahirizwe hose.</para>
  </article>
  <article number="29">
    <title>Ingingo ya 29.</title>
    <orderedlist>
      <listitem>
	<para>Umuntu wese ari n'ivyo ajejwe aho aba, ari naho honyene ashobora gushikira iterambere nyakuri yipfuza.</para>
      </listitem>
      <listitem>
	<para>Nta muntu n'umwe ashobora kwitwaza ingingo zimwubahirirza mu gihe ashaka kurenganya abandi, gurtyoza imigenzo mwiza, kudurumbanya umutekano n'ineza biranga intwaro rusangi.</para>
      </listitem>
      <listitem>
	<para>Izo ngingo zubahiriza zina muntu wese ntizishobora gukwirikizwa mu buryo budurumbanya imigambi n'ingingo vy'Ishirahamwe Mpuzamakungu.</para>
      </listitem>
    </orderedlist>
  </article>
  <article number="30">
    <title>Ingingo ya 30.</title>
    <para>Nta ngingo n'imwe y'ibi bimenyeshejwe ishobora gufatwako icitwazo n'igihugu, umurwi w'abantu canke umuntu mugukora ibisambura izi ngingo zubahiriza zina muntu wese.</para>
  </article>
</udhr>
