<?xml version="1.0" encoding="UTF-8"?>

<!--© The Office of the High Commisioner for Human Rights-->

<udhr iso639-3='dan' xml:lang='da' key='dan' n='Danish' xmlns="http://www.unhchr.ch/udhr">
   <note>
      <para>Den 10. december 1948 vedtog og offentliggjorde FNs tredie generalforsamling Verdenserklæringen om Menneskerettighederne. Erklæringen blev vedtaget med 48 landes ja-stemmer Ingen lande stemte imod. 8 lande afstod.</para>
      <para>Umiddelbart efter denne historiske begivenhed henstillede generalforsamlingen til alle medlemslande, at de offentliggjorde erklæringens fulde tekst. De skulle desuden "foranstalte, at den bliver omdelt, fremlagt, læst og forklaret i særdeleshed i skoler og andre undervisningsinstitutioner, uden hensyn til de forskellige landes og områders politiske forhold".</para>
      <para>Erklæringens officielle tekst findes på FNs seks officielle sprog: arabisk, engelsk, fransk, kinesisk, russisk og spansk. Endvidere har en lang række af FNs medlemslande fulgt generalforsamlingens opfordring og oversat erklæringen til det nationale sprog. Den danske oversættelse på de følgende sider er udarbejdet af udenrigsministeriet.</para>
      <para>Ved henvendelse til FNs nordiske informationskontor i København kan man gratis rekvirere eksemplarer af erklæringen på henholdsvis FNs officielle sprog, de øvrige nordiske sprog samt et begrænset antal andre sprog.</para>
   </note>
   <title>VERDENSERKLÆRINGEN OM MENNESKERETTIGHEDERNE</title>
   <preamble>
      <title>INDLEDNING</title>
      <para>Da anerkendelse af den mennesket iboende værdighed og af de lige og ufortabelige rettigheder for alle medlemmer af den menneskelige familie er grundlaget for frihed, retfærdighed og fred i verden,</para>
      <para>da tilsidesættelse af og foragt for menneskerettighederne har ført til barbariske handlinger, der har oprørt menneskehedens samvittighed, og da skabelsen af en verden, hvor menneskene nyder tale- og trosfrihed og frihed for frygt og nød, er blevet forkyndt som folkenes højeste mål,</para>
      <para>da det er af afgørende betydning, at menneskerettighederne beskyttes af loven, hvis ikke mennesket som en sidste udvej skal tvinges til at gøre oprør mod tyranni og undertrykkelse,</para>
      <para>da det er af afgørende betydning at fremme udviklingen af venskabelige forhold mellem nationerne,</para>
      <para>da De forenede Nationers folk i pagten påny har bekræftet deres tro på fundamentale menneskerettigheder, på menneskets værdighed og værd og på lige rettigheder for mænd og kvinder, og har besluttet at fremme sociale fremskridt og højne levevilkårene under større frihed,</para>
      <para>da medlemsstaterne har forpligtet sig til i samarbejde med De forenede Nationer at arbejde for fremme af almindelig respekt fur og overholdelse af menneskerettigheder og fundamentale frihedsrettigheder,</para>
      <para>da en fælles forståelse af disse rettigheder og friheder er af den største betydning for den fulde virkeliggørelse af denne forpligtelse,</para>
      <para>proklamerer</para>
      <para>PLENARFORSAMLINGEN</para>
      <para>derfor nu denne VERDENSERKLÆRING OM MENNESKERETTIGHEDERNE som et fælles mål for alle folk og alle nationer med det formål, at ethvert menneske og ethvert samfundsorgan stedse med denne erklæring for øje skal stræbe efter gennem undervisning og opdragelse at fremme respekt for disse rettigheder og friheder og gennem fremadskridende nationale og internationale foranstaltninger at sikre, at de anerkendes og overholdes overalt og effektivt, både blandt befolkningerne i medlemsstaterne og blandt befolkningerne i de områder, der befinder sig under deres styre.</para>
   </preamble>
   <article number="1">
      <title>Artikel 1.</title>
      <para>Alle mennesker er født frie og lige i værdighed og rettigheder. De er udstyret med fornuft og samvittighed, og de bør handle mod hverandre i en broderskabets ånd.</para>
   </article>
   <article number="2">
      <title>Artikel 2.</title>
      <para>Enhver har krav på alle de rettigheder og friheder, som nævnes i denne erklæring, uden forskelsbehandling af nogen art, f. eks. på grund af race, farve, køn, sprog, religion, politisk eller anden anskuelse, national eller social oprindelse, formueforhold, fødsel eller anden samfundsmæssig stilling.</para>
      <para>Der skal heller ikke gøres nogen forskel på grund af det lands eller områdes jurisdiktionsforhold eller politiske eller internationale stilling, til hvilket en person hører, hvadenten dette område er uafhængigt, under formynderskab eller er et ikke selvstyrende område, eller dets suverænitet på anden måde er begrænset.</para>
   </article>
   <article number="3">
      <title>Artikel 3.</title>
      <para>Enhver har ret til liv, frihed og personlig sikkerhed.</para>
   </article>
   <article number="4">
      <title>Artikel 4.</title>
      <para>Ingen må holdes i slaveri eller trældom ; slaveri og slavehandel under alle former skal være forbudt.</para>
   </article>
   <article number="5">
      <title>Artikel 5.</title>
      <para>Ingen må underkastes tortur eller grusom, umenneskelig eller vanærende behandling eller straf.</para>
   </article>
   <article number="6">
      <title>Artikel 6.</title>
      <para>Ethvert menneske har overalt i verden ret til at blive anerkendt som retssubjekt.</para>
   </article>
   <article number="7">
      <title>Artikel 7.</title>
      <para>Alle er lige for loven og har uden forskelsbehandling af nogen art lige ret til lovens beskyttelse. Alle har ret til lige beskyttelse mod enhver forskelsbehandling i strid mod denne erklæring og mod enhver tilskyndelse til en sådan forskelsbehandling.</para>
   </article>
   <article number="8">
      <title>Artikel 8.</title>
      <para>Enhver har ret til en fyldestgørende oprejsning ved de kompetente nationale domstole for handlinger, der krænker de fundamentale rettigheder, som forfatningen eller loven giver vedkommende.</para>
   </article>
   <article number="9">
      <title>Artikel 9.</title>
      <para>Ingen må underkastes vilkårlig anholdelse, tilbageholdelse eller landsforvisning.</para>
   </article>
   <article number="10">
      <title>Artikel 10.</title>
      <para>Enhver har under fuld ligeberettigelse krav på en retfærdig og offentlig behandling ved en uafhængig og upartisk domstol, når der skal træffes en afgørelse med hensyn til hans rettigheder og forpligtelser og med hensyn til en hvilken som helst mod ham rettet strafferetslig anklage.</para>
   </article>
   <article number="11">
      <title>Artikel 11.</title>
      <orderedlist>
         <listitem>
            <para>Enhver, der anklages for et strafbart forhold, har ret til at blive anset for uskyldig, indtil hans skyld er godtgjort i henhold til lov ved en offentlig retshandling, hvorunder han har fået alle de garantier, der er fornødne for hans forsvar.</para>
         </listitem>
         <listitem>
            <para>Ingen må anses for skyldig i noget strafbart forhold på grund af nogen handling eller undladelse, der ikke i henhold til national eller international ret var strafbar på det tidspunkt, da den blev begået. Der skal heller ikke kunne idømmes strengere straf end fastsat på den tid, da det strafbare forhold blev begået.</para>
         </listitem>
      </orderedlist>
   </article>
   <article number="12">
      <title>Artikel 12.</title>
      <para>Ingen må være genstand for vilkårlig indblanding i private forhold, familie, hjem eller korrespondance, ej heller for angreb på ære og omdømme. Enhver har ret til lovens beskyttelse mod sådan indblanding eller angreb.</para>
   </article>
   <article number="13">
      <title>Artikel 13.</title>
      <orderedlist>
         <listitem>
            <para>Enhver har ret til at bevæge sig frit og til frit at vælge opholdssted indenfor hver stats grænser.</para>
         </listitem>
         <listitem>
            <para>Enhver har ret til at forlade et hvilket som helst land, herunder sig eget, og til at vende tilbage til sit eget land.</para>
         </listitem>
      </orderedlist>
   </article>
   <article number="14">
      <title>Artikel 14.</title>
      <orderedlist>
         <listitem>
            <para>Enhver har ret til i andre lande at søge og få tilstået asyl mod forfølgelse.</para>
         </listitem>
         <listitem>
            <para>Denne ret må ikke påberåbes ved anklager, der virkelig hidrører fra ikke-politiske forbrydelser eller fra handlinger i strid med De forenede Nationers formål og principper.</para>
         </listitem>
      </orderedlist>
   </article>
   <article number="15">
      <title>Artikel 15.</title>
      <orderedlist>
         <listitem>
            <para>Enhver har ret til en nationalitet.</para>
         </listitem>
         <listitem>
            <para>Ingen må vilkårligt berøves sin nationalitet eller nægtes ret til at skifte nationalitet.</para>
         </listitem>
      </orderedlist>
   </article>
   <article number="16">
      <title>Artikel 16.</title>
      <orderedlist>
         <listitem>
            <para>Uden begrænsninger af racemæssige, nationalitetsmæssige eller religiøse grunde har mænd og kvinder, der har nået myndighedsalderen, ret til at gifte sig og stifte familie. De har krav på lige rettigheder med hensyn til indgåelse af ægteskab, under ægteskabet og ved dettes opløsning.</para>
         </listitem>
         <listitem>
            <para>Ægteskab skal kun kunne indgås med begge parters frie og fulde samtykke.</para>
         </listitem>
         <listitem>
            <para>Familien er samfundets naturlige og fundamentale enhedsgruppe og har krav på samfundets og statens beskyttelse.</para>
         </listitem>
      </orderedlist>
   </article>
   <article number="17">
      <title>Artikel 17.</title>
      <orderedlist>
         <listitem>
            <para>Enhver har ret til at eje ejendom såvel alene som i fællig med andre.</para>
         </listitem>
         <listitem>
            <para>Ingen må vilkårligt berøves sin ejendom.</para>
         </listitem>
      </orderedlist>
   </article>
   <article number="18">
      <title>Artikel 18.</title>
      <para>Enhver har ret til tanke-, samvittigheds- og religionsfrihed: denne ret omfatter frihed til at skifte religion eller tro og frihed til enten alene eller i fællesskab med andre, offentligt eller privat, at give udtryk for sin religion eller tro gennem undervisning, udøvelse, gudsdyrkelse og overholdelse af religiøse forskrifter.</para>
   </article>
   <article number="19">
      <title>Artikel 19.</title>
      <para>Enhver har ret til menings- og ytringsfrihed; denne ret omfatter frihed til at hævde sin opfattelse uden indblanding og til at søge, modtage og meddele oplysning og tanker ved et hvilket som helst meddelelsesmiddel og uanset landegrænser.</para>
   </article>
   <article number="20">
      <title>Artikel 20.</title>
      <orderedlist>
         <listitem>
            <para>Alle har ret til under fredelige former frit at forsamles og danne foreninger.</para>
         </listitem>
         <listitem>
            <para>Ingen kan tvinges til at være medlem af en forening.</para>
         </listitem>
      </orderedlist>
   </article>
   <article number="21">
      <title>Artikel 21.</title>
      <orderedlist>
         <listitem>
            <para>Enhver har ret til at deltage i sit lands styre enten direkte eller gennem frit valgte repræsentanter.</para>
         </listitem>
         <listitem>
            <para>Enhver har ret til lige adgang til offentlige embeder og hverv i sit land.</para>
         </listitem>
         <listitem>
            <para>Folkets vilje skal være grundlaget for regeringens myndighed; denne vilje skal tilkendegives gennem periodiske og virkelige valg med almindelig og lige valgret og skal udøves gennem hemmelig afstemning eller tilsvarende frie afstemningsmåder.</para>
         </listitem>
      </orderedlist>
   </article>
   <article number="22">
      <title>Artikel 22.</title>
      <para>Enhver har som medlem af samfundet ret til social tryghed og har krav på, at de økonomiske, sociale og kulturelle rettigheder, der er uundværlige for hans værdighed og hans personligheds frie udvikling, gennemføres ved nationale foranstaltninger og internationalt samarbejde og i overensstemmelse med hver stats organisation og hjælpekilder.</para>
   </article>
   <article number="23">
      <title>Artikel 23.</title>
      <orderedlist>
         <listitem>
            <para>Enhver har ret til arbejde, til frit valg af beskæftigelse, til retfærdige og gunstige arbejdsvilkår og til beskyttelse mod arbejdsløshed.</para>
         </listitem>
         <listitem>
            <para>Enhver har uden forskel ret til lige løn for lige arbejde.</para>
         </listitem>
         <listitem>
            <para>Enhver, der arbejder, har ret til et retfærdigt og gunstigt vederlag, der sikrer ham selv og hans familie en menneskeværdig tilværelse, og om fornødent tillige til andre sociale beskyttelsesforanstaltninger.</para>
         </listitem>
         <listitem>
            <para>Enhver har ret til at danne og indtræde i fagforeninger til beskyttelse af sine interesser.</para>
         </listitem>
      </orderedlist>
   </article>
   <article number="24">
      <title>Artikel 24.</title>
      <para>Enhver har ret til hvile og fritid, herunder en rimelig begrænsning af arbejdstiden, og til periodisk ferie med løn.</para>
   </article>
   <article number="25">
      <title>Artikel 25.</title>
      <orderedlist>
         <listitem>
            <para>Enhver har ret til en sådan levefod, som er tilstrækkelig til hans og hans families sundhed og velvære, herunder til føde, klæder, bolig og lægehjælp og de nødvendige sociale goder og ret til tryghed i tilfælde af arbejdsløshed, sygdom, uarbejdsdygtighed, enkestand, alderdom eller andet tab af fortjenstmulighed under omstændigheder, der ikke er selvforskyldt.</para>
         </listitem>
         <listitem>
            <para>Mødre og børn har krav på særlig omsorg og hjælp. Alle børn skal, hvadenten de er født i eller udenfor ægteskab, have den samme sociale beskyttelse.</para>
         </listitem>
      </orderedlist>
   </article>
   <article number="26">
      <title>Artikel 26.</title>
      <orderedlist>
         <listitem>
            <para>Enhver har ret til undervisning. Undervisningen skal være gratis, i det mindste på de elementære og grundlæggende trin. Elementær undervisning skal være obligatorisk. Teknisk og faglig uddannelse skal gøres almindelig tilgængelig for alle, og på grundlag af evner skal der være lige adgang for alle til højere undervisning.</para>
         </listitem>
         <listitem>
            <para>Undervisningen skal tage sigte på den menneskelige personligheds fulde udvikling og på at styrke respekten for menneskerettigheder og grundlæggende friheder. Den skal fremme forståelse, tolerance og venskab mellem alle nationer og racemæssige og religiøse grupper, og den skal fremme De forenede Nationers arbejde til fredens bevarelse.</para>
         </listitem>
         <listitem>
            <para>Forældre har førsteret til at vælge den form for undervisning, som deres børn skal have.</para>
         </listitem>
      </orderedlist>
   </article>
   <article number="27">
      <title>Artikel 27.</title>
      <orderedlist>
         <listitem>
            <para>Enhver har ret til frit at deltage i samfundets kulturelle liv, til kunstnydelse og til at blive delagtiggjort i videnskabens fremskridt og dens goder.</para>
         </listitem>
         <listitem>
            <para>Enhver har ret til beskyttelse af de moralske og materielle interesser, der hidrører fra en hvilken som helst videnskabelig, litterær eller kunstnerisk frembringelse, som vedkommende har skabt.</para>
         </listitem>
      </orderedlist>
   </article>
   <article number="28">
      <title>Artikel 28.</title>
      <para>Enhver har krav på en social og international orden, i hvilken de i denne erklæring nævnte rettigheder og friheder fuldtud kan virkeliggøres.</para>
   </article>
   <article number="29">
      <title>Artikel 29.</title>
      <orderedlist>
         <listitem>
            <para>Enhver har pligter overfor samfundet, der alene muliggør personlighedens frie og fulde udvikling.</para>
         </listitem>
         <listitem>
            <para>Under udøvelsen af sine rettigheder og friheder er enhver kun underkastet de begrænsninger, der er fastsat i loven alene med det formål at sikre skyldig anerkendelse af og hensyntagen til andres rettigheder og friheder og med det formål at opfylde de retfærdige krav, som moralen, den offentlige orden og det almene vel stiller i et demokratisk samfund.</para>
         </listitem>
         <listitem>
            <para>Disse rettigheder og friheder må i intet tilfælde udøves i strid med De forenede Nationers formål og principper.</para>
         </listitem>
      </orderedlist>
   </article>
   <article number="30">
      <title>Artikel 30.</title>
      <para>Intet i denne erklæring må fortolkes som givende nogen stat, gruppe eller enkeltperson hjemmel til at indlade sig på nogen virksomhed eller foretage nogen handling, der tilsigter at nedbryde nogen af de heri opregnede rettigheder og friheder.</para>
   </article>
</udhr>