<?xml version="1.0" encoding="UTF-8"?>

<!--© The Office of the High Commisioner for Human Rights-->

<udhr iso639-3='ydd' xml:lang='yi' key='ydd' n='Yiddish, Eastern' xmlns="http://www.unhchr.ch/udhr">
  <title>אַלװעלטלעכע דעקלאַראַציע פֿון מענטשנרעכט</title>
  <note>
    <para>גוטגעהײסן און פּראָקלאַמירט װי רעזאָלוציע 217 ‮A‬ (3) פֿון דער אַלגעמײנער פֿאַרזאַמלונג פֿון די פֿאַראײניקטע פֿעלקער, 10 דעצעמבער, 1948.</para>
  </note>
  <preamble>
    <title>הקדמה</title>
    <para>היות װי דער סאַמער גרונט פֿון פֿרײַהײט, יושר, און שלום אױף דער גאָרער װעלט באַשטײט פֿון אָנערקענען דעם תּוכיקן כּבֿוד און די גלײַכע און ניט־איבערטראָגלעכע רעכט פֿון אַלע מיטגלידער פֿון דער מענטשישער משפּחה,</para>
    <para>היות װי איגנאָרירן און ביטול צו די מענטשנרעכט האָבן גורם געװען באַרבאַרישע אַקטן װאָס האָבן אָנגעװאָרפֿן אַ גרױל אױף אַלע מענטשן, און היות װי די העכסטע האָפֿנונג פֿון די אומות העולם איז אַז די צײַט זאָל אָנקומען װען מענטשן זאָלן געניסן פֿון פֿרײַהײט, אי פֿון רעדן אי פֿון גלױבן, און קײנער זאָל ניט לײַדן פֿון קײן מורא אָדער נױט,</para>
    <para>היות װי געזעץ און יושר מוזן פֿאַרטײדיקן מענטשנרעכט, טאָמער מען װעט זיך אין נױט נעמען רעבעלירן קעגן טיראַניע און באַדריקונג,</para>
    <para>היות װי דערמוטיקן די אַנטװיקלונג פֿון פֿרײַנטלעכע באַציונגען צװישן לענדער איז אַן עיקר,</para>
    <para>היות װי די פֿעלקער פֿון די פֿאַראײניקטע פֿעלקער האָבן אין זײער טשאַרטער אונטערגעשטריכט זײער גלױבן אין גרונטלעכע מענטשנרעכט, אין דעם כּבֿוד און װערט פֿון יעדן מענטש, און אין די גלײַכע רעכט פֿון מענער און פֿרױען, און היות װי זײ האָבן באַשלאָסן דערמוטיקן געזעלשאַפֿטלעכע פּראָגרעס און בעסערע לעבנס־שטײגערס,</para>
    <para>היות װי די פֿעלקער מיטגלידער האָבן געטאָן אַ נדר מיטצואַרבעטן מיט די פֿאַראײניקטע פֿעלקער און װײַטער צו דערמוטיקן אַלװעלטלעכע דרך־ארץ און אָפּהיטן מענטשנרעכט און גרונטלעכע פֿרײַהײט,</para>
    <para>היות װי אַלע דאַרפֿן פֿאַרשטײן די־אָ רעכט און פֿרײַהײטן כּדי דער נדר זאָל מקוים װערן,</para>
    <para>אָט דערפֿאַר</para>
    <para>פּראָקלאַמירט די אַלגעמײנע פֿאַרזאַמלונג</para>
    <para>די־אָ אַלװעלטלעכע דעקלאַראַציע פֿון מענטשנרעכט װי אַ מאָס און אַ ציל פֿאַר אַלע אומות און אַלע פֿעלקער, כּדי יעדער מענטש און יעדער אינסטאַנץ זאָל האָבן אַלעמאָל אין זינען די־אָ דעקלאַראַציע, און װעט זיך מיִען, דורך לערנען און דערציִען, צו דערמוטיקן דאָס אָנערקענען פֿון די רעכט און די פֿרײַהײטן, און אַז זײ זאָלן אָננעמען מיטלען, סײַ נאַציאָנאַלע סײַ אינטערנאַציאָנאַלע, צו פֿאַרזיכערן דאָס אַלװעלטלעכע אָנערקענען און אָפּהיטן, סײַ צװישן די פֿעלקער פֿון מיטגליד־לענדער, סײַ צװישן די מענטשן װאָס אונטער זײער השפּעה.</para>
  </preamble>
  <article number="1">
    <title>אַרטיקל 1</title>
    <para>יעדער מענטש װערט געבױרן פֿרײַ און גלײַך אין כּבֿוד און רעכט. יעדער װערט באַשאָנקן מיט פֿאַרשטאַנד און געװיסן; יעדער זאָל זיך פֿירן מיט אַ צװײטן אין אַ געמיט פֿון ברודערשאַפֿט.</para>
  </article>
  <article number="2">
    <title>אַרטיקל 2</title>
    <para>יעדער איז באַרעכטיקט אױף די אַלע רעכט און פֿרײַהײטן װאָס שטײען געשריבן אין אָט דער דעקלאַראַציע, ניט געקוקט אױף װאָסער־ניט־איז אונטערשײד, זאָל זײַן פֿאָלק, הױטפֿאַרב, לשון, רעליגיע, פּאָליטישע אָדער אַנדערע געדאַנקען, נאַציאָנאַליטעט, קולטור, פֿאַרמאָג, געבורט, אָדער װאָסער־ניט־איז אַנדערן סטאַטוס.</para>
  <para>נאָכמער, טאָר ניט זײַן קײן אונטערשײד צוליב דער פּאָליטישער, געזעציקער, אָדער אינטערנאַציאָנאַלער לאַגע פֿון דעם לאַנד װוּ ער װױנט, זאָל דאָס לאַנד זײַן אומאָפּהענגיק, אָפּהענגיק, אָדער אונטער װאָסער־ניט־איז באַגרענעצטער סוּװערעניטעט.</para>
  </article>
  <article number="3">
    <title>אַרטיקל 3</title>
    <para>יעדער האָט רעכט אױף לעבן, פֿרײַהײט, און פּערזענלעכער פֿאַרזיכערונג.</para>
  </article>
  <article number="4">
    <title>אַרטיקל 4</title>
    <para>קײנעם טאָר מען ניט האַלטן אין קנעכטשאַפֿט צי שקלאַפֿערײַ; דאָס שקלאַפֿערײַ און דער שקלאַפֿן־האַנדל זאָלן זײַן שטרענג פֿאַרבאָטן אין אַלע פֿאָרמען.</para>
  </article>
  <article number="5">
    <title>אַרטיקל 5</title>
    <para>קײנעם טאָר מען ניט פּײַניקן אָדער אױסשטעלן אױף אַ שטראָף װאָס זאָל זײַן אוממענטשלעך, אַחזוריותדיק, אָדער דעגראַדירנדיק.</para>
  </article>
  <article number="6">
    <title>אַרטיקל 6</title>
    <para>יעדער האָט אומעטום דאָס רעכט אױף דעם, מען זאָל אים אָנערקענען װי אַ מענטש לױטן געזעץ.</para>
  </article>
  <article number="7">
    <title>אַרטיקל 7</title>
    <para>אַלע מענטשן זײַנען גלײַך לױטן געזעץ, און עס קומט אַלע, אָן אונטערשײד, גלײַכע שוץ לױטן געזעץ. אַלע זײַנען באַרעכטיקט אױף אַ גלײַכער שוץ קעגן װאָסער־ניט־איז דיסקרימינאַציע װאָס זאָל ברעכן די־אָ דעקלאַראַציע און קעגן אױפֿרײצונג אױף אַזאַ דיסקרימינאַציע.</para>
  </article>
  <article number="8">
    <title>אַרטיקל 8</title>
    <para>יעדער האָט דאָס רעכט אױף צו װענדן זיך צו די געהעריקע נאַציאָנאַלע געריכטן צוליב װאָסער־ניט־איז אַקטן װאָס האָבן אים אָפּגעזאָגט די גרונטלעכע רעכט װאָס זײַנען אים באַװיליקט לױט דער קאָנסטיטוציע צי געזעץ.</para>
  </article>
  <article number="9">
    <title>אַרטיקל 9</title>
    <para>קײנעם טאָר מען ניט אַרביטראַריש אַרעסטירן, האַלטן אין געפֿענגעניש, אָדער פֿאַרשיקן פֿון זײַן לאַנד.</para>
  </article>
  <article number="10">
    <title>אַרטיקל 10</title>
    <para>יעדער האָט אַ רעכט, אין פֿולער גלײַכקײט, אױף אַ יושרדיקן, עפֿענטלעכן פֿאַרהער פֿון אַן אומאָפּהענגיקן, אומפּאַרטײיִשן געריכט בײַם גערעכנט װערן זײַנע רעכט און פֿאַראַנטװאָרטלעכקײטן, און װען מען באַטראַכט װאָסער־ניט־איז קרימינעלע באַשולדיקונג װאָס װערט אים פֿאַרװאָרפֿן.</para>
  </article>
  <article number="11">
    <title>אַרטיקל 11</title>
    <orderedlist>
      <listitem>
        <para>יעדער װאָס מען באַשולדיקט אין אַ פֿאַרברעכן האָט אַ רעכט אױף דעם װאָס מען זאָל אים דן זײַן לכּף זכות ביז מען װעט אים געפֿינען שולדיק לױטן געזעץ אין אַן עפֿענטלעכן פּראָצעס אױף װעלכן ער האָט אַלע נײטיקע גאַראַנטיעס אױף זײַן פֿאַרטײדיקונג.</para>
      </listitem>
      <listitem>
	<para>קײנעם טאָר מען ניט געפֿינען שולדיק צוליב װאָסער־ניט־איז אַקט צי דורכלאָז, װאָס מען האָט ניט גערעכנט פֿאַר קײן נאַציאָנאַלן צי אינטערנאַציאָנאַלן איבערשפּרײַז װען מ׳איז עס באַגאַנגען. מען טאָר אױך ניט אַרױפֿלײגן קײן גרעסערע שטראָף אײדער די, װאָס איז געװען גילטיק צו דער צײַט װען מע איז באַגאַנגען דעם איבערשפּרײַז.</para>
      </listitem>
    </orderedlist>
  </article>
  <article number="12">
    <title>אַרטיקל 12</title>
    <para>קײנעם טאָר מען ניט שטערן די פּריװאַטקײט, די משפּחה, די הײם, אָדער די קאָרעספּאָנדענץ. קײנעמס כּבֿוד צי שם טאָר מען ניט אַטאַקירן. יעדער האָט אַ רעכט אױף דער שוץ פֿון געזעץ קעגן אַזעלכע שטערענישן אָדער אַטאַקעס.</para>
  </article>
  <article number="13">
    <title>אַרטיקל 13</title>
    <orderedlist>
      <listitem>
        <para>יעדער האָט אַ רעכט אױף פֿרײַהײט פֿון באַװעגונג און װױנאָרט צװישן די גרענעצן פֿון יעדער מלוכה.</para>
      </listitem>
      <listitem>
	<para>יעדער האָט אַ רעכט אױף פֿאַרלאָזן װאָסער־ניט־איז לאַנד, אַרײַנגערעכנט זײַן אײגן לאַנד, און זיך צוריקקערן אין זײַן אײגן לאַנד.</para>
      </listitem>
    </orderedlist>
  </article>
  <article number="14">
    <title>אַרטיקל 14</title>
    <orderedlist>
      <listitem>
        <para>יעדער האָט אַ רעכט אױף בעטן און זיך אױסניצן מיט אַזיל פֿון פֿאַרפֿאָלגונג אין אױסלאַנד.</para>
      </listitem>
      <listitem>
	<para>דאָס דאָזיקע רעכט איז ניט גילטיק אין פֿאַל פֿון פּראָקורירונגען װאָס קומען לעגיטים אַרױס פֿון ניט־פּאָליטישע פֿאַרברעכנס, אָדער פֿון אַקטן װאָס זײַנען אַקעגן די צילן און פּרינציפּן פֿון די פֿאַראײניקטע פֿעלקער.</para>
      </listitem>
    </orderedlist>
  </article>
  <article number="15">
    <title>אַרטיקל 15</title>
    <orderedlist>
      <listitem>
        <para>יעדער האָט אַ רעכט אױף אַ נאַציאָנאַליטעט.</para>
      </listitem>
      <listitem>
	<para>מען טאָר ניט צונעמען בײַ קײנעם זײַן נאַציאָנאַליטעט אָדער אָפּזאָגן דאָס רעכט איבערצובײַטן זײַן נאַציאָנאַליטעט.</para>
      </listitem>
    </orderedlist>
  </article>
  <article number="16">
    <title>אַרטיקל 16</title>
    <orderedlist>
      <listitem>
        <para>דערװאַקסענע מענער און פֿרױען, ניט געקוקט אױף פֿאָלק, נאַציאָנאַליטעט, אָדער רעליגיע, האָבן אַ רעכט אױף מאַן־און־װײַב לעבן און אױפֿהאָדעװען אַ משפּחה. זײ זײַנען באַרעכטיקט אױף גלײַכע רעכט בנוגע מאַן־און־װײַב־לעבן, בשעת זײ זײַנען מאַן און װײַב, און בײַם צעשײדן זיך פֿון דער זיװעגשאַפֿט.</para>
      </listitem>
      <listitem>
	<para>בלױז מיט דער פֿרײַער און פֿולער הסכּמה פֿון חתן און כּלה קען מען אַרײַן אין זיװעגשאַפֿט.</para>
      </listitem>
      <listitem>
	<para>די משפּחה איז דאָס נאַטירקלעכע און גרונטלעכע אײנס פֿון דער געזעלשאַפֿט און איז באַרעכטיקט אױף שוץ דורך דער געזעלשאַפֿט און דורך דער מלוכה.</para>
      </listitem>
    </orderedlist>
  </article>
  <article number="17">
    <title>אַרטיקל 17</title>
    <orderedlist>
      <listitem>
        <para>יעדער האָט אַ רעכט אױף פֿאַרמאָגן האָב־און־גוטס, אי אַלײנס אי אין שותּפֿות מיט אַנדערע.</para>
      </listitem>
      <listitem>
	<para>פֿון קײנעם טאָר מען ניט אַרביטראַריש אַװעקנעמען זײַן האָב־און־גוטס.</para>
      </listitem>
    </orderedlist>
  </article>
  <article number="18">
    <title>אַרטיקל 18</title>
    <para>יעדער האָט אַ רעכט אױף פֿרײַהײט פֿון טראַכטן, געװיסן, און רעליגיע. דאָס רעכט נעמט אױך אַרײַן די פֿרײַהײט אױף איבערבײַטן רעליגיע און גלױבן און די פֿרײַהײט, אָדער אַלײן אָדער בשותּפֿות מיט אַנדערע, אָדער עפֿענטלעך אָדער ביחידות, אַרױסװײַזן די רעליגיע אָדער גלױבן דורך לערנען, פּראַקטיק, תּפֿילה, און אָפּריכטונגען.</para>
  </article>
  <article number="19">
    <title>אַרטיקל 19</title>
    <para>יעדער האָט אַ רעכט אױף פֿרײַהײט פֿון מײנונג און זיך אױסדריקן. דאָס רעכט נעמט אַרײַן פֿרײַהײט צו האָבן מײנונגען אָן שטערונגען און צו זוכן, באַקומען, און איבערגעבן אינפֿאָרמאַציע און געדאַנקען דורך װאָסער־ניט־איז מעדיום, ניט געקוקט אױף לאַנדגרענעצן.</para>
  </article>
  <article number="20">
    <title>אַרטיקל 20</title>
    <orderedlist>
      <listitem>
        <para>יעדער האָט אַ רעכט אױף פֿרײַהײט פֿון פֿרידלעכער פֿאַרזאַמלונג און פֿאַראײניקונג.</para>
      </listitem>
      <listitem>
	<para>קײנעם טאָר מען ניט צװינגן צו װערן אַ מיטגליד פֿון װאָסער־ניט־איז פֿאַרבאַנד.</para>
      </listitem>
    </orderedlist>
  </article>
  <article number="21">
    <title>אַרטיקל 21</title>
    <orderedlist>
      <listitem>
        <para>יעדער האָט אַ רעכט אױף אָנטײל נעמען אין דער רעגירונג פֿון זײַן לאַנד, אָדער דירעקט אָדער דורך פֿרײַ אױסגעקליבענע רעפּרעזענטאַנטן.</para>
      </listitem>
      <listitem>
	<para>יעדער האָט אַ רעכט אױף גלײַכן צוטריט צו די אײַנאָרדנונגען און אינסטאַנצן פֿון זײַן לאַנד.</para>
      </listitem>
      <listitem>
	<para>דער װילן פֿון די באַפֿעלקערונג זאָל זײַן דער גרונט פֿון דער אױטאָריטעט פֿון דער רעגירונג. אָט דער װילן זאָל זײַן אױסגעדריקט דורך פּעריאָדישע און אמתדיקע װאַלן אין װעלכע עס זאָל זײַן אַן אוניװערסאַלע שטימרעכט, און װעלכע דאַרפֿן געהאַלטן װערן דורך געהײמישן שטימען אָדער גלײַכװערטיקע פּראָצעדורן פֿון פֿרײַער אָפּשטימונג.</para>
      </listitem>
    </orderedlist>
  </article>
  <article number="22">
    <title>אַרטיקל 22</title>
    <para>יעדער, װי אַ מיטגליד פֿון דער געזעלשאַפֿט, האָט אַ רעכט אױף סאָציאַלן פֿאַרזאָרג און איז באַרעכטיקט אױף מקיים זײַן, דורך נאַציאָנאַלער באַמיונג און אינטערנאַציאָנאַלער מיטאַרבעט, און לױט דער אָרגאַניזירונג און די רעסורסן פֿון יעדער מלוכה, די רעכט, אי עקאָנאָמישע, אי געזעלשאַפֿטלעכע, אי קולטורעלע, װאָס זײַנען נײטיק פֿאַר זײַן כּבֿוד װעגן און פֿאַר דער פֿרײַער אַנטװיקלונג פֿון זײַן פּערזענלעכקײט.</para>
  </article>
  <article number="23">
    <title>אַרטיקל 23</title>
    <orderedlist>
      <listitem>
        <para>יעדער האָט אַ רעכט אױף אַרבעט, אױפֿן פֿרײַען אױסקלײַב פֿון באַשעפֿטיקונג, אױף יושרדיקע און גינציקע אַרבעט־באַדינגונגען, און אױף שוץ קעגן אַרבעטלאָזיקײט.</para>
      </listitem>
      <listitem>
	<para>יעדער, אָן קײן שום דיסקרימינאַציע, האָט אַ רעכט אױף גלײַכן געצאָלט פֿאַר גלײַכער אַרבעט.</para>
      </listitem>
      <listitem>
	<para>יעדער װאָס אַרבעט האָט אַ רעכט אױף יושרדיקן און גינציקן געצאָלט װאָס זאָל פֿאַרזיכערן אים און זײַן משפּחה אַן עקזיסטענץ װאָס פּאַסט צום מענטשלעכן כּבֿוד, מיט אַ צוגאָב, אױב נײטיק, פֿון אַנדערע מיטלען פֿון געזעלשאַפֿטלעכער פֿאַרזיכערונג.</para>
      </listitem>
      <listitem>
	<para>יעדער האָט אַ רעכט אױף פֿאָרמירן און װערן אַ מיטגליד פֿון פּראָפֿפֿאַרײנען כּדי צו פֿאַרטײדיקן זײַנע אינטערעסן.</para>
      </listitem>
    </orderedlist>
  </article>
  <article number="24">
    <title>אַרטיקל 24</title>
    <para>יעדער האָט אַ רעכט אױף רו און אױף פֿרײַצײַט, אַרײַנגערעכנט דאָס רעכט אױף אַ געהעריקער באַגרענעצונג פֿון אַרבעטס־שעהען און פּעריאָדישע באַצאָלטע װאַקאַציעס.</para>
  </article>
  <article number="25">
    <title>אַרטיקל 25</title>
    <orderedlist>
      <listitem>
        <para>יעדער האָט אַ רעכט אױף אַ לעבנס־שטײגער גענוגנדיק אױפֿן געזונט און װױלזײַן פֿון זיך און פֿון דער משפּחה, אײַנשליסנדיק עסנװאַרג, קלײדער, באַהױזונג, מעדיצינישע פֿאַרזאָרגן, און נײטיקע סאָציאַלע פֿאַרזאָרגן, און אַ רעכט אױף זיכערקײט אין פֿאַל פֿון אַרבעטלאָזיקײט, קראַנקײט, פֿאַרקריפּלונג, אַלמנהשאַפֿט, טיפֿן עלטער, אָדער פֿעלן פֿון פּרנסה אין אומשטאַנדן װאָס זײַנען אױסער זײַן קאָנטראָל.</para>
      </listitem>
      <listitem>
	<para>מאַמעס און קינדער זײַנען באַרעכטיקט אױף באַזונדערן אָפּהיט און הילף. אַלע קינדער, צי די מאַמע האָט חתונה געהאַט צי ניט, זאָלן געניסן פֿון דער זעלביקער געזעלשאַפֿטלעכער באַשיצונג.</para>
      </listitem>
    </orderedlist>
  </article>
  <article number="26">
    <title>אַרטיקל 26</title>
    <orderedlist>
      <listitem>
        <para>יעדער האָט אַ רעכט אױף דערציונג. דערציונג זאָל זײַן אומזיסט, לפּחות אין די עלעמענטאַרישע און פֿונדאַמענטאַלע סטאַדיעס. עלעמענטאַרע דערציונג זאָל זײַן אָבליגאַטאָריש. טעכנישע און פֿאַכמענערישע דערציונג זאָלן ברײט צוגעשטעלט װערן, און העכערע בילדונג דאַרף זײַן צוטריטלעך צו אַלעמען לױטן אַקאַדעמישן װערט.</para>
      </listitem>
      <listitem>
	<para>דער ציל פֿון דערציונג זאָל זײַן די פֿולפֿאַכיקע אַנטװיקלונג פֿון דער מענטשישער פּערזענלעכקײט און די פֿאַרשטאַרקונג פֿון רעספּעקט צו מענטשנרעכט און גרונטלעכע פֿרײַהײטן. די דערציונג זאָל דערמוטיקן פֿאַרשטאַנד, טאָלעראַנץ, און פֿרײַנדשאַפֿט צװישן אַלע פֿעלקער, ראַסן־ און רעליגיעזע־ גרופּעס, און זאָל אונטערשטיצן די אַקטיװיטעטן פֿון די פֿאַראײניקטע פֿעלקער אױף אױסצוהאַלטן שלום.</para>
      </listitem>
      <listitem>
	<para>די עלטערן האָבן אַ רעכט אױף אױסקלײַבן אין פֿאָרױס װאָס פֿאַר אַ דערציונג זײערע קינדער זאָלן באַקומען.</para>
      </listitem>
    </orderedlist>
  </article>
  <article number="27">
    <title>אַרטיקל 27</title>
    <orderedlist>
      <listitem>
        <para>יעדער האָט אַ רעכט באַטײליקן זיך אױף אַ פֿרײַען אױפֿן אין דעם קולטורעלן לעבן פֿון דער קהילה, הנאה האָבן פֿון קונץ, און האָבן אַ חלק אין װיסנשאַפֿטלעכע אַװאַנסירונגען און אירע בענעפֿיטן.</para>
      </listitem>
      <listitem>
	<para>יעדער האָט אַ רעכט אױף דער באַשיצונג פֿון זײַנע מאָראַלישע און פֿינאַנציעלע אינטערעסן װאָס קומען אַרױס פֿון זײַן װיסנשאַפֿטלעכער, ליטעראַרישער, אָדער קינצלעכער פּראָדוקציע.</para>
      </listitem>
    </orderedlist>
  </article>
  <article number="28">
    <title>אַרטיקל 28</title>
    <para>יעדער האָט אַ רעכט אױף אַ געזעלשאַפֿטלעכער און אינטערנאַציאָנאַלער אָרדנונג מיט װעלכער די רעכט און פֿרײַהײטן פֿאַרצײכנט אין אָט דער דעקלאַראַציע זאָלן האָבן אַ פֿולשטענדיקן קיום.</para>
  </article>
  <article number="29">
    <title>אַרטיקל 29</title>
    <orderedlist>
      <listitem>
        <para>יעדער האָט חובֿות צו דער געזעלשאַפֿט װאָס נאָר אין איר קען זיך פֿרײַ און פֿולשטענדיק אַנטװיקלען זײַן פּערזענלעכקײט.</para>
      </listitem>
      <listitem>
	<para>בײַם אױסניצן זיך מיט זײַנע רעכט און פֿרײַהײטן, זאָל יעדער זײַן באַגרענעצט בלױז אױף װיפֿל די געזעץ זאָל באַשטימען כּדי די רעכט און פֿרײַהײטן פֿון אַנדערע מענטשן זאָלן אױך באַקומען פּאַסיקע רעספּעקט און כּבֿוד, און צוליב די יושרדיקע פֿאָדערונגען פֿון מאָראַלישקײט, פֿון עפֿענטלעכער אָרדנונג, און פֿון אַלגעמײנעם װױלזײַן װאָס זײַנען גילטיק אין אַ דעמאָקראַטישער געזעלשאַפֿט.</para>
      </listitem>
      <listitem>
	<para>אין קײן שום פֿאַל טאָר מען זיך ניט אױסניצן מיט די־אָ רעכט און פֿרײַהײטן אין קעגנשטעל צו די צילן און פּרינציפּן פֿון די פֿאַראײניקטע פֿעלקער.</para>
      </listitem>
    </orderedlist>
  </article>
  <article number="30">
    <title>אַרטיקל 30</title>
    <para>גאָרניט אין דער דאָזיקער דעקלאַראַציע טאָר מען ניט טײַטשן מיט דער אימפּליקאַציע, אַז װאָסער־ניט־איז מלוכה, גרופּע, צי מענטש האָט אַ רעכט אױף פֿאַרנעמען זיך מיט װאָסער־ניט־איז אַקטיװיטעט, אָדער אױספֿירן װאָסער־ניט־איז אַקט, װאָס איז געצילט אױף דער צעשטערונג פֿון װעלכן־ניט־איז פֿון די רעכט און פֿרײַהײטן װאָס זײַנען פֿאַרצײכנט דאָ אױבן.</para>
  </article>
  <note>
    <para>איבערגעזעצט: רפֿאל פֿינקל, שלום בערגער, 1998</para>
  </note>
</udhr>
