<?xml version="1.0" encoding="UTF-8"?>

<!--© The Office of the High Commisioner for Human Rights-->

<udhr iso639-3='cjk' xml:lang='cjk' key='cjk_AO' n='Chokwe (Angola)' xmlns="http://www.unhchr.ch/udhr">
  <title>NZUO LYA MAPAPILO NYI KUSAKULA TCHA KUTESA MUKANDA UA MUTCHIFUTCHI TCHESWE YA KUSAKULA TCHA ATHU ESWE</title>

  <note>
    <para>Yakudaptala nyi kuilhinga ku Asembeleia Yeswe mu Kuthunga 217 A (III) ya 10 ya Dezembro ya 1948</para>
  </note>

  <preamble>
    <title>Kuputhuka</title>
    <para>Hakukonsiderala ngwo kunyinguika ya vumbi ya kusa ha usoko eswe nyi kusakula jhó jhimuwikha</para>
    <para>Jakulinga ye fundamentu ya kulenguluka ya ululi ya zango mutchifutchi ;</para>
    <para>Hakukonsiderala ngwo kanyinguikine , kupala tcha kusakula tcha athu, yatuala ku yuma yipe ize ya kuasunga mu mana jha atu nyi maliji jha tchifutchi chize atu eswe etche alingue, ahanjike ,atayze, hanga atchine mu lamba, ya isako ngue yuma yatamba kukaula athu eswe.</para>
    <para>Hakukonsiderala ngwo tchatamba kufunga tche kusakula tcha athu ha imwe regime ya kusakula, hanga athu atchine kulinga ize azanguile,mu kutchina, ha kuhiluka ya yuma yipe nyi matamiso;</para>
    <para>Hakukonsiderala ngwo tchatamba kukuasa kukolesa wue usepha hali ifuchi;</para>
    <para>Hakukonsiderala ngwo, ha mukanda, wua athu jha ifutchi alikuata kanambe, nawa, ngwo ufulhelo wuo ha kusakula tcha athu, ha vumbi lia athu eswe, ha kulifa ya kusakula jha malunga nyi mapwo mba yaha yuma yakulinga ha kukuasa yuma inende heswe nyi kulinga yuma yipema ha muono hua mutchima tcha kulenguluka tchinene;</para>
    <para>Hakukonsiderala ngwo mavungo akwo halithunjika alueze, kulikuasa nyi akuakululieka ifutchi ya linunga, lie vumbi lia mutchifutchi nyi zango lha kusakula tcha athu nyi kukola tcha kulenguluka;</para>
    <para>Hakukonsiderala ngwo kupwa tchimuikha tcha kusakula nyi kulenguluka ye ya ulemo inene hanga ahane kuuaha ya lhitayza tchatcho:</para>
    <para>Ye Asembeleia Yeswe Hakusa ye declaraçao ya mutchifutchi tcheswe ya kusakula tcha athu ngwe ipema uikha ha kuheta kuli athu eswe ku ifutchi yeswe, hangta athu eswe nyi jhe milimo,jipwe mu espiritu, alikolueze, ku ulongueso ua vumbi ya kusakula nyi kutuaka, kuluthue mu membo nyi kusuku, tche kunyinguika tcha kusa yuma kuswe nyi zango hali athu jha mue muihunda hakamuihi, tchize ngue yfutchi aysa hali akua ululi.</para>
  </preamble>

  <article number="1">
    <title>SHIMBI YA 1º</title>
    <para>Athu eswe kakusemuka ngwe akwo, ku vumbi nyi hakusakula.Kali nyi mana,mba mahasa kulinga umwu hali mukwo nyi espiritu ya kuli kuasa.</para>
  </article>
  <article number="2">
    <title>SHIMBI YA 2º</title>
    <para>Athu eswe mahasa kulinga yuma anazangue nyi kusakula ha yno declaraçao,kanda alinga katonde hali athu a ku mavungu ekha,hanjhi ha malunga nyi mapwo, ha malinji,ha ngueleja,ha politica nyi hayuma ikuo,ha mumaihunda,ha upite, ha kusemuka nyi hesuaho.</para>
    <para>Ha tchotcho ketchi kulinga nyi umwu katonde ha kuputuka ku shimbi,ya nguvulu,ululi,hanji yfutchi ikuo tchipwe kuze a semukine muthu ,tchipwe tchifutchi tcha lihandununa,ha kutuama ukawo hanji ha umue nguvulu.</para>
  </article>
  <article number="3">
    <title>SHIMBI YA 3º</title>
    <para>Muthu muswe mahasa kusakula muono,liberdade nyi kulifunga.</para>
  </article>
  <article number="4">
    <title>SHIMBI YA 4º</title>
    <para>Nyi umwe ketchi kapua kapinji,hanji kulinguila, upinji nyi kutalatala ya tupinji hali yuma,ka ku akanjisa.</para>
  </article>
  <article number="5">
    <title>SHIMBI YA 5º</title>
    <para>Nyi umue ketchi kulituala ha lamba nyi kumu talatala tchipi hitcha uthu ko.</para>
  </article>
  <article number="6">
    <title>SHIMBI YA 6º</title>
    <para>Athu eswe mahasa kusakula, ha kunyinguika ha yhela yeswe ya athu a ululi.</para>
  </article>
  <article number="7">
    <title>SHIMBI YA 7º</title>
    <para>Eswe amuikha hakutuala ha shimbi, hi nyi katonde ko, mahasa kusakula, apue nyi kufunga shimbi. Eswe masakula kufunga tchalifa hali tchesuetcho kutalatala mutchi handununa ha tchuma tcheswe, akautuala ha tchesuatcho kutala tala tcha lamba.</para>
  </article>
  <article number="8">
    <title>SHIMBA YA 8º</title>
    <para>Muthu mueswe mahasa kusakula hanga atuale kuli akua ululi, uaze analingue yuma ku ya pemene ku meso ja nguvulu akua shimbi.</para>
  </article>
  <article number="9">
    <title>SHIMBI YA 9º</title>
    <para>Nyi umue ketchi kumusa mu mulonga hanjhi mu phoso.</para>
  </article>
  <article number="10">
    <title>SHIMBI YA 10º</title>
    <para>Muthu mueswe mahasa kusakula, kulifa nyi akuo,yuma atela aylueze kuli akua ululi uaze keshi masepha, hanga atale ku yuma yenyi ,hanga aytangue ngue tchize shimbi inambe.</para>
  </article>
  <article number="11">
    <title>SHIMBI YA 11º</title>
    <orderedlist>
      <listitem>
        <para>Muthu mueswe mamba nguo yuma ypi alinga,nyi kaylinguile, mahasa kuita hanga amufungue nyi afuphe ndo muze mamona yoze uailinga.</para>
      </listitem>
      <listitem>
        <para>Nyi umwe ketchi kamuambungona ku yuma analhingue, nyi kuyapemene mu tchihunda hanjhi mu yfutchi.Tchizetchene,ketchi kamusa mulonga ulemu ngue muze alinganga yuma.</para>
      </listitem>
    </orderedlist>
  </article>
  <article number="12">
    <title>SHIMBI YA 12º</title>
    <para>Nyi umue keshi kamunjila mu muono uenyi, mu usoko,hanji mu nzuo,hanji mikanda,naua kumuihia vumbi.Ha yuma yatcho, athu eswe kali nyi akua ululi afungue.</para>
  </article>
  <article number="13">
    <title>SHIMBI YA 13º</title>
    <orderedlist>
      <listitem>
        <para>Muthu muesue mahasa kusakula kuze anazangue kusa nzuo lienyi.</para>
      </listitem>
      <listitem>
        <para>Muthu muesue mahasa kuetcha tchifutchi tchenyi, nyi muze athunga,mba mahasa kuhiluka nawa mu tchifutchio tchenyi.</para>
      </listitem>
    </orderedlist>
  </article>
  <article number="14">
    <title>SHIMBI YA 14º</title>
    <orderedlist>
      <listitem>
        <para>Muthu muesue muze mamukaula,mahasa kufupha yfutchi yekha hanga athungue ko.</para>
      </listitem>
      <listitem>
        <para>Kusakula tchatcho, kanda atchimona ngue kalinga tchipi ku meso ja manguvulu.</para>
      </listitem>
    </orderedlist>
  </article>
  <article number="15">
    <title>SHIMBI YA 15º</title>
    <orderedlist>
      <listitem>
        <para>Muthu muesue mahasa kupua vungu lienyi.</para>
      </listitem>
      <listitem>
        <para>Nyi umue ketchi kumuamba nguo hanga atchine kupua nyi vungu liekha.</para>
      </listitem>
    </orderedlist>
  </article>
  <article number="16">
    <title>SHIMBI YA 16º</title>
    <orderedlist>
      <listitem>
        <para>Tchize ha miaka ytangu, lunga nyi pfwo ,mahasa kulimbata nyi kuthunga usoko,ketchi kunyonga ku vungu hanjhi mavungu nyi ngeleja.Muze alhimbata ndo muze malhilakula eswe mahasa kusakula.</para>
      </listitem>
      <listitem>
        <para>Umbatchiso ketchi ku ulinga nyi akua kulimbata kazanguile.</para>
      </listitem>
      <listitem>
        <para>Usoko ue uahianamu yfutchi,no mahasa kusakula yoze mafunga mu unguvulu.</para>
      </listitem>
    </orderedlist>
  </article>
  <article number="17">
    <title>SHIMBI YA 17º</title>
    <orderedlist>
      <listitem>
        <para>Muthu muesue, ukhauenyi hanjhi nyi akuo,mahasa kupua nyi upite.</para>
      </listitem>
      <listitem>
        <para>Nyi umue ketchi kumuambila upite uenyi.</para>
      </listitem>
    </orderedlist>
  </article>
  <article number="18">
    <title>SHIMBI YA 18º</title>
    <para>Muthu muesue mahasa kusakula nyi ku nyonga, ha ngueleja;mahasa kuya ku ngueleja yekha,hanji ahanjike tcheka hakutuala ku ngueleja,ukhauenyi hanji nyi akuo,halhi athu eswe nyi ha ukhauenyi,ha ku ulongueso,ha kulinga,ha maliji nyi imbanda.</para>
  </article>
  <article number="19">
    <title>SHIMBI YA 19º</title>
    <para>Muthu muesue mahasa kusakula yze mamba, yze anzajangue,inambe nguo ketchi kumuamba tchipi ku yze anyonga,nyi kumufupha,hanga atambule utelumuno.</para>
  </article>
  <article number="20">
    <title>SHIMBI YA 20º</title>
    <orderedlist>
      <listitem>
        <para>Muthu muesue mahasa kusakula nyi yoze malinunga alhingue yuma ypema.</para>
      </listitem>
      <listitem>
        <para>Nyi umue ketchi kumunumguisa kuli akuo nyi kazanguile.</para>
      </listitem>
    </orderedlist>
  </article>
  <article number="21">
    <title>SHIMBI YA 21º</title>
    <orderedlist>
      <listitem>
        <para>Muthu muesuawo,mahasa kupua kulutue lia milhimo ja mu tchifutchi tcheny,tchipue muene hanji uaze matongola.</para>
      </listitem>
      <listitem>
        <para>Muthu muesue mahasa kupua, ngue akuo,ha milimo ya athu eswe mu tchifutchi tchenyi.</para>
      </listitem>
      <listitem>
        <para>Ndo athu eswe apue kanaua,mba hanga ahase ku tongola yoze mapua nguvulu, muze ma tongola mu tukueji ha tukuji,kuli eswe,ngue tchize shimbi inambe.</para>
      </listitem>
    </orderedlist>
  </article>
  <article number="22">
    <title>SHIMBI YA 22º</title>
    <para>Muthu muesuawo, mahasa kupua nyi ukuaso ua nguvulu,mahasa kuita anyinguike ha kutuala ku upite,ha ku ndako,tchatamba kutatamisa akua kukuasa yfutchi,ha ukuaso ua akua kulinga nyi yuma ylhi mu yfutchi.</para>
  </article>
  <article number="23">
    <title>SHIMBI YA 23º</title>
    <orderedlist>
      <listitem>
        <para>Muthu muesue, mahasa ku kilhikita,nyi yze azanga ha milhimo nyi ha kutchina kupua nayo.</para>
      </listitem>
      <listitem>
        <para>Eswe mahasa kupua nyi milhimo nyi ufeto ngue akuo.</para>
      </listitem>
      <listitem>
        <para>Yoze uakilhikita ndo mamufeta hanga eva kuwaha,hanga usoko jenhi atuame kanaua,nyi afungue ku yuma ykuo yeswe.</para>
      </listitem>
      <listitem>
        <para>Muthu muesue mahasa kuputhuka nyi athu akuo, mazuwo hanga atalhile yuma yo.</para>
      </listitem>
    </orderedlist>
  </article>
  <article number="24">
    <title>SHIMBI YA 24º</title>
    <para>Muthu muesue mahasa kusakula nyi kuhuima, hanji nyi kutchina kukilikita,welo ndo mamufeta mumu kanahuimi.</para>
  </article>
  <article number="25">
    <title>SHIMBI YA 25º</title>
    <orderedlist>
      <listitem>
        <para>Muthu muesue ndo mapua nyi muono upema,mba ahase kuhinduka hamuikha nyi usoko,tcha tamba ha kutuala ku kulha , kuku zala,ku upombelo,ku mandotolo nyi naua ha milhimo ya akua kukuasa,nyi kakilhikithile tchatamba kuakuasa,ku ikola,nyi uafisa lunga,ha ushinakaji nyi ha yuma ykuo yze ketshi kuhasa kulhinga.</para>
      </listitem>
      <listitem>
        <para>A naye nyi ana ndo makuasa. Tuanuke eswe,asemuka mu tchima hanji kusuku lia atato,no ndo kua kuasa.</para>
      </listitem>
    </orderedlist>
  </article>
  <article number="26">
    <title>SHIMBI YA 26º</title>
    <orderedlist>
      <listitem>
        <para>Muthu muesue ndo kumulonguesa.Kulhilonguesa tchatamabile ku tchifeta,mumu tchatamba eswe kunyinguika. Ndo manyinguika eswe.kulhilonguesa tchikuo tcha kueswe; Ndo kulhilonguesa nyi tatchi mba uaze anazangue ahase kulhi ndotolala.</para>
      </listitem>
      <listitem>
        <para>Kulonguesa tchatela muthu nyi muthu,wuelo ndo kulhikolueza mba hanga ahase kunhingueka,apue masepha nyi mavungu akuo hanjhi kaua ngueleja,nyi naua ha kutuala kuluthue zango mu mavungu eswe.</para>
      </listitem>
      <listitem>
        <para>A tato e masakula nyi ananyinguika, tchize malonguesa ano.</para>
      </listitem>
    </orderedlist>
  </article>
  <article number="27">
    <title>SHIMBI YA 27º</title>
    <orderedlist>
      <listitem>
        <para>Muthu muesue mahasa kusakula yze malhinga ha kutuala ku ndako ja mu maihunda,nyi ku kuasa hanga tchi futchi tchilhingue yuma ypema.</para>
      </listitem>
      <listitem>
        <para>Eswe mahasa kusakula yze ya tamba kukaula nyi yze malhinga ngue akua mana,hanjhi akua kuimba nyi kusoneka.</para>
      </listitem>
    </orderedlist>
  </article>
  <article number="28">
    <title>SHIMBI YA 28º</title>
    <para>Muthu muesue mahasa kuthumina,mu tchihunda nyi mu yfutchi,yno shimbi muy hasa kutuala ha uthulhikilo ua yno papilo.</para>
  </article>
  <article number="29">
    <title>SHIMBI YA 29º</title>
    <orderedlist>
      <listitem>
        <para>Muthu muesue ndo malhinguila tchihunda,nekha ketchi kulhinga kuekha hanga atuale vumbi lia jina lienyi.</para>
      </listitem>
      <listitem>
        <para>Ha kulhinga yno yuma nyi umue kaso kupuako hanji ha shimbi jize makaula hanga alhingue yuma tchize tcha tamba mba hapue vumbi hali eswe,ha kutuala kulhi yesue nyi eswe atuame kanawa.</para>
      </listitem>
      <listitem>
        <para>Ha tchuma tchesuatcho tcha kusakula nyi kulhinga yeswe, kanda nukalhinga yuma yekha yze mavungu alikuata kazanguile.</para>
      </listitem>
    </orderedlist>
  </article>
  <article number="30">
    <title>SHIMBI YA 30º</title>
    <para>Nyimwe yuma ya muno mu kuambila ketchi ka ytesa nyi mu mayhunda yesuayo, muusoko hanjhi umuwikha kalhi nyi thajhi ja kuhana milhimo yesuayo hanjhi ha kulhinga yesuayo yuma ya kupupa tche kusakula tcha athu anambe akuno.</para>
  </article>
</udhr>
