<?xml version="1.0" encoding="UTF-8"?>

<!--© The Office of the High Commisioner for Human Rights-->

<udhr iso639-3='tgl' xml:lang='tl' key='tgl' n='Tagalog' xmlns="http://www.unhchr.ch/udhr">
   <note>
      <para>Noong Disyembre 10, 1948, ang Pangkalahatang Kapulungan ng mga Bansang Nagkakaisa ay nagsagawa at nagpahayag ng Pandaigdig na Pahayag ng mga Karapatan ng Tao. Ang buong nilalaman noon ay mababasa sa mga susunod na pahina. Kasunod ng makasaysayang gawaing ito, ang Kapulungan ay nanawagan sa lahat ng mga kagawad ng bansa upang ilathala ang nilalaman ng Pahayag at "upang ito'y palaganapin, itanghal, basahin, at talakayin lalung-lalo na sa mga paaralan at iba pang institusyong edukasyonal, nang walang pagtatangi batay sa kalagayang pulitikal ng mga bansa o mga teritoryo." Pangwakas na Textong May Pahintulot na salin sa Pilipino ng Katipunan ng Bagong Pilipina. Ipinaabot ng Punong Pangkaalaman ng mga Bansang Nagkakaisa para sa Pilipinas ang taus-pusong pasasalamat sa Law Center ng Pamantasan ng Pilipinas na unang naglimbag ng pahayag na ito na salin sa Pilipino. Ipinalimbag ng Punong Pangkaalaman ng mga Bansang Nagkakaisa para sa Pilipinas at ng Kagawaran ng Kabatirang Pangmadla ng mga Bansang Nagkakaisa.</para>
   </note>
   <title>PANDAIGDIG NA PAGPAPAHAYAG NG MGA KARAPATAN NG TAO</title>
   <preamble>
      <title>PANIMULA</title>
      <para>Sapagkat ang pagkilala sa katutubong karangalan at sa pantay at di-maikakait na mga karapatan ng lahat ng nabibilang sa angkan ng tao ay siyang saligan ng kalayaan, katarungan at kapayapaan sa daigdig.</para>
      <para>Sapagkat ang pagwawalang-bahala at paglalapastangan sa mga karapatan ng tao ay nagbunga ng mga gawang di-makatao na humamak sa budhi ng sangkatauhan, at ang pagdatal ng isang daigdig na ang mga tao ay magtatamasa ng kalayaan sa pagsasalita at ng kaligtasan sa pangamba at pagdaralita ay ipinahayag na pinakamataas na mithiin ng mga karaniwang tao.</para>
      <para>Sapagkat mahalaga, kung ang tao ay di-pipiliting manghawakan bilang huling magagawa, sa paghihimagsik laban sa paniniil at pang-aapi, na ang mga karapatan ng tao'y mapangalagaan sa pamamagitan ng paghahari ng batas.</para>
      <para>Sapagkat mahalagang itaguyod ang pagpapaunlad ng mabuting pagsasamahan ng mga bansa.</para>
      <para>Sapagkat ang mga mamamayan ng Mga Bansang Nagkakaisa ay nagpatibay sa Karta ng kanilang pananalig sa mga Saligang karapatan ng tao, sa karangalan at kahalagahan ng pagkatao at sa pantay na mga karapatan ng mga lalaki at babae at nagpapasiyang itaguyod ang kaunlarang panlipunan at lalong mabubuting pamantayan ng buhay sa lalong malaking kalayaan.</para>
      <para>Sapagkat ang mga Kasaping Estado ay nangako sa kanilang sarili na tamuhin sa pakikipagtulungan sa mga Bansang Nagkakaisa, ang pagtataguyod ng pandaigdig na paggalang at pagtalima sa mga karapatan ng tao at mga saligang kalayaan.</para>
      <para>Sapagkat lubhang mahalaga ang pagkakaunawa ng lahat sa mga karapatan at kalayaang ito at lubhang mahalaga sa ganap na pagsasakatuparan ng mga pangakong ito.</para>
      <para>Ngayon, Samakatuwid,</para>
      <para>Ang Pangkalahatang Kapulungan</para>
      <para>ay nagpapahayag ng</para>
      <para>Pandaigdig na Pagpapahayag na ito</para>
      <para>ng mga Karapatan ng Tao</para>
      <para>bilang pangkalahatang pamantayang maisasagawa para sa lahat ng tao at bansa, sa layuning ang bawat tao at bawat galamay ng lipunan, na laging nasa isip ang Pahayag na ito, ay magsikap sa pamamagitan ng pagtuturo at edukasyon na maitaguyod ang paggalang sa mga karapatan at kalayaang ito at sa pamamagitan ng mga hakbang na pagsulong na pambansa at pandaigdig, ay makamtan ang pangkalahatan at mabisang pagkilala at pagtalima sa mga ito, maging ng mga mamamayan ng mga Kasaping Estado at ng mga mamamayan ng mga teritoryo na nasa ilalim ng kanilang nasasakupan.</para>
   </preamble>
   <article number="1">
      <title>Artikulo 1</title>
      <para>Ang lahat ng tao'y isinilang na malaya at pantay-pantay sa karangalan at mga karapatan. Sila'y pinagkalooban ng katwiran at budhi at dapat magpalagayan ang isa't isa sa diwa ng pagkakapatiran.</para>
   </article>
   <article number="2">
      <title>Artikulo 2</title>
      <para>Ang bawat tao'y karapat-dapat sa lahat ng karapatan at kalayaang nakalahad sa Pahayag na ito, nang walang ano mang uri ng pagtatangi, gaya ng lahi, kulay, kasarian, wika, relihiyon, kuro-kurong pampulitika o iba pa, pinagmulang bansa o lipunan, ari-arian, kapanganakan o iba pang katayuan.</para>
      <para>Bukod dito, walang pagtatanging gagawin batay sa katayuang pampulitika, hurisdiksiyunal o pandaigdig na kalagayan ng bansa o teritoryong kinabibilangan ng isang tao, maging ito ay nagsasarili, itinitiwala, di-nakapamamahala sa sarili o nasa ilalim ng ano mang katakdaan ng soberanya.</para>
   </article>
   <article number="3">
      <title>Artikulo 3</title>
      <para>Ang bawat tao'y may karapatan sa buhay, kalayaan at kapanatagan ng sarili.</para>
   </article>
   <article number="4">
      <title>Artikulo 4</title>
      <para>Walang sino mang aalipinin o bubusabusin; ipagbabawal ang ano mang anyo ng pang-aalipin at ang pangangalakal ng alipin.</para>
   </article>
   <article number="5">
      <title>Artikulo 5</title>
      <para>Walang sino mang pahihirapan o lalapatan ng malupit,di-makatao o nakalalait na pakikitungo sa parusa.</para>
   </article>
   <article number="6">
      <title>Artikulo 6</title>
      <para>Ang bawat tao'y may karapatang kilalanin saan mang dako bilang isang tao sa harap ng batas.</para>
   </article>
   <article number="7">
      <title>Artikulo 7</title>
      <para>Ang lahat ay pantay-pantay sa harap ng batas at may karapatan sa walang pagtatangi ng pangangalaga ng batas. Ang lahat ay may karapatan sa pantay na pangangalaga laban sa ano mang pagtatangi-tanging nalalabag sa Pahayag na ito at laban sa ano mang pagbubuyo sa gayong pagtatangi-tangi.</para>
   </article>
   <article number="8">
      <title>Artikulo 8</title>
      <para>Ang bawat tao'y may karapatan sa mabisang lunas ng karampatang mga hukumang pambansa tungkol sa mga gawang lumalabag sa pangunahing mga karapatan na ipinagkaloob sa kanya ng saligang batas o ng batas.</para>
   </article>
   <article number="9">
      <title>Artikulo 9</title>
      <para>Walang sino mang ipaiilalim sa di-makatwirang pagdakip, pagpigil o pagpapatapon.</para>
   </article>
   <article number="10">
      <title>Artikulo 10</title>
      <para>Ang bawat tao'y may karapatan sa ganap na pagkakapantay-pantay, sa isang makatarungan at hayag na paglilitis ng isang hukumang malaya at walang kinikilingan, sa pagpapasiya ng kanyang mga karapatan at panangutan at sa ano mang paratang na kriminal laban sa kanya.</para>
   </article>
   <article number="11">
      <title>Artikulo 11</title>
      <orderedlist>
         <listitem>
            <para>Ang bawat taong pinararatangan ng pagkakasalang pinarurusahan ay may karapatang ituring na walang-sala hanggang di-napatutunayang nagkasala alinsunod sa batas sa isang hayag na paglilitis na ipinagkaroon niya ng lahat ng garantiyang kailangan sa kanyang pagtatanggol.</para>
         </listitem>
         <listitem>
            <para>Walang taong ituturing na nagkasala ng pagkakasalang pinarurusahan dahil sa ano mang gawa o pagkukulang na hindi isang pagkakasalang pinarurusahan, sa ilalim ng batas pambansa o pandaigdig, noong panahong ginawa iyon. Hindi rin ipapataw ang parusang lalong mabigat kaysa nararapat nang panahong magawa ang pagkakasalang pinarurusahan.</para>
         </listitem>
      </orderedlist>
   </article>
   <article number="12">
      <title>Artikulo 12</title>
      <para>Walang taong isasailalim sa di-makatwirang panghihimasok sa kanyang pananhimik, pamilya, tahanan o pakikipagsulatang ni sa tuligsa sa kanyang karangalan at mabuting pangalan. Ang bawat tao'y may karapatan sa pangangalaga ng batas laban sa gayong mga panghihimasok o tuligsa.</para>
   </article>
   <article number="13">
      <title>Artikulo 13</title>
      <orderedlist>
         <listitem>
            <para>Ang bawat tao'y may karapatan sa kalayaan ng pagkilos at paninirahan sa loob ng mga hanggahan ng bawat estado.</para>
         </listitem>
         <listitem>
            <para>Ang bawat tao'y may karapatang umalis sa alin mang bansa, pati na sa kanyang sarili, at bumalik sa kanyang bansa.</para>
         </listitem>
      </orderedlist>
   </article>
   <article number="14">
      <title>Artikulo 14</title>
      <orderedlist>
         <listitem>
            <para>Ang bawat tao'y may karapatang humanap at magtamasa sa ibang bansa ng pagpapakupkop laban sa pag-uusig.</para>
         </listitem>
         <listitem>
            <para>Ang karapatang ito'y hindi mahihingi sa mga pag-uusig na tunay na nagbubuhat sa mga pagkakasalang di-pampulitika o sa mga gawang nasasalungat sa mga layunin at simulain ng mga Bansang Nagkakaisa.</para>
         </listitem>
      </orderedlist>
   </article>
   <article number="15">
      <title>Artikulo 15</title>
      <orderedlist>
         <listitem>
            <para>Ang bawat tao'y may karapatan sa isang pagkamamamayan.</para>
         </listitem>
         <listitem>
            <para>Walang sino mang aalisan ng kanyang pagkamamamayan ng walang katwiran ni pagkakaitan ng karapatang magpalit ng kanyang pagkamamamayan.</para>
         </listitem>
      </orderedlist>
   </article>
   <article number="16">
      <title>Artikulo 16</title>
      <orderedlist>
         <listitem>
            <para>Ang mga lalaki't babaeng may sapat na gulang ay may karapatang mag-asawa at magpamilya nang walang ano mang pagtatakda dahil sa lahi, bansang kinabibilangan o relihiyon. Nararapat sila sa pantay-pantay na karapatan sa pag-aasawa, sa panahong may asawa at pagpapawalang bisa nito.</para>
         </listitem>
         <listitem>
            <para>Ang pag-aasawa'y papasukan lamang sa pamamagitan ng malaya at lubos na pagsang-ayon ng mga nagbabalak magkapangasawahan.</para>
         </listitem>
         <listitem>
            <para>Ang pamilya ay likas at pangunahing pangkat sa sangay ng lipunan at karapat-dapat sa pangangalaga ng lipunan at ng Estado.</para>
         </listitem>
      </orderedlist>
   </article>
   <article number="17">
      <title>Artikulo 17</title>
      <orderedlist>
         <listitem>
            <para>Ang bawat tao'y may karapatang mag-angkin ng ari-arian nang mag-isa gayon din na kasama ng iba.</para>
         </listitem>
         <listitem>
            <para>Walang sino mang aalisan ng kanyang ari-arian nang walang katwiran.</para>
         </listitem>
      </orderedlist>
   </article>
   <article number="18">
      <title>Artikulo 18</title>
      <para>Ang bawat tao'y may karapatan sa kalayaan ng pag-iisip, budhi at relihiyon; kasama sa karapatang ito ang kalayaang magpalit ng kanyang relihiyon o paniniwala maging nag-iisa o kasama ang iba sa pamayanan upang ipakilala ang kanyang relihiyon o paniniwala sa pagtuturo, pagsasagawa,pagsamba at pagtalima.</para>
   </article>
   <article number="19">
      <title>Artikulo 19</title>
      <para>Ang bawat tao'y may karapatan sa kalayaan ng pagkukuro at pagpapahayag; kasama ng karapatang ito ang kalayaan at kuru-kuro nang walang panghihimasok at humanap, tumanggap at magbigay ng impormasyon at kaisipan sa pamamagitan ng alin mang paraan ng pagkakalat at walang pagsasaalang-alang ng mga hanggahan.</para>
   </article>
   <article number="20">
      <title>Artikulo 20</title>
      <orderedlist>
         <listitem>
            <para>Ang bawat tao'y may karapatan sa kalayaan sa mapayapang pagpupulong at pagsasamahan.</para>
         </listitem>
         <listitem>
            <para>Walang sino mang pipiliting sumapi sa isang kapisanan.</para>
         </listitem>
      </orderedlist>
   </article>
   <article number="21">
      <title>Artikulo 21</title>
      <orderedlist>
         <listitem>
            <para>Ang bawat tao'y may karapatang makilahok sa pamahalaan ng kanyang bansa, sa tuwiran o sa pamamagitan ng mga kinatawang malayang pinili.</para>
         </listitem>
         <listitem>
            <para>Ang bawat tao'y may karapatan sa pantay na pagpasok sa paglilingkod pambayan ng kanyang bansa.</para>
         </listitem>
         <listitem>
            <para>Ang kalooban ng bayan ang magiging saligan ng kapangyarihan ng pamahalaan; ang kaloobang ito'y ipahahayag sa tunay na mga halalan sa pana-panahon sa pamamagitan ng pangkalahatan at pantay-pantay na paghahalal at idaraos sa pamamagitan ng lihim na balota o sa katumbas na pamamaraan ng malayang pagboto.</para>
         </listitem>
      </orderedlist>
   </article>
   <article number="22">
      <title>Artikulo 22</title>
      <para>Ang bawat tao, bilang kasapi ng lipunan, ay may karapatan sa kapanatagang panlipunan at nararapat na makinabang sa pamamagitan ng pambansang pagsisikap at pakikipagtulungang pandaigdig at alinsunod sa pagkakabuo at mga mapagkukunan ng bawat Estado, sa mga karapatang pangkabuhayan, panlipunan at pangkalinangan na lubhang kailangan para sa kanyang karangalan at sa malayang pagpapaunlad ng kanyang pagkatao.</para>
   </article>
   <article number="23">
      <title>Artikulo 23</title>
      <orderedlist>
         <listitem>
            <para>Ang bawat tao'y may karapatan sa paggawa, sa malayang pagpili ng mapapasukang hanapbuhay, sa makatarungan at kanais-nais na mga kalagayan sa paggawa at sa pangangalaga laban sa kawalang mapapasukang hanap-buhay.</para>
         </listitem>
         <listitem>
            <para>Ang bawat tao'y may karapatan sa kapantay na bayad ng kapantay na gawain, nang walang ano mang pagtatangi.</para>
         </listitem>
         <listitem>
            <para>Ang bawat taong gumagawa ay may karapatan sa makatarungan at nababatay sa kabayarang tumitiyak sa kanyang sarili at sa kanyang pamilya ng kabuhayang karapat-dapat sa karangalan ng isang tao, at pupunan, kung kailangan, ng iba pang paraan ng pangangalangang panlipunan.</para>
         </listitem>
         <listitem>
            <para>Ang bawat tao'y may karapatang magtatag at umanib sa mga unyon ng manggagawa para sa pangangalaga ng kanyang mga kapakanan.</para>
         </listitem>
      </orderedlist>
   </article>
   <article number="24">
      <title>Artikulo 24</title>
      <para>Ang bawat tao'y may karapatan sa pamamahinga at paglilibang, kasama ang mga makatwirang pagtatakda ng mga oras ng paggawa at may sahod sa mga pana-panahong pista opisyal.</para>
   </article>
   <article number="25">
      <title>Artikulo 25</title>
      <orderedlist>
         <listitem>
            <para>Ang bawat tao'y may karapatan sa isang pamantayan ng pamumuhay na sapat para sa kalusugan at kagalingan ng kanyang sarili at ng kanyang pamilya, kasama na ang pagkain, pananamit, paninirahan at pagpapagamot at kinakailangang mga paglilingkod panlipunan, at ng karapatan sa kapanatagan sa panahong walang gawain, pagkakasakit, pagkabalda, pagkabalo, katandaan at iba pang kakapusan sa ikabubuhay sa mga di-maiiwasang pangyayari.</para>
         </listitem>
         <listitem>
            <para>Ang pagkaina at pagkabata ay nararapat sa tanging kalinga at tulong. Ang lahat ng bata, maging anak na lehitimo o di-lehitimo, ay magtatamasa ng gayon ding pangangalagang panlipunan.</para>
         </listitem>
      </orderedlist>
   </article>
   <article number="26">
      <title>Artikulo 26</title>
      <orderedlist>
         <listitem>
            <para>Ang bawat tao'y may karapatan sa edukasyon. Ang edukasyon ay walang bayad, doon man lamang sa elementarya at pangunahing antas. Ang edukasyong elementarya ay magiging sapilitan. Ang edukasyong teknikal at propesyonal ay gagawing maabot ng lahat at ang lalong mataas na edukasyon ay ipagkakaloob nang pantay-pantay sa lahat batay sa pagiging karapat-dapat.</para>
         </listitem>
         <listitem>
            <para>Ang edukasyon ay itutungo sa ganap na pagpapaunlad ng pagkatao at sa pagpapalakas ng paggalang sa mga karapatan ng tao at mga pangunahing kalayaan. Itataguyod nito ang pagkakaunawaan, pagbibigayan, at pagkakaibigan ng lahat ng bansa, mga pangkat na panlahi o panrelihiyon, at palawakin ang mga gawain ng mga Bansang Nagkakaisa sa ikapapanatili ng kapayapaan.</para>
         </listitem>
         <listitem>
            <para>Ang mga magulang ay may pangunahing karapatang pumili ng uri ng edukasyong ipagkaloob sa kanilang mga anak.</para>
         </listitem>
      </orderedlist>
   </article>
   <article number="27">
      <title>Artikulo 27</title>
      <orderedlist>
         <listitem>
            <para>Ang bawat tao'y may karapatang makilahok nang malaya sa buhay pangkalinangan ng pamayanan, upang tamasahin ang mga sining at makihati sa mga kaunlaran sa siyensiya at sa mga pakinabang dito.</para>
         </listitem>
         <listitem>
            <para>Ang bawat tao'y may karapatan sa pangangalaga ng mga kapakanang moral at materyal bunga ng alin mang produksiyong pang-agham, pampanitikan o pansining na siya ang may-akda.</para>
         </listitem>
      </orderedlist>
   </article>
   <article number="28">
      <title>Artikulo 28</title>
      <para>Ang bawat tao'y may karapatan sa kaayusang panlipunan at pandaigdig na ang mga karapatan at mga kalayaang itinakda sa Pahayag na ito ay ganap na maisasakatuparan.</para>
   </article>
   <article number="29">
      <title>Artikulo 29</title>
      <orderedlist>
         <listitem>
            <para>Ang bawat tao'y may mga tungkulin sa pamayanan sa ikaaari lamang ng malaya at ganap na pagkaunlad ng kanyang pagkatao.</para>
         </listitem>
         <listitem>
            <para>Sa paggamit ng kanyang mga karapatan at mga kalayaan, ang bawat tao'y masasaklaw lamang ng mga katakdaan gaya ng ipinapasya ng batas ng tanging sa layunin lamang ng pagtatamo ng kaukulang pagkilala at paggalang sa mga karapatan at mga kalayaan ng iba at sa pagtugon sa makatarungang kahilingan ng moralidad, kaayusang pambayan at ng pangkalahatang kagalingan sa isang demokratikong lipunan.</para>
         </listitem>
         <listitem>
            <para>Ang mga karapatan at kalayaang ito ay hindi magagamit sa ano mang pangyayari nang nasasalungat sa mga layunin at mga simulain ng Mga Bansang Nagkakaisa.</para>
         </listitem>
      </orderedlist>
   </article>
   <article number="30">
      <title>Artikulo 30</title>
      <para>Walang bagay sa Pahayag na ito na mapapakahulugan ang nagbibigay sa alin mang Estado, pangkat o tao ng ano mang karapatang gumawa ng ano mang kilusan o magsagawa ng ano mang hakbang na naglalayong sirain ang nakalahad dito.</para>
   </article>
</udhr>