<?xml version="1.0" encoding="UTF-8"?>

<!--© The Office of the High Commisioner for Human Rights-->

<udhr iso639-3='kmb' xml:lang='kmb' key='009' n='Mbundu (009)' xmlns="http://www.unhchr.ch/udhr">
  <title>?</title>

  <note>
    <para>DISONEKU DIA KIJIMBUETE</para>
    <para>NI KUIUKA KU`OTENESE</para>
    <para>KILONDEKESU KIA UBINGANU KUA MUTU MU NGONGO</para>
    <para>JIHUNDU JA TOKALA KU MUTU</para>

    <para>KIO TUMBE NI A KIKOLE KU KIONGE</para>
    <para>KIA KISANGELA MU KIXINGANEKU</para>
    <para>KIA HUNJI 217 ( III ) IA KI2UA, 10/ 12/ 48</para>
  </note>

  <preamble>
    <title>DIMATEKENU</title>
    <para>O kutetulula kuila, o kuijia o ujitu mu ukunji ni udandu ua atu oso mu ngongo, ni ubinganu ni kosokela, ubangesa o dimatekenu ua kitungu kia ufolo, ua kidi, ni kia uembu mu ngongo.</para>
    <para>O kutetulula kuila o mutu mu ku kamba o kuijia kiambote o ubinganu ua ka mukua, kua muambata mu ifua ia ufumbe ni ia mu bangesa o kukituka mu kilunji, kiene pe mu kiki kia mu bangesa o kusota ufolo kua atu mu kizuelelu mba kuxikana, kubuluka mu homa ni kutunda mu unjenje mba uadiama, kiena kia beka o kikoe kiki.</para>
    <para>O kutetulula uixi, kia tokala bu kale o dikuatenenu dia ubinganu ua mutu mu kifua kia ubinganu, pala o mutu akale ni ufolo ua dikota mu kutatama ni nguzu ioso o kulua o unguanji ni uhadi;</para>
    <para>O kutetulula kuila, kia tokala o dikuatenenu dia kukolesa o kusanzumuna o kudibana mu ukamba ku jimbandu ja ngongo ioso.</para>
    <para>O kutetulula kuila, o mukanda ua kifuxi kia ngongo, ua dikola dingi oku xikana kua mu kitungu kia kilondesu kia ubinganu ua atu, mu ujitu ua atu ni mukusokela kua mala ni`hatu, a u kole anga atukulula mu kutenesa o kihingumunu kia kisangela ni kutunga kiambote o kikalelu kia m&#x00FA;eniu; mu kaxiaxi ka ufolo uonene.</para>
    <para>O kutetulula kuila o Jinguvulu ja Jimbandu ia ibuka ia disokeka mu kubana o nguzu mu kukalakala kumoxi ni kionge kia mabata, ma jixi jioso, mu ujitu ua ngongo ni kuxikinina mu ubinganu ua atu, ni dimatekenu dia ufolo.</para>
    <para>Mu kutetulula kuila o mu dixiganeku dimoxi dia ubinganu ni ufolo muene muala o ukunji uonene utena kubana o kisangusangu kia udielelu ua dikangu.</para>
    <para>O KIONGE KIA KISANGELA</para>
    <para>Adikola mu kilondekesu kia ngongo ioso mu jihundu jiji ja ubinganu ua mutu jikale mu kixinganeku kimoxi mu kubekela ku mabata mba jinguvulu ja ngongo ioso ni a jitambule mukonda dia atu oso akale ni kutetuluka kumoxi muaxaxi ka mabanzelu ma jinzumbi ja, ne abange nguzu mu ulongeselu ua atu, ni unjimu, mokonda dia kubana ujitu ua ubinganu uhu ni kubandesau mu kusokela kumoxi mu utuminu ua mabata ma uvualukilu mba mabata m`akuamukua mu ngongo, ni kuijia ku ixika.</para>
    <para>Kia tokala pe kua ejihisa kiambote o kilondekesu kia jinbu ihi ia jihundu ja atu oso, mba Jinguvulu ja jixi ja ditungu mu kisangela kia kionge ni akua mukua ala muaxaxi ka utuminu ua ujitu ua atu ni mabata mogongo ioso ni`atumake o kikoue kia kilondegesa mu ibatu ihi ;</para>
  </preamble>
  <article number="1">
    <title>MOXI</title>
    <para>Mutu uoso uoso a mu vuala ni ufolo ni kutena kumoxi mu kijingu ni mu ubinganu. Mu kilembu kia kubanga ni mu ubanzelu, Atena u&#x00EA; kubanga ioso kua akua mu muxima ua tululuka mba upange.</para>
  </article>
  <article number="2">
    <title>IADI</title>
    <para>Mutu uoso uoso utena kuxana ( kubinga) o ki binganu ni ma ufolo mo boke mu mukanda u&#x00ED;, akale mumbundu mba mundele, diala ba muhatu, azuele putu mba kimbundu, akale ngadiama mba mvuama, akale ni nzambi mba kana, akale mukua ixi mba mosonhi atokale ku muiji ua jingiji mba kana, ne mbe akale mu kikexilu kioso kioso.</para>
    <para>Nembe bobo, kanaku katungu ka ijila ia afundixi mba ku mbandu ja jixi joso mba mu kaxaxi ka ixi ia ku vualela, ikale ixi ihi mba mu ixi ia ofolo nia iatokala mu ituminu ua ixi ia ka makua mba ikale mu jimbanbe ja kusanzumuka kue.</para>
  </article>
  <article number="3">
    <title>TATU</title>
    <para>Mutu uoso uoso kia mutokala o ubinganu ua mu&#x00EA;niu, ufolo ni dikuatekesu die.</para>
  </article>
  <article number="4">
    <title>UANA</title>
    <para>Kanaku mutu a muindi ku kala mu ubika, mu ikalakalu ia ubika. O ubika uabuile kia, ni ma uenji ma ubika; ki kale kioso kioso, a ki kidika.</para>
  </article>
  <article number="5">
    <title>TANU</title>
    <para>Kana ku mutu a mu tuike o zungule ia ku mubeta kala kiama mba ku mu talesa hadi, ku mu fundisa mu ibatu ia kambe o kuzediua.</para>
  </article>
  <article number="6">
    <title>SAMANU</title>
    <para>Mutu uoso uoso uala ni ubinganu mu kuijia mu ididi ioso o kioso kia mu tokala o kukala mu ujitu ua kafundu mu ibatu ia afundixi.</para>
  </article>
  <article number="7">
    <title>SAMBUADI</title>
    <para>Mutu uoso uoso uala ni kutena kumoxi mu ibatu ia afundixi, kanaku katungu, o dikuatekesu diene dimoxi ku ibatu. Ene uoso ala ni ubinganu umoxi ua kudituna o katungu kabuisa mba kabalesa o matendelu ma mukanda iu, mba ku mateka ku kala mutu a katungu ka maka ia.</para>
  </article>
  <article number="8">
    <title>DINAKE</title>
    <para>Mutu uoso uoso uala ni ubinganu ua ku. Koso ta o kubitulula o maka ma ixi i&#x00EA; kua afundixi a matunda, mu kubatula mu. Kanaku ixi ibuisa o ubinganu uhu uokolese, ni a ukumbulule kia mu kutena kua ibatu ihi.</para>
  </article>
  <article number="9">
    <title>DIVUA</title>
    <para>Kana ku mutu a mukuata se kikuma mba kumuta mu`aleia mba kumutumikisa ku jixi ja makanga ni a mu sueke.</para>
  </article>
  <article number="10">
    <title>DIKUINHI</title>
    <para>Mutu uoso uoso uala ni ubinganu kala atu oso mu kusota o maka me mba kikuma kie a kifundise mu kionge mba bu kanga, mba bu kididi kia ufolo ni ujitu se ku katungu ka buisa o ubinganu u&#x00EA;. Ke ku kale atu a mu idikiza o kulunga kue mba kuila mu kikuma kia mu tela . Mutu ua tokala ku mufundisa ku`afundisi ala ni kuijia kua kubatula ikuma mu kidi kioso.</para>
  </article>
  <article number="11">
    <title>DIKUINHI NI KIMOXI</title>
    <orderedlist>
      <listitem>
        <para>Mutu uoso uoso kia mutela milonga ku maka abange, uala ni ubinganu ua kuditata kuila ka ejie o milonga ia bange, te kia sange o kikuma kia kidi ni mu kidi, ni a kibangela o ku kaiela bu dikanga dibeka o kuxikana kuoso kua mu tokala mu dikuatekesu dia. kituxi kie :</para>
      </listitem>
      <listitem>
        <para>Mutu katena ku mu helesa mu ikuma iabange bu kindala se ka imono kukala ni kituxi mu ibatu ia ubinganu ua ixi mba ia ngongo. Kiene kimoxi, o mutu ki kia mutokala kumu bana kitumbu kionene mu kitangana kia te okikuma kiejia kiofele mba ua kambe kutondala.</para>
      </listitem>
    </orderedlist>
  </article>
  <article number="12">
    <title>DIKUINHI NI KIADI</title>
    <para>Kana ku mutu a mutalesa hadi mu kikuma ka ki bang&#x00E9; mu muenhu u&#x00EA;, mu axaxi ka atu atungu mu inzo i&#x00EA;, mu` axaxi ka inzo i&#x00E9;, ni mikanda ie, ni kumuxidisa o dijina die. Mu kiki, se ki mubita, mutu uoso uala, ni ub&#x00ED;ganu ua ku mu kuatekesa mu ituminu ia ijila.</para>
  </article>
  <article number="13">
    <title>DIKUINHI NI KITATU</title>
    <orderedlist>
      <listitem>
        <para>Mutu uoso uoso kia mu tokala kuenda ni ufolo se kumutela ibulukutu,. Ni kusota kuoso kuoso ku `andala kutunga mu kaxaxi ka ixi i&#x00EA;.</para>
      </listitem>
      <listitem>
        <para>Mutu uoso ua tokala mba uala ni, unbinganu ua kuxisa o ixi i&#x00EA; ni asole kusanga o ixi iandala kukala. Uala u&#x00EA; ni ubingana ua kuvutuka ku ixi i&#x00EA; kua mu vualela.</para>
      </listitem>
    </orderedlist>
  </article>
  <article number="14">
    <title>DIKUINHI NI KIUANA</title>
    <orderedlist>
      <listitem>
        <para>Mutu uoso uoso se amuzukutisa kua jinguma, uala u&#x00EA; ni ukunji mu kusota ixi i&#x00EA; ni kia mutokala ku suamena ku jixi jengi</para>
      </listitem>
      <listitem>
        <para>O ubinganu uhu ke uambe kana, nembe ua bange kikuma mba ua te kituxi kibangesa o ku ninhonga o jimbanbe mu dimatekenu mba dizubilu dia jihundu ja kionge kia ngongo ioso.</para>
      </listitem>
    </orderedlist>
  </article>
  <article number="15">
    <title>DIKUINHI NI KITANU</title>
    <orderedlist>
      <listitem>
        <para>Mutu uoso uoso uala ni ubinganu ua kukala ni kinjimbuete kia uvalelu .</para>
      </listitem>
      <listitem>
        <para>Kana ku mutu a mukidika mu king&#x00F3; o kijimbuete kia uvalelu mba se ua mesena kusola ixi iengi, kia mu tokala u&#x00EA; kukibanga.</para>
      </listitem>
    </orderedlist>
  </article>
  <article number="16">
    <title>DIKUINHI NI KISAMANU</title>
    <orderedlist>
      <listitem>
        <para>Se u bixila mu kitala kia kosokana , o diala mba muhatu kia mutokala kosokana (ukaza) ni avalesa mba kuvuala se kua akidika mokonda dia katungu ka kikonda kie, ixi i&#x00EA;. Se andala kudisenga, kiene kimosi u&#x00EA;. Mu kitangana kia ukaza ene oso ala ni ubinganu umoxi.</para>
      </listitem>
      <listitem>
        <para>O ukaza u&#x00EA; kana ku ubanga mu ku kuzola kua jindandu. Kia fuamena o musokani ni kilumba a kihijia ni andele o ukaza u&#x00EA; mu kixikanu ni ufolo ua ene kiadi .</para>
      </listitem>
      <listitem>
        <para>O jindandu u&#x00EA;, ala ni ubinganu ua dikota ni atumini a ixi, mokonda ene o idiandu ia diangel `aku, ene pe o dimatekenu dia kisangela ka atu . Mu kieniokio, ene ala kuila afikikidi a ukaza ni udandu.</para>
      </listitem>
    </orderedlist>
  </article>
  <article number="17">
    <title>DIKUINHI NI KISAMBUADI</title>
    <orderedlist>
      <listitem>
        <para>Mutu uoso uoso ua tokala mu ubeka u&#x00EA; mba mukisangela, a kala ni kimbamba ki&#x00EA;.</para>
      </listitem>
      <listitem>
        <para>Kanaku mutu utena ku musumbula kiu se kituxi. O kia mutokala, kia mutokala muene.</para>
      </listitem>
    </orderedlist>
  </article>
  <article number="18">
    <title>DIKUINHI NI DINAKE</title>
    <para>Mutu uoso uoso uala ni ubinganu ua ufolo mu kixinganeku kia muene mu di&#x00EA;, mu ku sambela o jimzambi jandala, o ubinganu uhu ubana mu kudituna mba kubilula o kuxikana ku&#x00EA; mu jinzambi ja andala, Kiene kimoxi u&#x00EA; mu kuijihisa akua o ubezelu u&#x00EA;, akale muene ngo mba ni` akua, bu kanga, ni atu avulu mba bu kididi kia muene ngo. Mu ulongeselu, mu ubangelu, mu ku beza mba mu utuminu ua ibatu ia unzambi u&#x00EA; mba ngeleja .</para>
  </article>
  <article number="19">
    <title>DIKUINHI NI DIVUA</title>
    <para>Mutu uoso uoso, kioso. Kia kale, uala ni ubinganu ua ufolo mu ku ta hundu i&#x00EA;, kuzuela kioso kiandala. Kanaku ku mu kidika mba kumutela kibulukutu mu jihundu j&#x00E9;, mu kusota ku&#x00EA; mba mu ku kuata mba kusanha o maka m&#x00EA;. Kana ku jimbambe, mu izuelelu mba mabanzelu ma londekesa mutu mu ufolo ua kuzuela ku&#x00EA;.</para>
  </article>
  <article number="20">
    <title>MAKUINHI AIADI</title>
    <orderedlist>
      <listitem>
        <para>Mutu uoso uoso uala ni ubinganu ua ku diongeka ni kisangela kio tululuke.</para>
      </listitem>
      <listitem>
        <para>Kana ku mutu a mujijidila ku kala mu kionge kioso kioso.</para>
      </listitem>
    </orderedlist>
  </article>
  <article number="21">
    <title>MAKUINHI AIADI NI KIMOXI</title>
    <orderedlist>
      <listitem>
        <para>Mutu uoso uoso uala ni ubinganu mu ku kuata mbandu ia ikoka ia mauenji ma atu a ixi i&#x00EA;. Ki kale muene muene mba ku londekesa atu engi a sole ni ufolo, ni akale ku polo.</para>
      </listitem>
      <listitem>
        <para>Mutu uoso uoso uala ni kutena kua kubanda mba kubixila mu kutumina, se katungu mu kuendesa o kikalakalu kia atu a ixi i&#x00EA;.</para>
      </listitem>
      <listitem>
        <para>O kuandala kua ixi kuene o dikunji dia utuminu ua kutena kua ixi, kia tokala a izuelela mu kitangana kia kudisola mu kidi kioso ni ujitu. O kusola kua atumini a ixi ku kale u&#x00EA; mu itangana ia sokelela ni ibatu ia ngongo ioso, mu kutena, ni kikangu kia usueki mba uendelu ua maka udifuanganesa ni ufolo ua kubulula o kikangu kia kosola.</para>
      </listitem>
    </orderedlist>
  </article>
  <article number="22">
    <title>MAKUINHI AIADI NI KIADI</title>
    <para>Mutu uoso uoso se ua tokala mu kifuxi kia atu, ua tokala a mu kuatekesa ku kibuka kia akuatekisi a kionge. Ua fuamena mu kaxiaxi ka ujitu ku binga u&#x00EA;; ni amu zediuisa o ubinganu ua jimbongo, isangela , ifua ia mu tokala, se a mu bana o dikuatekesu dia nguzu ia akua, ixi i&#x00EA; ni kudibana kua jixi jengi kumoxi ni ibuka ni ma umvuama ma.</para>
  </article>
  <article number="23">
    <title>MAKUINHI AIADI NI KITATU</title>
    <orderedlist>
      <listitem>
        <para>Mutu uoso uoso kia mutokala o kikalakalu, o kusola o kikalakalu kiandala, o kusota o kiandala ku mufuta mu kikalakalu kia bange, ni ku mu kuatekesa o ku kala mu kikalakalu mu kitangana kioso</para>
      </listitem>
      <listitem>
        <para>Uoso uoso uala ni ubinganu se katungu ka kamukua. Ni akale ni kifutu kia tenena mu kikalakalu kia bange.</para>
      </listitem>
      <listitem>
        <para>Uoso u kalakala a mu bana o ubinganu ua kuambata o dilau die, nganhu ia tokala kumubangesa o kusanguluka ni kisangusangu mu kaxiaxi ka undandu u&#x00EA;, mu kutenena kua atu oso ala n&#x00EA;, mu kikexilu kia mutu mu ngongo si akitena u&#x00EA; kukibangela mu ikoka ioso ia iuka ku dikuatekesu mu kisangela kia ixi.</para>
      </listitem>
      <listitem>
        <para>Mutu uoso uoso uala ni ubinganu ua kubanga kibuka kitena kumukuatekesa, ukale muene ng&#x00F3; mba nia`kua, mba kudidiumba mu kibuka kio bange kia, ni ki kale o ifikidilu di tena kumu bangela mu ikalakalu ia bange ni ia mesena kubanga.</para>
      </listitem>
    </orderedlist>
  </article>
  <article number="24">
    <title>MAKUINHI AIADI NI KIUANA</title>
    <para>Mutu uoso uoso uala ni ubinganu ua ku nioha mu ikalakalu ioso. Uala u&#x00EA; ni kibatu kia tokala kubanga ni kuzubidisa. Kiamutokala dingi o kukemba o izua ia kunhoha ni a mufute naiu u&#x00EA;.</para>
  </article>
  <article number="25">
    <title>MAKUINHI AIADI NI KITANU</title>
    <orderedlist>
      <listitem>
        <para>Mutu uoso uoso uala ni ubinganu ua kukala ni ditala di&#x00EA; dia tenena mu mueniu, ne atena kukuatekesa o jindandu je, mu kudisansa mba mu ekexilu ua uaba, mu ma kudia , kukata a mu saka, mu imbamba ioso, mu kikalakalu kia kisangela kia ixi, uala u&#x00EA; ni ubinganu ua dikuatekesu se ua kambe kikalakalu, nembe ua kate, se ua biti ni kizangu, se ua fundu diala mba muhatu, se ua kuka, mba mu maka makamukua ma mu bangesa ku bixila mu ungadiama.</para>
      </listitem>
      <listitem>
        <para>O uvualukilu ni undenge uala u&#x00EA; ni ubinganu ua dikuatekesu ni ku ukuatela henda. Mona uoso uoso a mu vuala mu ukaza mba bu kanga dia ukaza, ene uoso ala ni dikuatekesu dia kisangela kia ixi, kana ku katungu.</para>
      </listitem>
    </orderedlist>
  </article>
  <article number="26">
    <title>MAKUINHI AIADI NI KISAMANU</title>
    <orderedlist>
      <listitem>
        <para>Mutu uoso uoso uala ni ubinganu ua kudilonga, o kudilonga ku kale kua kingoho, se ku futa, te kinu mutu abixile bu ditala dia kuijia kua dibandulukilu. O kubijila bu ditala dia dibandulukilu, aditumu mu kubixila diu ni lujiji, o kudilonga kua matenda mba ma ufunu, ku kale mu`atu oso. O ku bixila bu ditala dia kuijia kohonene, ku kale kua atu oso mu kusokela kutena ku` ambata mu kikalakalu kia mutokala.</para>
      </listitem>
      <listitem>
        <para>O kudilonga kuendi kuila kutala o kusansumuka kua ujitu ua mutu, ni kufikidila o ubinganu ua mutu, ni ufolo ua dimatekenu didi, ni atena ua kubanza kiambote o ku kuatela henda, o kala ni ukamba mu jixi jioso mu ngongo, mu ibuka ioso, kioso kikale o kikonda ki&#x00EA; mba nzambi i&#x00EA;, kia beta kuaba u&#x00EA; mu uendeselu ua ikalakalu ia kionge kia jixi mu ku bana o nguzu ia kusosuela o kutululuka kua mundu.</para>
      </listitem>
      <listitem>
        <para>O hivuadi a tenena u&#x00EA; ku sota mu ubinganu uoso mu ulongelu ua tuana tue kioso ni buoso buandala.</para>
      </listitem>
    </orderedlist>
  </article>
  <article number="27">
    <title>MAKUINHI AIADI NI KIASAMBUADI</title>
    <orderedlist>
      <listitem>
        <para>Mutu uoso uoso uala ni ubinganu ua tokala ni bandu mu muenhu ua ima ia muiji, ia diembu di&#x00EA;, se kumifikidila . Ua tokala u&#x00EA; kukala ni ufunu muaxaxi ka ixi i&#x00EA; ni kubanga o ikalakalu itena kuendesa o ixi ie ni ku bana o kubanduluka kua mbote kua tundu mu ikalakalu ia bange .</para>
      </listitem>
      <listitem>
        <para>Mutu uoso uala u&#x00EA; ni ubinganu ua dikuatekesu mu imbamba ia mesena, ni imbamba ia kuatenena mu kubanga nai&#x00FA;, ni kilunji ki&#x00EA;, ni kutanga mba mu ikalakalu ia uhete u&#x00EA;.</para>
      </listitem>
    </orderedlist>
  </article>
  <article number="28">
    <title>MAKUINHI IAIDI NI DINAKE</title>
    <para>Mutu uoso uoso uala ni ubinganu ua kuxinganeka kuila o dibanzelu didi dia kisangela, dia kusokelela kua ngongo ioso; dikale ni kitumu kimoxi kitena kubangesa o kunangenena o ubinganu uhu, ni ku bana o ufolo ua maka moso ma jihundu ja jixi jo okole mu mukanda i&#x00FA;.</para>
  </article>
  <article number="29">
    <title>MAKUINHI AIADI NI DIVUA</title>
    <orderedlist>
      <listitem>
        <para>Mutu uoso uoso ua tokala kubanga ni ujitu imbamba ia fuama ku uabesa o muiji u&#x00EA;. Se ulembua ku banga kiu, katen&#x00E9; ku kala ni ufolo ua kubixila mu kudilonga kua matunda mba ki mufudisa ku kala ni ditala dionene mu kuijia ku&#x00EA; .</para>
      </listitem>
      <listitem>
        <para>Mu kikalakalu kia ubinganu uoso, ni mu kutana kua ufolo i&#x00FA;, kala ku mutu u kambe o kukumbidila o ijila ihi. Kia tokala atu uoso a kale mu jimbambe ja kutumaka o ibatu ioso ihi iala kutubana o kuijia kua dikota, ni ku tulonga o kukuata o ujitu ua ubinganu ni ufolo ua akuetu, ni ku bana o kisangusangu mu kuzediua kuoso kua bindamena akuetu mu ujitu ua kubang`ombote ni kuxisa o kiahiba, ni kubana dizui dia kituminu kua atu uoso, ni ku kala kuambote mu kisangela kia atu oso abulule.</para>
      </listitem>
      <listitem>
        <para>Kanaku kima, maka, mba imbamba itenesu ku tobesa mba kukatula ma ubinganu mo bange ni ufolo ua kijimbueti kiki. Mene moso a mabange mu dimatekenu dia kionge kia jixi joso mu ngongo . Kanu ku mutu a ditune mu mba ku lua jipata .</para>
      </listitem>
    </orderedlist>
  </article>
  <article number="30">
    <title>MAKUINHI ATATU</title>
    <para>Kanaku utundilu ua kamukua uambote, ukexilu mba kidifua kibangesa o kikoue kiki a kitetulele mu ku kuandala kua nguvuhu ioso ioso, kibuka mba mutu umoxi. Kanaku u&#x00EA; mutu uala ni kutena kua kubanga kioso kioso ni muxima ua kukatula mbote ia kaiula ka ubinganu ni ufolo uala mu kikoe&#x00EA; kiki.</para>
  </article>
</udhr>



 