<?xml version="1.0" encoding="UTF-8"?>

<!--© The Office of the High Commisioner for Human Rights-->

<udhr iso639-3='hil' xml:lang='hil' key='hil' n='Hiligaynon' xmlns="http://www.unhchr.ch/udhr">
   <title>ANG KALIBUTANON NGA PAHAYAG SANG MGA KATARUNGANG PANGKATAOHAN</title>
   <preamble>
      <title>[Preamble]</title>
      <para>Tungod kay ang pagkilala sang duna nga dungog kag ang alalangay kag di madula nga mga katarungan sang tanan nga lahi sang tao amo ang pundasyon sang kahilwayan, katarungan kag kalinong sang kalibutan.</para>
      <para>Tungod kay ang pagpabaya kag paghamak sa mga katarungang pangkataohan ngabunga sang mga kalapastangan nga labag sa konsyensya sang kataohan, kag ang pag-abot sang isa ka kalibutan nga maangkon sang mga tao ang kahilwayan sa paghambal kag pagsalig kag ang kaluwasan sa kahadlok kag kabudlayan nga ginpahayag ang pinakamataas nga handum sang kinaandan nga tao.</para>
      <para>Tungod kay ini isa ka malahalon, agod ang tao indi mapilitan nga magpamatok tuhoy sa kalupitan kag pagpigos, nga ang mga katarungang pangkataohan dapat amligan paagi sa kasuguan.</para>
      <para>Tungod kay pinakamalahalon nga pasanyugon ang paghanas sang malapit nga kaangtanan sang mga pungsod.</para>
      <para>Tungod kay ang mga pumuluyo sang Mga Naghiliusa nga Pungsod nagapamatuod sa ilang Karta sang ila pagtuo sa nagapanguna nga mga katarungang pangkataohan, sa dungog kag kabilinggan sang pagkatao kag sa alalangay nga katarungan sang kalalakihan kag kababaihan kag ginpat-od nga pasanyugon ang kauswagan sang pangkatilingban kag ang maayo nga estandard sang pangabuhi nga lubos nga mahilway.</para>
      <para>Tungod kay ang mga Miyembro nga Estado nangako nga magbinuligay sa Mga Naghiliusa nga Pungsod, nga tinguhaon nga maangkon ang pagpasanyog sa pagtahod kag pagtuman sang tanan nga mga katarungang pangkataohan kag sa nagapanguna nga kahilwayan.</para>
      <para>Tungod kay malahalon nga mahangpan sang tanan nga ang katarungan kag kahilwayan nga ini agod lubos nga matuman ang pangako nga ini.</para>
      <para>Tungod sini, Ginapahayag sang Bug-os nga Asemblea ining Kalibutanon nga Pahayag sang mga Katarungang Pangkataohan bilang isa ka bug-os nga pagsulondan sa kadalag-an para sa tanan nga tao kag sa tanan nga pungsod, sa katuyuan sang tanan nga tao kag sa tanan nga bahin sang katilingban, nga itanum sa ila hunahuna ang Pahayag nga ini, dapat magtinguha paagi sa pagtudlo kag pagtuon nga ipasanyog ang pagtahod sa mga katarungan kag kahilwayan nga ini kag paagi sa maayo nga tikang, pungsudnon kag pangkalibutanon man, dapat pat-uron ang kalibutanon kag mabungahon nga pagtamod kag pagtuman sa mga ini, sa mga pumuluyo nga mismo nga Miyembro sang Estado kag sa mga pumuluyo sang mga teritoryo nga ginasakupan nila.</para>
   </preamble>
   <article number="1">
      <title>Artikulo 1</title>
      <para>Ang tanan nga tao ginbun-ag nga hilway kag may pag-alalangay sa dungog kag katarungan. Sila ginhatagan sang pagpamat-od kag konsensya kag nagakadapat nga magbinuligay sa kahulugan sang pag-inuturay.</para>
   </article>
   <article number="2">
      <title>Artikulo 2</title>
      <para>Ang tagsa tagsa may ara nga katarungan sang tanan nga katarungan kag kahilwayan nga gintakda sa Pahayag nga ini, nga wala sing pagkaiba sa lahi, kolor, sari, hambal, relihiyon, pulitikal ukon iban pa nga opinyon, ginhalinan nga pungsod ukon katilingban, pagkabutang, ginnun-ag ukon iban pa nga kahimtangan.</para>
      <para>Dugang pa diri, wala sing pagkaiba nga ipatuman tuhoy sa kahimtangang pulitikal, hurisdiksyunal ukon internasyonal nga pungsod ukon teritoryo nga ginasakupan sang isa ka tao, ini man nagakinaugalingon, nagasalig, wala nagakinaugalingon ukon sa idalom sang iban pa nga takda sang pagdumala.</para>
   </article>
   <article number="3">
      <title>Artikulo 3</title>
      <para>Ang kada isa may katarungan nga mabuhi, mangin hilway kag seguridad bilang isa ka tao.</para>
   </article>
   <article number="4">
      <title>Artikulo 4</title>
      <para>Wala sing sin-o man nga mangin ulipon ukon busabos; ginadumilian ang tanan nga klasi sang pagpaulipon kag pagpanguarta sa ulipon.</para>
   </article>
   <article number="5">
      <title>Artikulo 5</title>
      <para>Wala sing sin-o man nga magpaidalom sa lubos nga pagsakit ukon pagpintas, di makatao ukon manubo nga pagtrato ukon pagsilot.</para>
   </article>
   <article number="6">
      <title>Artikulo 6</title>
      <para>Sa tangsa ka tao may katarungan nga kilalahon sa bisan diin, bilang isa ka tao sa atubangan sang kasuguan.</para>
   </article>
   <article number="7">
      <title>Artikulo 7</title>
      <para>Ang tanan may pag-alalangay sa atubangan sang kasuguan kag may katarungan sa pag-alalangay nga proteksyon sang kasuguan nga wala sing pagpasulabi. Ang tanan may katarungan sa pag-alalangay nga proteksyon batok sa ano man nga pagpasulabi nga labag sa Pahayag nga ini kag batok sa ano man nga pagsulsol sa sina nga pagpasulabi.</para>
   </article>
   <article number="8">
      <title>Artikulo 8</title>
      <para>Ang tagsa tagsa may katarungan sa mabungahon nga paghusga sang Nagakaigo nga pungsudnon nga hukmanan tuhoy sa mga bulohaton nga nagalabag sa mga nahauna nga katarungan nga ginhatag sa iya sang konstitusyon ukon sang kasuguan.</para>
   </article>
   <article number="9">
      <title>Artikulo 9</title>
      <para>Wala sing sin-o man nga magpaidalom sa di matarong nga pagdakop, pagkulong ukon pagpasaylo sa iban nga duog.</para>
   </article>
   <article number="10">
      <title>Artikulo 10</title>
      <para>Ang tagsa tagsa may bug-os nga pag-alalangay nga katarungan sa matarong kag hayag nga pagbista sang isa ka hilway kag wala sing ginadampigan nga hukmanan, sa pagpat-od sang iya mga katarungan kag obligasyon kag sa ano man nga sumbong kriminal batok sa iya.</para>
   </article>
   <article number="11">
      <title>Artikulo 11</title>
      <orderedlist>
         <listitem>
            <para>Ang tagsa tagsa nga akusado sang kasal-anan nga masilotan may katarungan nga kabigon nga wala sing kasal-anan tubtob nga indi mapamatud-an nga nagkasala suno sa kasuguan sa isa ka hayag nga pagbista nga angkon niya ang tanan nga garantiya nga kinahanglan sa iya nga pagpangapin.</para>
         </listitem>
         <listitem>
            <para>Wala sing sin-o man nga hukman ang nagkasala sang ano man nga kasal-anan nga pagasilotan tungod sa ano man nga ginhimo ukon pagkulang nga indi ginakabig nga pagkasala nga masilotan, sa idalom sang kasuguang pungsudnon ukon pangkalibutan, sadtong ginhimo ina. Kag indi man dapat dugangan sing mas mabug-at nga silot sangsa ginadugang sadtong ginhimo ang pagkasala nga pagasilotan.</para>
         </listitem>
      </orderedlist>
   </article>
   <article number="12">
      <title>Artikulo 12</title>
      <para>Wala sing sin-o man nga magpaidalom sa di matarong nga pagpasilabot sa iya kaugalingon, pamilya, puluy-an ukon mga sulat, ukon pagpahamak sa iya dungog kag ngalan. Ang tagsa tagsa may katarungan sa proteksyon sang kasuguan batok sa sina nga pagpasilabot ukon paghamak.</para>
   </article>
   <article number="13">
      <title>Artikulo 13</title>
      <orderedlist>
         <listitem>
            <para>Ang tagsa tagsa may katarungan sa kahilwayan nga magsaylo kag magpuyo sa sulod sang nasakupan sa tagsa ka Estado.</para>
         </listitem>
         <listitem>
            <para>Ang tagsa tagsa may katarungan nga maghalin sa bisan diin nga pungsod, mangin sa kaugalingon nga pungsod, kag magbalik sa iya pungsod.</para>
         </listitem>
      </orderedlist>
   </article>
   <article number="14">
      <title>Artikulo 14</title>
      <orderedlist>
         <listitem>
            <para>Ang tagsa tagsa may katarungan nga mangayo kag magbaton sang asaylum sa iban nga pungsod tungod sa pag-api.</para>
         </listitem>
         <listitem>
            <para>Ang katarungan nga ini indi maggamit kon ang pag-api hungod nga bunga sang mga pagkasala nga di pulitikal ukon mga binuhatan batok sa mga katuyuan kag pagsulondan sang Mga Naghiliusa nga Pungsod.</para>
         </listitem>
      </orderedlist>
   </article>
   <article number="15">
      <title>Artikulo 15</title>
      <orderedlist>
         <listitem>
            <para>Ang tagsa tagsa may katarungan sa pagkabanwahanon.</para>
         </listitem>
         <listitem>
            <para>Wala sing sin-o man nga di makatarungan nga kuhaon ang iya pagkabanwahanon ukon punggan ang katarungan nga magbaylo sang iya pagkabanwahanon.</para>
         </listitem>
      </orderedlist>
   </article>
   <article number="16">
      <title>Artikulo 16</title>
      <orderedlist>
         <listitem>
            <para>Ang mga kalalakihan kag kababaihan nga sa husto nga edad, wala sing limitasyon nga lahi, pagkabanwahanon, may katarungan nga magpangasawa kag mag-angkon sang pamilya, sila may pag-alalangay nga katarungan sa kasal, tubtob magpangasawa kag pagdula sang saysay sina.</para>
         </listitem>
         <listitem>
            <para>Ang kasal dapat himuon lamang sa hilway kag bug-os nga pagpasugot sang mga ikasal.</para>
         </listitem>
         <listitem>
            <para>Ang pamilya duna kag sulondan nga bahin sang katilingban kag may katarungan sa proteksyon sang katilingban kag sang Estado.</para>
         </listitem>
      </orderedlist>
   </article>
   <article number="17">
      <title>Artikulo 17</title>
      <orderedlist>
         <listitem>
            <para>Ang tagsa tagsa may katarungan nga magpanag-iya sang pagkabutang sing isahanon kag kaupod ang iban.</para>
         </listitem>
         <listitem>
            <para>Wala sing sin-o man ang di matarong nga kuhaan sang mga pagkabutang.</para>
         </listitem>
      </orderedlist>
   </article>
   <article number="18">
      <title>Artikulo 18</title>
      <para>Ang tagsa tagsa may katarungan sa kahilwayan sang panghunahuna, konsyensya kag relihiyon, lakip sa katarungan nga ini ang kahilwayan nga magbaylo sang iya relihiyon ukon pagtuo, kag ang kahilwayan, mag-isa man ukon kaupod sang iban kag sa publiko ukon pribado, nga ipaathag ang iya relihiyon ukon pagtuo sa pagtudlo, pagbuhat, pagsimba kag pagsaulog.</para>
   </article>
   <article number="19">
      <title>Artikulo 19</title>
      <para>Ang tagsa tagsa may katarungan sa kahilwayan nga magsiling sa kabubut-on kag pagpahayag, lakip sa katarungan nga ini ang kahilwayan nga panindugan sang mga kabubut-on nga wala sing magpasilabot kag mangita, magbaton kag magdala sang impormasyon kag ideya paagi sa bisan ano nga media nga wala ginakabig ang mga dulonan.</para>
   </article>
   <article number="20">
      <title>Artikulo 20</title>
      <orderedlist>
         <listitem>
            <para>Ang tagsa tagsa may katarungan sa kahilwayan sa malinong nga pagtililipon kag paghiliupod.</para>
         </listitem>
         <listitem>
            <para>Wala sing sin-o man nga dapat piliton nga magpasakop sa isa ka asosasyon.</para>
         </listitem>
      </orderedlist>
   </article>
   <article number="21">
      <title>Artikulo 21</title>
      <orderedlist>
         <listitem>
            <para>Ang tagsa tagsa may katarungan nga magpakigbahin sa gobyierno sa iya pungsod, matarong man ukon paagi sa hilway nga pagpili sang mga tiglawas.</para>
         </listitem>
         <listitem>
            <para>Ang tagsa tagsa may katarungan sa alalangay nga pagserbisyo publiko sa iya pungsod.</para>
         </listitem>
         <listitem>
            <para>Ang pagbuot sang pulumuyo dapat mangin basihan sa gahom sang gobyierno, ang pagbuot nga ini dapat ipahayag paagi sa panahon kag matuod nga pagpiniliay nga sa paagi sa kabug-osan kag alalangay nga pagboto kag pagahimuon paagi sa sekreto nga pagboto ukon paagi sa katapat sa hilway nga paagi sang pagboto.</para>
         </listitem>
      </orderedlist>
   </article>
   <article number="22">
      <title>Artikulo 22</title>
      <para>Ang tagsa tagsa, subong nga miyembro sang katilingban may katarungan sa kapag-onan sang katilingban kag may katarungan sa katumanan, paagi sa pagpaninguha sang pungsod kag sa pagbinuligay sang pangkalibutan kag suno sa organisasyon kag manggad sang tagsa ka Estado, sang mga katarungang ekonomiko, pangkatilingban kag kultural nga ginakinahanglan sang ina nga dungog kag hilway nga pag-uswag sang iya kataohan.</para>
   </article>
   <article number="23">
      <title>Artikulo 23</title>
      <orderedlist>
         <listitem>
            <para>Ang tagsa tagsa may atarungan nga magtrabaho, hilway magpili sang pangabuhian, matarong kag maayo nga kahimtangan sa pagtrabaho kag proteksyon batok sa wala sing trabaho.</para>
         </listitem>
         <listitem>
            <para>Ang tagsa tagsa, wala sing bisan ano nga discriminasyon, dapat may katarungan sa suweldo nga katumbas sa iya nga bulohaton.</para>
         </listitem>
         <listitem>
            <para>Ang tagsa tagsa nga nagtrabaho may katarungan sa matarong kag husto nga bayad nga ginapat-od sa iya kaugalingon kag sa iya pamilya sa pagpangabuhi sing matarong, dugang pa, kon ginakinahanglan, ang iban pa nga pamaagi sang proteksyon pangkatilingban.</para>
         </listitem>
         <listitem>
            <para>Ang tagsa tagsa may katarungan nga magtukod kag magpasakop sa mga unyon sa paghimo para sa pag-amlig sa iya kaayuhan.</para>
         </listitem>
      </orderedlist>
   </article>
   <article number="24">
      <title>Artikulo 24</title>
      <para>Ang tagsa tagsa may katarungan nga magpahuway kag maglingaw, lakip ang makatarungan nga takda sa oras sang trabaho kag panahon sang mga pista opisyal nga may suweldo.</para>
   </article>
   <article number="25">
      <title>Artikulo 25</title>
      <orderedlist>
         <listitem>
            <para>Ang tagsa tagsa may katarungan sa tulopngan sang pangabuhi nga tuman para sa kaayuhan sang lawas kag pag-ayo sang iya kaugalingon kag sang iya pamilya, lakip ang pagkaon, biste, pagpabalay kag pag-amlig sa pagpabulong kag mga ginakinahanglan ang pagserbisyosa katilingban, kag may katarungan sa seguridad kon mawalan sang trabaho, magkasakit, mangin inutil, mabalo, magtigulang, ukon mawalan sang palangabuhian kon mag-abot ang mga hitabo nga indi niya ginapaabot.</para>
         </listitem>
         <listitem>
            <para>Ang mga nanay kag kabataan may katarungan sa pinasahi nga pagtatap kag pagbulig. Ang tanan nga kabataan, kasal man ukon indi ang ginikanan, dapat makaangkon sang pare-pareho nga proteksyon sang pangkatilingban.</para>
         </listitem>
      </orderedlist>
   </article>
   <article number="26">
      <title>Artikulo 26</title>
      <orderedlist>
         <listitem>
            <para>Ang tagsa tagsa may katarungan sa edukasyon,. Ang edukasyon dapat nga libre, bisan sa elementarya man lamang kag sa nahauna nga halintang. Ang edukasyong elementarya dapat nga kompulsaryo. Ang edukasyon teknikal kag propesyunal dapat itigana sa tanan kag ang mas mataas nga edukasyon dapat pareho nga maangkon sang tanan suno sa merito.</para>
         </listitem>
         <listitem>
            <para>Ang edukasyon dapat ituon sa lubos nga pag-uswag sang kataohan kag sa pagpabakod sang pagtahod sa mga katarungang pangkataohan kag sa mga pundasyon sang kahilwayan. Ipasanyog ini ang paghinangpanay, pagpaumod kag pag-inabyanay sa tanan nga pungsod, mga grupo suno sa lahi ukon relihiyon, kag pauswagon ang mga hilikuton sang Mga Naghiliusa nga Pungsod para magapabilin ang kahilwayan.</para>
         </listitem>
         <listitem>
            <para>Ang nahauna nga katarungan sang mga ginikanan amo ang pagpili sang klasi nga edukasyon nga ihatag sa ila mga kabataan.</para>
         </listitem>
      </orderedlist>
   </article>
   <article number="27">
      <title>Artikulo 27</title>
      <orderedlist>
         <listitem>
            <para>Ang tagsa tagsa may katarungan nga hilway sa pagpakigbahin sa hilikuton nga pangkultura sang komunidad, maghinuyang sang mga arte kag makigbahin sa pagpauswag nga pang-siyentipiko kag sa mga benepisyo sini.</para>
         </listitem>
         <listitem>
            <para>Ang tagsa tagsa may katarungan sa proteksyon sang interes nga moral kag materyal nga gikan sa produksyon siyentipiko, literal ukon artistiko nga sinulat niya.</para>
         </listitem>
      </orderedlist>
   </article>
   <article number="28">
      <title>Artikulo 28</title>
      <para>Ang tagsa tagsa may katarungan sa kaayuhan sang pangkatilingban kag pangkalibutan nga ang mga katarungan kag kahilwayan nga gintakda sa Pahayag nga ini dapat lubos nga maangkon.</para>
   </article>
   <article number="29">
      <title>Artikulo 29</title>
      <orderedlist>
         <listitem>
            <para>Ang tagsa tagsa may mga katungdanan sa komunidad nga ginatahod ang hilway kag lubos nga pag-uswag sang iya katauhan.</para>
         </listitem>
         <listitem>
            <para>Sa pagtuman sang iya mga katarungan kag kahilwayan, ang tagsa tagsa magapaidalom lamang sa mga katakdaan nga gintakda sang kasuguan agod maangkon ang nagakaigo nga pagkilala kag pagtahod sa mga katarungan kag kahilwayan sang iban kag mahatagan ang makatarungan nga mga kinahanglanon nga moralidad, kaayuhan sang publiko kag kabug-osan nga kaayuhan sa isa ka demokratikong katilingban.</para>
         </listitem>
         <listitem>
            <para>Ang mga katarungan kag kahilwayan nga ini indi dapat magamit nga batok sa mga katuyuan kag pagsulondan sang Mga Naghiliusa nga Pungsod.</para>
         </listitem>
      </orderedlist>
   </article>
   <article number="30">
      <title>Artikulo 30</title>
      <para>Wala sing ano man nga bahin sa Pahayag nga ini nga mahimo kabigon nga nagpakahulugan sa ano man nga Estado, grupo ukon tao, sang katarungan nga magpakigbahin sa ano man nga hilikuton ukon hulag nga nagahandum sa pagguba sang ano man nga katarungan kag kahilwayan nga gintakda diri sini.</para>
   </article>
</udhr>